audio_path,queen_status,queen_presence,hive_number,device,datetime,hive_temp,hive_humidity,class_name
../archive/sound_files/sound_files/2022-06-25--11-42-48_2__segment1.wav,0,1,1,2,2022-06-25 11:42:48,37.73,26.85,Queenright
../archive/sound_files/sound_files/2022-07-12--15-12-56_2__segment2.wav,3,1,1,2,2022-07-12 15:12:56,32.89,29.52,Queen_Accepted
../archive/sound_files/sound_files/2022-06-29--21-55-24_2__segment3.wav,2,1,1,2,2022-06-29 21:55:24,20.08,33.48,Queen_New
../archive/sound_files/sound_files/2022-07-04--20-52-03_2__segment0.wav,3,1,1,2,2022-07-04 20:52:03,24.03,44.74,Queen_Accepted
../archive/sound_files/sound_files/2022-07-03--14-09-50_2__segment1.wav,3,1,1,2,2022-07-03 14:09:50,34.13,28.77,Queen_Accepted
../archive/sound_files/sound_files/2022-07-10--01-47-45_2__segment0.wav,3,1,1,2,2022-07-10 1:47:45,17.36,43.66,Queen_Accepted
../archive/sound_files/sound_files/2022-07-03--22-07-30_2__segment5.wav,3,1,1,2,2022-07-03 22:07:30,18.37,34.11,Queen_Accepted
../archive/sound_files/sound_files/2022-06-24--15-58-28_2__segment3.wav,0,1,1,2,2022-06-24 15:58:28,34.42,26.91,Queenright
../archive/sound_files/sound_files/2022-07-03--08-14-28_2__segment0.wav,3,1,1,2,2022-07-03 8:14:28,23.09,36.99,Queen_Accepted
../archive/sound_files/sound_files/2022-07-05--10-50-37_2__segment1.wav,3,1,1,2,2022-07-05 10:50:37,46.88,24.73,Queen_Accepted
../archive/sound_files/sound_files/2022-07-07--14-18-57_2__segment2.wav,3,1,1,2,2022-07-07 14:18:57,35.23,25.3,Queen_Accepted
../archive/sound_files/sound_files/2022-06-16--02-17-07_2__segment4.wav,0,1,1,2,2022-06-16 2:17:07,18.86,34.28,Queenright
../archive/sound_files/sound_files/2022-07-05--03-54-55_2__segment2.wav,3,1,1,2,2022-07-05 3:54:55,21.05,48.32,Queen_Accepted
../archive/sound_files/sound_files/2022-07-08--17-08-46_2__segment0.wav,3,1,1,2,2022-07-08 17:08:46,29.23,38.06,Queen_Accepted
../archive/sound_files/sound_files/2022-07-10--16-38-56_2__segment5.wav,3,1,1,2,2022-07-10 16:38:56,35.06,22.36,Queen_Accepted
../archive/sound_files/sound_files/2022-06-16--10-12-01_2__segment1.wav,0,1,1,2,2022-06-16 10:12:01,46.54,16.59,Queenright
../archive/sound_files/sound_files/2022-07-11--01-31-46_2__segment4.wav,3,1,1,2,2022-07-11 1:31:46,19.74,43.84,Queen_Accepted
../archive/sound_files/sound_files/2022-06-26--21-39-11_2__segment5.wav,1,0,1,2,2022-06-26 21:39:11,20.47,41.57,Queenless
../archive/sound_files/sound_files/2022-07-07--01-27-48_2__segment4.wav,3,1,1,2,2022-07-07 1:27:48,19.8,43.08,Queen_Accepted
../archive/sound_files/sound_files/2022-07-06--06-40-12_2__segment3.wav,3,1,1,2,2022-07-06 6:40:12,21.38,46.34,Queen_Accepted
../archive/sound_files/sound_files/2022-06-25--20-00-05_2__segment5.wav,1,0,1,2,2022-06-25 20:00:05,25.02,35.65,Queenless
../archive/sound_files/sound_files/2022-06-27--05-32-42_2__segment5.wav,1,0,1,2,2022-06-27 5:32:42,20.99,41.18,Queenless
../archive/sound_files/sound_files/2022-06-26--03-53-30_2__segment3.wav,1,0,1,2,2022-06-26 3:53:30,18.24,40.26,Queenless
../archive/sound_files/sound_files/2022-07-04--07-00-21_2__segment2.wav,3,1,1,2,2022-07-04 7:00:21,21.7,36.69,Queen_Accepted
../archive/sound_files/sound_files/2022-06-26--13-46-18_2__segment4.wav,1,0,1,2,2022-06-26 13:46:18,42.36,17.97,Queenless
../archive/sound_files/sound_files/2022-07-07--21-15-59_2__segment4.wav,3,1,1,2,2022-07-07 21:15:59,20.9,36.76,Queen_Accepted
../archive/sound_files/sound_files/2022-06-16--10-12-01_2__segment3.wav,0,1,1,2,2022-06-16 10:12:01,46.54,16.59,Queenright
../archive/sound_files/sound_files/2022-07-04--19-52-59_2__segment0.wav,3,1,1,2,2022-07-04 19:52:59,26.55,38.84,Queen_Accepted
../archive/sound_files/sound_files/2022-06-24--14-59-22_2__segment1.wav,0,1,1,2,2022-06-24 14:59:22,35.06,25.9,Queenright
../archive/sound_files/sound_files/2022-06-24--15-58-28_2__segment5.wav,0,1,1,2,2022-06-24 15:58:28,34.42,26.91,Queenright
../archive/sound_files/sound_files/2022-07-04--02-04-13_2__segment5.wav,3,1,1,2,2022-07-04 2:04:13,17.8,34.25,Queen_Accepted
../archive/sound_files/sound_files/2022-06-15--08-32-07_2__segment2.wav,0,1,1,2,2022-06-15 8:32:07,37.82,27.19,Queenright
../archive/sound_files/sound_files/2022-06-27--15-16-06_2__segment2.wav,1,0,1,2,2022-06-27 15:16:06,33.24,26.21,Queenless
../archive/sound_files/sound_files/2022-06-24--20-53-47_2__segment5.wav,0,1,1,2,2022-06-24 20:53:47,25.31,38.76,Queenright
../archive/sound_files/sound_files/2022-07-09--06-58-12_2__segment4.wav,3,1,1,2,2022-07-09 6:58:12,19.67,43.19,Queen_Accepted
../archive/sound_files/sound_files/2022-07-11--08-28-20_2__segment4.wav,3,1,1,2,2022-07-11 8:28:20,37.45,35.05,Queen_Accepted
../archive/sound_files/sound_files/2022-06-27--09-22-28_2__segment3.wav,1,0,1,2,2022-06-27 9:22:28,37.83,34.44,Queenless
../archive/sound_files/sound_files/2022-07-14--13-01-08_2__segment2.wav,3,1,1,2,2022-07-14 13:01:08,47.59,14.63,Queen_Accepted
../archive/sound_files/sound_files/2022-06-29--18-58-09_2__segment1.wav,2,1,1,2,2022-06-29 18:58:09,25.12,30.95,Queen_New
../archive/sound_files/sound_files/2022-07-08--20-08-46_2__segment0.wav,3,1,1,2,2022-07-08 20:08:46,23.42,37.2,Queen_Accepted
../archive/sound_files/sound_files/2022-07-12--06-20-44_2__segment5.wav,3,1,1,2,2022-07-12 6:20:44,18.47,47.31,Queen_Accepted
../archive/sound_files/sound_files/2022-07-03--19-10-34_2__segment4.wav,3,1,1,2,2022-07-03 19:10:34,23.02,35.64,Queen_Accepted
../archive/sound_files/sound_files/2022-06-27--01-35-57_2__segment2.wav,1,0,1,2,2022-06-27 1:35:57,18.54,39.48,Queenless
../archive/sound_files/sound_files/2022-07-06--08-38-42_2__segment0.wav,3,1,1,2,2022-07-06 8:38:42,24.75,45.41,Queen_Accepted
../archive/sound_files/sound_files/2022-07-15--13-25-58_2__segment1.wav,3,1,1,2,2022-07-15 13:25:58,45.83,15.36,Queen_Accepted
../archive/sound_files/sound_files/2022-06-27--18-13-28_2__segment1.wav,1,0,1,2,2022-06-27 18:13:28,30.71,27.77,Queenless
../archive/sound_files/sound_files/2022-07-03--05-16-49_2__segment3.wav,3,1,1,2,2022-07-03 5:16:49,20.59,34.48,Queen_Accepted
../archive/sound_files/sound_files/2022-07-09--20-52-10_2__segment5.wav,3,1,1,2,2022-07-09 20:52:10,21.95,44.67,Queen_Accepted
../archive/sound_files/sound_files/2022-06-30--08-46-38_2__segment3.wav,2,1,1,2,2022-06-30 8:46:38,27.36,39.05,Queen_New
../archive/sound_files/sound_files/2022-06-15--07-32-56_2__segment0.wav,0,1,1,2,2022-06-15 7:32:56,28.26,31.72,Queenright
../archive/sound_files/sound_files/2022-07-12--04-22-20_2__segment2.wav,3,1,1,2,2022-07-12 4:22:20,18.28,47.01,Queen_Accepted
../archive/sound_files/sound_files/2022-06-28--20-28-09_2__segment3.wav,2,1,1,2,2022-06-28 20:28:09,24.21,31.7,Queen_New
../archive/sound_files/sound_files/2022-06-15--23-19-48_2__segment5.wav,0,1,1,2,2022-06-15 23:19:48,19.13,24.49,Queenright
../archive/sound_files/sound_files/2022-07-07--21-15-59_2__segment1.wav,3,1,1,2,2022-07-07 21:15:59,20.9,36.76,Queen_Accepted
../archive/sound_files/sound_files/2022-06-15--14-27-39_2__segment3.wav,0,1,1,2,2022-06-15 14:27:39,36.07,21.25,Queenright
../archive/sound_files/sound_files/2022-06-15--22-20-36_2__segment4.wav,0,1,1,2,2022-06-15 22:20:36,19.15,25.71,Queenright
../archive/sound_files/sound_files/2022-06-25--08-44-24_2__segment0.wav,0,1,1,2,2022-06-25 8:44:24,28.12,41.77,Queenright
../archive/sound_files/sound_files/2022-07-08--02-13-18_2__segment1.wav,3,1,1,2,2022-07-08 2:13:18,17.46,38.83,Queen_Accepted
../archive/sound_files/sound_files/2022-07-13--00-08-52_2__segment2.wav,3,1,1,2,2022-07-13 0:08:52,19.06,46.28,Queen_Accepted
../archive/sound_files/sound_files/2022-07-09--20-52-10_2__segment2.wav,3,1,1,2,2022-07-09 20:52:10,21.95,44.67,Queen_Accepted
../archive/sound_files/sound_files/2022-07-03--04-17-36_2__segment1.wav,3,1,1,2,2022-07-03 4:17:36,20.56,34.4,Queen_Accepted
../archive/sound_files/sound_files/2022-06-26--00-55-53_2__segment1.wav,1,0,1,2,2022-06-26 0:55:53,19.34,39.6,Queenless
../archive/sound_files/sound_files/2022-07-03--08-14-28_2__segment2.wav,3,1,1,2,2022-07-03 8:14:28,23.09,36.99,Queen_Accepted
../archive/sound_files/sound_files/2022-06-25--04-47-09_2__segment0.wav,0,1,1,2,2022-06-25 4:47:09,21.09,36.26,Queenright
../archive/sound_files/sound_files/2022-07-11--00-32-00_2__segment0.wav,3,1,1,2,2022-07-11 0:32:00,20.61,44.98,Queen_Accepted
../archive/sound_files/sound_files/2022-07-07--05-24-42_2__segment2.wav,3,1,1,2,2022-07-07 5:24:42,19.78,44.47,Queen_Accepted
../archive/sound_files/sound_files/2022-06-29--17-00-11_2__segment2.wav,2,1,1,2,2022-06-29 17:00:11,26.36,37.35,Queen_New
../archive/sound_files/sound_files/2022-07-10--22-33-37_2__segment2.wav,3,1,1,2,2022-07-10 22:33:37,22.6,43.54,Queen_Accepted
../archive/sound_files/sound_files/2022-06-15--17-24-59_2__segment2.wav,0,1,1,2,2022-06-15 17:24:59,27.84,26.83,Queenright
../archive/sound_files/sound_files/2022-06-30--07-47-14_2__segment2.wav,2,1,1,2,2022-06-30 7:47:14,22.82,42.49,Queen_New
../archive/sound_files/sound_files/2022-07-08--06-09-51_2__segment4.wav,3,1,1,2,2022-07-08 6:09:51,16.16,38.48,Queen_Accepted
../archive/sound_files/sound_files/2022-06-15--12-30-15_2__segment0.wav,0,1,1,2,2022-06-15 12:30:15,49.86,10.31,Queenright
../archive/sound_files/sound_files/2022-07-09--14-57-13_2__segment0.wav,3,1,1,2,2022-07-09 14:57:13,31.6,28.24,Queen_Accepted
../archive/sound_files/sound_files/2022-06-16--13-09-27_2__segment3.wav,0,1,1,2,2022-06-16 13:09:27,47.17,11.58,Queenright
../archive/sound_files/sound_files/2022-07-12--01-24-45_2__segment4.wav,3,1,1,2,2022-07-12 1:24:45,19.06,45.24,Queen_Accepted
../archive/sound_files/sound_files/2022-07-11--10-27-12_2__segment1.wav,3,1,1,2,2022-07-11 10:27:12,50.72,13.82,Queen_Accepted
../archive/sound_files/sound_files/2022-06-26--03-53-30_2__segment1.wav,1,0,1,2,2022-06-26 3:53:30,18.24,40.26,Queenless
../archive/sound_files/sound_files/2022-06-28--18-29-56_2__segment4.wav,2,1,1,2,2022-06-28 18:29:56,28.86,30.01,Queen_New
../archive/sound_files/sound_files/2022-07-03--16-08-07_2__segment0.wav,3,1,1,2,2022-07-03 16:08:07,27.56,33.38,Queen_Accepted
../archive/sound_files/sound_files/2022-07-10--22-33-37_2__segment5.wav,3,1,1,2,2022-07-10 22:33:37,22.6,43.54,Queen_Accepted
../archive/sound_files/sound_files/2022-07-10--11-43-06_2__segment3.wav,3,1,1,2,2022-07-10 11:43:06,52.58,11.23,Queen_Accepted
../archive/sound_files/sound_files/2022-07-06--11-36-55_2__segment2.wav,3,1,1,2,2022-07-06 11:36:55,42.4,26.67,Queen_Accepted
../archive/sound_files/sound_files/2022-07-09--06-58-12_2__segment5.wav,3,1,1,2,2022-07-09 6:58:12,19.67,43.19,Queen_Accepted
../archive/sound_files/sound_files/2022-07-09--14-57-13_2__segment3.wav,3,1,1,2,2022-07-09 14:57:13,31.6,28.24,Queen_Accepted
../archive/sound_files/sound_files/2022-06-27--15-16-06_2__segment1.wav,1,0,1,2,2022-06-27 15:16:06,33.24,26.21,Queenless
../archive/sound_files/sound_files/2022-06-28--08-14-40_2__segment5.wav,2,1,1,2,2022-06-28 8:14:40,33.75,37.4,Queen_New
../archive/sound_files/sound_files/2022-06-27--11-19-45_2__segment1.wav,1,0,1,2,2022-06-27 11:19:45,49.66,15.37,Queenless
../archive/sound_files/sound_files/2022-07-06--20-28-23_2__segment4.wav,3,1,1,2,2022-07-06 20:28:23,21.67,42.24,Queen_Accepted
../archive/sound_files/sound_files/2022-07-03--16-08-07_2__segment4.wav,3,1,1,2,2022-07-03 16:08:07,27.56,33.38,Queen_Accepted
../archive/sound_files/sound_files/2022-06-30--17-39-21_2__segment0.wav,2,1,1,2,2022-06-30 17:39:21,25.77,30.54,Queen_New
../archive/sound_files/sound_files/2022-06-29--07-19-04_2__segment4.wav,2,1,1,2,2022-06-29 7:19:04,23.38,33.83,Queen_New
../archive/sound_files/sound_files/2022-07-14--09-52-14_2__segment4.wav,3,1,1,2,2022-07-14 9:52:14,44.94,20.78,Queen_Accepted
../archive/sound_files/sound_files/2022-06-16--08-12-31_2__segment1.wav,0,1,1,2,2022-06-16 8:12:31,33.74,30.06,Queenright
../archive/sound_files/sound_files/2022-06-30--09-46-45_2__segment5.wav,2,1,1,2,2022-06-30 9:46:45,41.57,28.43,Queen_New
../archive/sound_files/sound_files/2022-07-04--09-58-25_2__segment3.wav,3,1,1,2,2022-07-04 9:58:25,40.42,27.3,Queen_Accepted
../archive/sound_files/sound_files/2022-06-15--05-32-54_2__segment3.wav,0,1,1,2,2022-06-15 5:32:54,18.69,26.58,Queenright
../archive/sound_files/sound_files/2022-07-11--06-28-05_2__segment2.wav,3,1,1,2,2022-07-11 6:28:05,17.9,42.76,Queen_Accepted
../archive/sound_files/sound_files/2022-07-03--02-19-13_2__segment5.wav,3,1,1,2,2022-07-03 2:19:13,20.76,35.58,Queen_Accepted
../archive/sound_files/sound_files/2022-06-25--04-47-09_2__segment1.wav,0,1,1,2,2022-06-25 4:47:09,21.09,36.26,Queenright
../archive/sound_files/sound_files/2022-07-07--11-20-34_2__segment3.wav,3,1,1,2,2022-07-07 11:20:34,48.39,19.94,Queen_Accepted
../archive/sound_files/sound_files/2022-07-07--17-16-34_2__segment2.wav,3,1,1,2,2022-07-07 17:16:34,28.78,32.1,Queen_Accepted
../archive/sound_files/sound_files/2022-07-06--18-30-44_2__segment0.wav,3,1,1,2,2022-07-06 18:30:44,26.96,34.53,Queen_Accepted
../archive/sound_files/sound_files/2022-07-12--10-18-46_2__segment3.wav,3,1,1,2,2022-07-12 10:18:46,46.26,23.11,Queen_Accepted
../archive/sound_files/sound_files/2022-07-09--21-51-33_2__segment5.wav,3,1,1,2,2022-07-09 21:51:33,20.34,45.53,Queen_Accepted
../archive/sound_files/sound_files/2022-06-24--22-52-03_2__segment5.wav,0,1,1,2,2022-06-24 22:52:03,23.01,37.17,Queenright
../archive/sound_files/sound_files/2022-06-29--06-19-34_2__segment3.wav,2,1,1,2,2022-06-29 6:19:34,19.05,31.05,Queen_New
../archive/sound_files/sound_files/2022-07-11--21-21-30_2__segment3.wav,3,1,1,2,2022-07-11 21:21:30,23.08,45.74,Queen_Accepted
../archive/sound_files/sound_files/2022-07-03--04-17-36_2__segment3.wav,3,1,1,2,2022-07-03 4:17:36,20.56,34.4,Queen_Accepted
../archive/sound_files/sound_files/2022-07-06--15-33-11_2__segment0.wav,3,1,1,2,2022-07-06 15:33:11,29.7,30.73,Queen_Accepted
../archive/sound_files/sound_files/2022-07-07--13-19-30_2__segment5.wav,3,1,1,2,2022-07-07 13:19:30,45.4,18.3,Queen_Accepted
../archive/sound_files/sound_files/2022-06-27--16-15-16_2__segment1.wav,1,0,1,2,2022-06-27 16:15:16,32.69,26.97,Queenless
../archive/sound_files/sound_files/2022-07-04--03-03-26_2__segment3.wav,3,1,1,2,2022-07-04 3:03:26,18.53,35.13,Queen_Accepted
../archive/sound_files/sound_files/2022-07-10--09-43-41_2__segment5.wav,3,1,1,2,2022-07-10 9:43:41,44.41,25.42,Queen_Accepted
../archive/sound_files/sound_files/2022-07-14--15-03-25_2__segment5.wav,3,1,1,2,2022-07-14 15:03:25,32.99,28.95,Queen_Accepted
../archive/sound_files/sound_files/2022-07-05--22-44-10_2__segment0.wav,3,1,1,2,2022-07-05 22:44:10,19.76,45.01,Queen_Accepted
../archive/sound_files/sound_files/2022-07-04--18-53-55_2__segment2.wav,3,1,1,2,2022-07-04 18:53:55,28.48,34.59,Queen_Accepted
../archive/sound_files/sound_files/2022-06-24--16-57-37_2__segment0.wav,0,1,1,2,2022-06-24 16:57:37,33.31,27.73,Queenright
../archive/sound_files/sound_files/2022-06-15--06-32-29_2__segment1.wav,0,1,1,2,2022-06-15 6:32:29,19.55,26.89,Queenright
../archive/sound_files/sound_files/2022-07-12--15-12-56_2__segment0.wav,3,1,1,2,2022-07-12 15:12:56,32.89,29.52,Queen_Accepted
../archive/sound_files/sound_files/2022-07-06--05-40-59_2__segment2.wav,3,1,1,2,2022-07-06 5:40:59,20.83,46.19,Queen_Accepted
../archive/sound_files/sound_files/2022-06-15--08-32-07_2__segment0.wav,0,1,1,2,2022-06-15 8:32:07,37.82,27.19,Queenright
../archive/sound_files/sound_files/2022-07-11--08-28-20_2__segment3.wav,3,1,1,2,2022-07-11 8:28:20,37.45,35.05,Queen_Accepted
../archive/sound_files/sound_files/2022-06-24--12-02-08_2__segment3.wav,0,1,1,2,2022-06-24 12:02:08,39.64,20.42,Queenright
../archive/sound_files/sound_files/2022-07-14--18-01-02_2__segment4.wav,3,1,1,2,2022-07-14 18:01:02,29.08,32.47,Queen_Accepted
../archive/sound_files/sound_files/2022-07-15--01-05-24_2__segment0.wav,3,1,1,2,2022-07-15 1:05:24,17.91,35.78,Queen_Accepted
../archive/sound_files/sound_files/2022-06-16--16-05-45_2__segment2.wav,0,1,1,2,2022-06-16 16:05:45,28.39,24.82,Queenright
../archive/sound_files/sound_files/2022-06-16--22-59-34_2__segment4.wav,0,1,1,2,2022-06-16 22:59:34,19.91,52.48,Queenright
../archive/sound_files/sound_files/2022-07-03--22-07-30_2__segment0.wav,3,1,1,2,2022-07-03 22:07:30,18.37,34.11,Queen_Accepted
../archive/sound_files/sound_files/2022-07-12--03-23-08_2__segment4.wav,3,1,1,2,2022-07-12 3:23:08,18.44,46.12,Queen_Accepted
../archive/sound_files/sound_files/2022-06-16--14-07-27_2__segment2.wav,0,1,1,2,2022-06-16 14:07:27,37.18,18.71,Queenright
../archive/sound_files/sound_files/2022-06-29--15-12-27_2__segment1.wav,2,1,1,2,2022-06-29 15:12:27,30.99,25.97,Queen_New
../archive/sound_files/sound_files/2022-06-27--05-32-42_2__segment1.wav,1,0,1,2,2022-06-27 5:32:42,20.99,41.18,Queenless
../archive/sound_files/sound_files/2022-07-06--17-31-12_2__segment0.wav,3,1,1,2,2022-07-06 17:31:12,27.06,34.49,Queen_Accepted
../archive/sound_files/sound_files/2022-06-25--21-58-20_2__segment3.wav,1,0,1,2,2022-06-25 21:58:20,20.9,39.44,Queenless
../archive/sound_files/sound_files/2022-06-15--15-26-47_2__segment1.wav,0,1,1,2,2022-06-15 15:26:47,31.43,25.73,Queenright
../archive/sound_files/sound_files/2022-07-12--05-21-31_2__segment4.wav,3,1,1,2,2022-07-12 5:21:31,17.9,46.58,Queen_Accepted
../archive/sound_files/sound_files/2022-07-05--06-52-51_2__segment0.wav,3,1,1,2,2022-07-05 6:52:51,22.38,46.98,Queen_Accepted
../archive/sound_files/sound_files/2022-06-16--06-14-12_2__segment4.wav,0,1,1,2,2022-06-16 6:14:12,19.07,35.39,Queenright
../archive/sound_files/sound_files/2022-07-09--21-51-33_2__segment1.wav,3,1,1,2,2022-07-09 21:51:33,20.34,45.53,Queen_Accepted
../archive/sound_files/sound_files/2022-07-14--22-57-30_2__segment0.wav,3,1,1,2,2022-07-14 22:57:30,19.12,35.58,Queen_Accepted
../archive/sound_files/sound_files/2022-07-06--17-31-12_2__segment2.wav,3,1,1,2,2022-07-06 17:31:12,27.06,34.49,Queen_Accepted
../archive/sound_files/sound_files/2022-06-27--23-21-51_2__segment2.wav,2,1,1,2,2022-06-27 23:21:51,20.35,54.25,Queen_New
../archive/sound_files/sound_files/2022-06-15--13-28-45_2__segment0.wav,0,1,1,2,2022-06-15 13:28:45,45.29,12.58,Queenright
../archive/sound_files/sound_files/2022-06-29--08-18-26_2__segment2.wav,2,1,1,2,2022-06-29 8:18:26,30.38,35.78,Queen_New
../archive/sound_files/sound_files/2022-07-04--19-52-59_2__segment5.wav,3,1,1,2,2022-07-04 19:52:59,26.55,38.84,Queen_Accepted
../archive/sound_files/sound_files/2022-07-05--15-45-44_2__segment3.wav,3,1,1,2,2022-07-05 15:45:44,32.53,33.34,Queen_Accepted
../archive/sound_files/sound_files/2022-06-15--11-30-55_2__segment2.wav,0,1,1,2,2022-06-15 11:30:55,50.0,10.88,Queenright
../archive/sound_files/sound_files/2022-07-09--03-02-18_2__segment2.wav,3,1,1,2,2022-07-09 3:02:18,17.04,41.03,Queen_Accepted
../archive/sound_files/sound_files/2022-07-10--11-43-06_2__segment5.wav,3,1,1,2,2022-07-10 11:43:06,52.58,11.23,Queen_Accepted
../archive/sound_files/sound_files/2022-07-06--15-33-11_2__segment4.wav,3,1,1,2,2022-07-06 15:33:11,29.7,30.73,Queen_Accepted
../archive/sound_files/sound_files/2022-07-03--21-08-19_2__segment0.wav,3,1,1,2,2022-07-03 21:08:19,19.1,35.51,Queen_Accepted
../archive/sound_files/sound_files/2022-06-30--06-47-59_2__segment5.wav,2,1,1,2,2022-06-30 6:47:59,21.47,51.1,Queen_New
../archive/sound_files/sound_files/2022-07-06--00-42-40_2__segment5.wav,3,1,1,2,2022-07-06 0:42:40,20.61,45.04,Queen_Accepted
../archive/sound_files/sound_files/2022-07-09--22-50-18_2__segment1.wav,3,1,1,2,2022-07-09 22:50:18,19.26,43.69,Queen_Accepted
../archive/sound_files/sound_files/2022-07-05--06-52-51_2__segment2.wav,3,1,1,2,2022-07-05 6:52:51,22.38,46.98,Queen_Accepted
../archive/sound_files/sound_files/2022-07-03--09-13-44_2__segment0.wav,3,1,1,2,2022-07-03 9:13:44,24.77,37.28,Queen_Accepted
../archive/sound_files/sound_files/2022-06-27--00-36-44_2__segment5.wav,1,0,1,2,2022-06-27 0:36:44,18.72,38.71,Queenless
../archive/sound_files/sound_files/2022-07-15--02-05-35_2__segment2.wav,3,1,1,2,2022-07-15 2:05:35,17.77,35.55,Queen_Accepted
../archive/sound_files/sound_files/2022-07-10--07-43-18_2__segment5.wav,3,1,1,2,2022-07-10 7:43:18,26.87,46.52,Queen_Accepted
../archive/sound_files/sound_files/2022-07-03--00-20-49_2__segment3.wav,3,1,1,2,2022-07-03 0:20:49,20.45,36.34,Queen_Accepted
../archive/sound_files/sound_files/2022-07-12--02-23-55_2__segment2.wav,3,1,1,2,2022-07-12 2:23:55,18.56,45.74,Queen_Accepted
../archive/sound_files/sound_files/2022-07-10--15-39-44_2__segment5.wav,3,1,1,2,2022-07-10 15:39:44,35.29,21.02,Queen_Accepted
../archive/sound_files/sound_files/2022-06-25--12-41-58_2__segment0.wav,0,1,1,2,2022-06-25 12:41:58,38.29,24.52,Queenright
../archive/sound_files/sound_files/2022-06-28--19-29-03_2__segment2.wav,2,1,1,2,2022-06-28 19:29:03,26.09,30.45,Queen_New
../archive/sound_files/sound_files/2022-06-30--13-43-06_2__segment2.wav,2,1,1,2,2022-06-30 13:43:06,42.77,16.48,Queen_New
../archive/sound_files/sound_files/2022-07-09--00-04-21_2__segment2.wav,3,1,1,2,2022-07-09 0:04:21,18.42,39.55,Queen_Accepted
../archive/sound_files/sound_files/2022-06-26--21-39-11_2__segment4.wav,1,0,1,2,2022-06-26 21:39:11,20.47,41.57,Queenless
../archive/sound_files/sound_files/2022-07-08--15-08-24_2__segment2.wav,3,1,1,2,2022-07-08 15:08:24,32.53,25.36,Queen_Accepted
../archive/sound_files/sound_files/2022-07-02--18-25-48_2__segment1.wav,3,1,1,2,2022-07-02 18:25:48,24.86,37.26,Queen_Accepted
../archive/sound_files/sound_files/2022-07-06--05-40-59_2__segment5.wav,3,1,1,2,2022-07-06 5:40:59,20.83,46.19,Queen_Accepted
../archive/sound_files/sound_files/2022-07-10--20-35-10_2__segment0.wav,3,1,1,2,2022-07-10 20:35:10,26.23,37.57,Queen_Accepted
../archive/sound_files/sound_files/2022-07-10--13-40-52_2__segment1.wav,3,1,1,2,2022-07-10 13:40:52,43.21,14.48,Queen_Accepted
../archive/sound_files/sound_files/2022-06-16--05-15-11_2__segment5.wav,0,1,1,2,2022-06-16 5:15:11,17.78,26.32,Queenright
../archive/sound_files/sound_files/2022-06-27--22-22-43_2__segment4.wav,2,1,1,2,2022-06-27 22:22:43,21.02,53.04,Queen_New
../archive/sound_files/sound_files/2022-07-10--06-43-27_2__segment1.wav,3,1,1,2,2022-07-10 6:43:27,17.09,44.29,Queen_Accepted
../archive/sound_files/sound_files/2022-06-27--06-31-57_2__segment4.wav,1,0,1,2,2022-06-27 6:31:57,21.99,41.08,Queenless
../archive/sound_files/sound_files/2022-07-10--23-32-49_2__segment4.wav,3,1,1,2,2022-07-10 23:32:49,21.6,44.88,Queen_Accepted
../archive/sound_files/sound_files/2022-07-03--01-20-01_2__segment5.wav,3,1,1,2,2022-07-03 1:20:01,20.72,36.32,Queen_Accepted
../archive/sound_files/sound_files/2022-06-16--17-04-50_2__segment3.wav,0,1,1,2,2022-06-16 17:04:50,27.24,24.77,Queenright
../archive/sound_files/sound_files/2022-06-29--00-24-37_2__segment0.wav,2,1,1,2,2022-06-29 0:24:37,19.78,32.12,Queen_New
../archive/sound_files/sound_files/2022-06-24--12-02-08_2__segment2.wav,0,1,1,2,2022-06-24 12:02:08,39.64,20.42,Queenright
../archive/sound_files/sound_files/2022-07-05--06-52-51_2__segment4.wav,3,1,1,2,2022-07-05 6:52:51,22.38,46.98,Queen_Accepted
../archive/sound_files/sound_files/2022-06-27--20-24-33_2__segment3.wav,2,1,1,2,2022-06-27 20:24:33,24.26,42.74,Queen_New
../archive/sound_files/sound_files/2022-07-12--04-22-20_2__segment1.wav,3,1,1,2,2022-07-12 4:22:20,18.28,47.01,Queen_Accepted
../archive/sound_files/sound_files/2022-07-05--10-50-37_2__segment5.wav,3,1,1,2,2022-07-05 10:50:37,46.88,24.73,Queen_Accepted
../archive/sound_files/sound_files/2022-07-09--18-54-22_2__segment0.wav,3,1,1,2,2022-07-09 18:54:22,26.77,35.04,Queen_Accepted
../archive/sound_files/sound_files/2022-06-16--01-18-24_2__segment2.wav,0,1,1,2,2022-06-16 1:18:24,18.82,24.42,Queenright
../archive/sound_files/sound_files/2022-06-29--17-59-12_2__segment1.wav,2,1,1,2,2022-06-29 17:59:12,27.75,31.04,Queen_New
../archive/sound_files/sound_files/2022-07-12--08-19-19_2__segment0.wav,3,1,1,2,2022-07-12 8:19:19,28.08,44.63,Queen_Accepted
../archive/sound_files/sound_files/2022-07-06--08-38-42_2__segment5.wav,3,1,1,2,2022-07-06 8:38:42,24.75,45.41,Queen_Accepted
../archive/sound_files/sound_files/2022-07-11--08-28-20_2__segment5.wav,3,1,1,2,2022-07-11 8:28:20,37.45,35.05,Queen_Accepted
../archive/sound_files/sound_files/2022-07-05--19-42-23_2__segment2.wav,3,1,1,2,2022-07-05 19:42:23,24.18,40.45,Queen_Accepted
../archive/sound_files/sound_files/2022-07-05--16-45-15_2__segment1.wav,3,1,1,2,2022-07-05 16:45:15,31.7,34.27,Queen_Accepted
../archive/sound_files/sound_files/2022-06-28--03-18-26_2__segment5.wav,2,1,1,2,2022-06-28 3:18:26,19.5,54.71,Queen_New
../archive/sound_files/sound_files/2022-07-14--16-02-50_2__segment2.wav,3,1,1,2,2022-07-14 16:02:50,31.02,29.69,Queen_Accepted
../archive/sound_files/sound_files/2022-06-25--08-44-24_2__segment1.wav,0,1,1,2,2022-06-25 8:44:24,28.12,41.77,Queenright
../archive/sound_files/sound_files/2022-07-11--18-20-59_2__segment5.wav,3,1,1,2,2022-07-11 18:20:59,32.09,29.71,Queen_Accepted
../archive/sound_files/sound_files/2022-06-25--02-48-45_2__segment3.wav,0,1,1,2,2022-06-25 2:48:45,21.74,36.03,Queenright
../archive/sound_files/sound_files/2022-06-26--02-54-17_2__segment3.wav,1,0,1,2,2022-06-26 2:54:17,18.68,40.1,Queenless
../archive/sound_files/sound_files/2022-06-28--02-19-17_2__segment4.wav,2,1,1,2,2022-06-28 2:19:17,19.61,55.96,Queen_New
../archive/sound_files/sound_files/2022-07-06--09-38-12_2__segment0.wav,3,1,1,2,2022-07-06 9:38:12,34.48,40.22,Queen_Accepted
../archive/sound_files/sound_files/2022-06-28--15-09-35_2__segment3.wav,2,1,1,2,2022-06-28 15:09:35,32.33,28.35,Queen_New
../archive/sound_files/sound_files/2022-07-04--06-01-05_2__segment3.wav,3,1,1,2,2022-07-04 6:01:05,19.58,54.38,Queen_Accepted
../archive/sound_files/sound_files/2022-07-11--02-31-03_2__segment1.wav,3,1,1,2,2022-07-11 2:31:03,19.26,43.44,Queen_Accepted
../archive/sound_files/sound_files/2022-06-30--17-39-21_2__segment5.wav,2,1,1,2,2022-06-30 17:39:21,25.77,30.54,Queen_New
../archive/sound_files/sound_files/2022-07-05--17-43-58_2__segment1.wav,3,1,1,2,2022-07-05 17:43:58,29.09,36.25,Queen_Accepted
../archive/sound_files/sound_files/2022-07-04--22-59-04_2__segment4.wav,3,1,1,2,2022-07-04 22:59:04,22.79,45.09,Queen_Accepted
../archive/sound_files/sound_files/2022-07-07--05-24-42_2__segment3.wav,3,1,1,2,2022-07-07 5:24:42,19.78,44.47,Queen_Accepted
../archive/sound_files/sound_files/2022-07-09--01-03-30_2__segment4.wav,3,1,1,2,2022-07-09 1:03:30,17.88,40.1,Queen_Accepted
../archive/sound_files/sound_files/2022-07-05--14-46-32_2__segment5.wav,3,1,1,2,2022-07-05 14:46:32,33.62,31.43,Queen_Accepted
../archive/sound_files/sound_files/2022-07-03--03-18-24_2__segment1.wav,3,1,1,2,2022-07-03 3:18:24,20.6,39.08,Queen_Accepted
../archive/sound_files/sound_files/2022-07-05--02-55-46_2__segment4.wav,3,1,1,2,2022-07-05 2:55:46,21.17,47.88,Queen_Accepted
../archive/sound_files/sound_files/2022-06-16--04-15-43_2__segment2.wav,0,1,1,2,2022-06-16 4:15:43,18.9,47.49,Queenright
../archive/sound_files/sound_files/2022-07-14--21-57-19_2__segment4.wav,3,1,1,2,2022-07-14 21:57:19,19.97,36.82,Queen_Accepted
../archive/sound_files/sound_files/2022-06-26--09-49-13_2__segment3.wav,1,0,1,2,2022-06-26 9:49:13,45.21,23.14,Queenless
../archive/sound_files/sound_files/2022-07-07--15-17-36_2__segment0.wav,3,1,1,2,2022-07-07 15:17:36,30.64,28.17,Queen_Accepted
../archive/sound_files/sound_files/2022-07-03--05-16-49_2__segment4.wav,3,1,1,2,2022-07-03 5:16:49,20.59,34.48,Queen_Accepted
../archive/sound_files/sound_files/2022-06-28--12-13-12_2__segment1.wav,2,1,1,2,2022-06-28 12:13:12,43.92,16.7,Queen_New
../archive/sound_files/sound_files/2022-07-10--10-42-52_2__segment3.wav,3,1,1,2,2022-07-10 10:42:52,49.27,16.78,Queen_Accepted
../archive/sound_files/sound_files/2022-07-09--07-57-34_2__segment3.wav,3,1,1,2,2022-07-09 7:57:34,29.22,43.75,Queen_Accepted
../archive/sound_files/sound_files/2022-07-07--00-28-35_2__segment3.wav,3,1,1,2,2022-07-07 0:28:35,19.49,43.08,Queen_Accepted
../archive/sound_files/sound_files/2022-07-08--00-14-56_2__segment4.wav,3,1,1,2,2022-07-08 0:14:56,18.42,38.43,Queen_Accepted
../archive/sound_files/sound_files/2022-06-28--19-29-03_2__segment0.wav,2,1,1,2,2022-06-28 19:29:03,26.09,30.45,Queen_New
../archive/sound_files/sound_files/2022-06-27--06-31-57_2__segment3.wav,1,0,1,2,2022-06-27 6:31:57,21.99,41.08,Queenless
../archive/sound_files/sound_files/2022-07-05--01-56-38_2__segment2.wav,3,1,1,2,2022-07-05 1:56:38,21.76,48.74,Queen_Accepted
../archive/sound_files/sound_files/2022-06-30--01-52-10_2__segment1.wav,2,1,1,2,2022-06-30 1:52:10,21.22,31.72,Queen_New
../archive/sound_files/sound_files/2022-07-05--13-47-17_2__segment2.wav,3,1,1,2,2022-07-05 13:47:17,34.24,30.73,Queen_Accepted
../archive/sound_files/sound_files/2022-06-24--17-56-42_2__segment2.wav,0,1,1,2,2022-06-24 17:56:42,31.6,30.14,Queenright
../archive/sound_files/sound_files/2022-07-12--08-19-19_2__segment4.wav,3,1,1,2,2022-07-12 8:19:19,28.08,44.63,Queen_Accepted
../archive/sound_files/sound_files/2022-06-16--14-07-27_2__segment5.wav,0,1,1,2,2022-06-16 14:07:27,37.18,18.71,Queenright
../archive/sound_files/sound_files/2022-07-05--22-44-10_2__segment3.wav,3,1,1,2,2022-07-05 22:44:10,19.76,45.01,Queen_Accepted
../archive/sound_files/sound_files/2022-06-26--12-47-08_2__segment5.wav,1,0,1,2,2022-06-26 12:47:08,47.65,13.97,Queenless
../archive/sound_files/sound_files/2022-06-25--00-50-22_2__segment4.wav,0,1,1,2,2022-06-25 0:50:22,22.68,35.77,Queenright
../archive/sound_files/sound_files/2022-06-16--23-58-21_2__segment4.wav,0,1,1,2,2022-06-16 23:58:21,19.45,34.28,Queenright
../archive/sound_files/sound_files/2022-06-28--15-09-35_2__segment2.wav,2,1,1,2,2022-06-28 15:09:35,32.33,28.35,Queen_New
../archive/sound_files/sound_files/2022-06-16--02-17-07_2__segment0.wav,0,1,1,2,2022-06-16 2:17:07,18.86,34.28,Queenright
../archive/sound_files/sound_files/2022-06-26--12-47-08_2__segment1.wav,1,0,1,2,2022-06-26 12:47:08,47.65,13.97,Queenless
../archive/sound_files/sound_files/2022-06-26--18-41-57_2__segment1.wav,1,0,1,2,2022-06-26 18:41:57,28.79,31.9,Queenless
../archive/sound_files/sound_files/2022-07-14--09-52-14_2__segment0.wav,3,1,1,2,2022-07-14 9:52:14,44.94,20.78,Queen_Accepted
../archive/sound_files/sound_files/2022-07-04--07-00-21_2__segment0.wav,3,1,1,2,2022-07-04 7:00:21,21.7,36.69,Queen_Accepted
../archive/sound_files/sound_files/2022-07-06--21-27-33_2__segment5.wav,3,1,1,2,2022-07-06 21:27:33,19.83,42.31,Queen_Accepted
../archive/sound_files/sound_files/2022-06-30--03-50-31_2__segment2.wav,2,1,1,2,2022-06-30 3:50:31,21.16,32.39,Queen_New
../archive/sound_files/sound_files/2022-06-26--21-39-11_2__segment2.wav,1,0,1,2,2022-06-26 21:39:11,20.47,41.57,Queenless
../archive/sound_files/sound_files/2022-06-15--11-30-55_2__segment3.wav,0,1,1,2,2022-06-15 11:30:55,50.0,10.88,Queenright
../archive/sound_files/sound_files/2022-07-09--21-51-33_2__segment4.wav,3,1,1,2,2022-07-09 21:51:33,20.34,45.53,Queen_Accepted
../archive/sound_files/sound_files/2022-07-11--07-27-46_2__segment5.wav,3,1,1,2,2022-07-11 7:27:46,27.42,43.79,Queen_Accepted
../archive/sound_files/sound_files/2022-07-04--10-57-59_2__segment4.wav,3,1,1,2,2022-07-04 10:57:59,37.96,27.15,Queen_Accepted
../archive/sound_files/sound_files/2022-06-28--09-14-48_2__segment3.wav,2,1,1,2,2022-06-28 9:14:48,38.48,23.56,Queen_New
../archive/sound_files/sound_files/2022-06-25--01-49-33_2__segment3.wav,0,1,1,2,2022-06-25 1:49:33,22.16,35.65,Queenright
../archive/sound_files/sound_files/2022-07-05--05-53-35_2__segment3.wav,3,1,1,2,2022-07-05 5:53:35,20.43,47.58,Queen_Accepted
../archive/sound_files/sound_files/2022-07-05--05-53-35_2__segment4.wav,3,1,1,2,2022-07-05 5:53:35,20.43,47.58,Queen_Accepted
../archive/sound_files/sound_files/2022-07-12--16-12-07_2__segment2.wav,3,1,1,2,2022-07-12 16:12:07,31.73,31.83,Queen_Accepted
../archive/sound_files/sound_files/2022-06-30--02-51-21_2__segment0.wav,2,1,1,2,2022-06-30 2:51:21,21.17,31.49,Queen_New
../archive/sound_files/sound_files/2022-06-15--12-30-15_2__segment4.wav,0,1,1,2,2022-06-15 12:30:15,49.86,10.31,Queenright
../archive/sound_files/sound_files/2022-07-11--21-21-30_2__segment0.wav,3,1,1,2,2022-07-11 21:21:30,23.08,45.74,Queen_Accepted
../archive/sound_files/sound_files/2022-06-24--22-52-03_2__segment2.wav,0,1,1,2,2022-06-24 22:52:03,23.01,37.17,Queenright
../archive/sound_files/sound_files/2022-07-11--10-27-12_2__segment4.wav,3,1,1,2,2022-07-11 10:27:12,50.72,13.82,Queen_Accepted
../archive/sound_files/sound_files/2022-07-03--22-07-30_2__segment4.wav,3,1,1,2,2022-07-03 22:07:30,18.37,34.11,Queen_Accepted
../archive/sound_files/sound_files/2022-06-14--21-15-24_2__segment3.wav,0,1,1,2,2022-06-14 21:15:24,22.62,25.4,Queenright
../archive/sound_files/sound_files/2022-06-30--17-39-21_2__segment2.wav,2,1,1,2,2022-06-30 17:39:21,25.77,30.54,Queen_New
../archive/sound_files/sound_files/2022-06-15--02-25-24_2__segment4.wav,0,1,1,2,2022-06-15 2:25:24,20.11,25.05,Queenright
../archive/sound_files/sound_files/2022-06-16--00-18-58_2__segment0.wav,0,1,1,2,2022-06-16 0:18:58,19.23,43.47,Queenright
../archive/sound_files/sound_files/2022-07-02--20-24-01_2__segment5.wav,3,1,1,2,2022-07-02 20:24:01,20.69,35.76,Queen_Accepted
../archive/sound_files/sound_files/2022-06-28--05-16-46_2__segment1.wav,2,1,1,2,2022-06-28 5:16:46,18.88,55.16,Queen_New
../archive/sound_files/sound_files/2022-07-03--21-08-19_2__segment4.wav,3,1,1,2,2022-07-03 21:08:19,19.1,35.51,Queen_Accepted
../archive/sound_files/sound_files/2022-07-08--08-08-29_2__segment3.wav,3,1,1,2,2022-07-08 8:08:29,31.91,40.08,Queen_Accepted
../archive/sound_files/sound_files/2022-06-30--13-43-06_2__segment0.wav,2,1,1,2,2022-06-30 13:43:06,42.77,16.48,Queen_New
../archive/sound_files/sound_files/2022-06-29--01-23-48_2__segment4.wav,2,1,1,2,2022-06-29 1:23:48,19.32,31.94,Queen_New
../archive/sound_files/sound_files/2022-07-07--06-24-26_2__segment5.wav,3,1,1,2,2022-07-07 6:24:26,19.9,45.26,Queen_Accepted
../archive/sound_files/sound_files/2022-07-06--15-33-11_2__segment5.wav,3,1,1,2,2022-07-06 15:33:11,29.7,30.73,Queen_Accepted
../archive/sound_files/sound_files/2022-07-11--02-31-03_2__segment0.wav,3,1,1,2,2022-07-11 2:31:03,19.26,43.44,Queen_Accepted
../archive/sound_files/sound_files/2022-07-10--11-43-06_2__segment4.wav,3,1,1,2,2022-07-10 11:43:06,52.58,11.23,Queen_Accepted
../archive/sound_files/sound_files/2022-06-26--13-46-18_2__segment3.wav,1,0,1,2,2022-06-26 13:46:18,42.36,17.97,Queenless
../archive/sound_files/sound_files/2022-07-14--15-03-25_2__segment2.wav,3,1,1,2,2022-07-14 15:03:25,32.99,28.95,Queen_Accepted
../archive/sound_files/sound_files/2022-07-08--10-07-58_2__segment3.wav,3,1,1,2,2022-07-08 10:07:58,46.38,23.7,Queen_Accepted
../archive/sound_files/sound_files/2022-07-11--18-20-59_2__segment2.wav,3,1,1,2,2022-07-11 18:20:59,32.09,29.71,Queen_Accepted
../archive/sound_files/sound_files/2022-06-16--10-12-01_2__segment0.wav,0,1,1,2,2022-06-16 10:12:01,46.54,16.59,Queenright
../archive/sound_files/sound_files/2022-07-07--22-14-11_2__segment1.wav,3,1,1,2,2022-07-07 22:14:11,20.07,38.2,Queen_Accepted
../archive/sound_files/sound_files/2022-07-05--08-51-36_2__segment4.wav,3,1,1,2,2022-07-05 8:51:36,34.54,39.37,Queen_Accepted
../archive/sound_files/sound_files/2022-07-11--03-30-14_2__segment0.wav,3,1,1,2,2022-07-11 3:30:14,18.75,43.49,Queen_Accepted
../archive/sound_files/sound_files/2022-07-09--04-00-47_2__segment3.wav,3,1,1,2,2022-07-09 4:00:47,16.74,41.19,Queen_Accepted
../archive/sound_files/sound_files/2022-06-26--14-45-27_2__segment4.wav,1,0,1,2,2022-06-26 14:45:27,35.17,26.22,Queenless
../archive/sound_files/sound_files/2022-06-29--23-53-49_2__segment2.wav,2,1,1,2,2022-06-29 23:53:49,20.79,31.62,Queen_New
../archive/sound_files/sound_files/2022-07-11--04-29-25_2__segment4.wav,3,1,1,2,2022-07-11 4:29:25,18.14,42.8,Queen_Accepted
../archive/sound_files/sound_files/2022-07-08--04-12-14_2__segment5.wav,3,1,1,2,2022-07-08 4:12:14,16.31,39.17,Queen_Accepted
../archive/sound_files/sound_files/2022-06-24--14-59-22_2__segment5.wav,0,1,1,2,2022-06-24 14:59:22,35.06,25.9,Queenright
../archive/sound_files/sound_files/2022-06-28--19-29-03_2__segment5.wav,2,1,1,2,2022-06-28 19:29:03,26.09,30.45,Queen_New
../archive/sound_files/sound_files/2022-06-14--22-14-39_2__segment0.wav,0,1,1,2,2022-06-14 22:14:39,21.58,25.25,Queenright
../archive/sound_files/sound_files/2022-06-16--10-12-01_2__segment4.wav,0,1,1,2,2022-06-16 10:12:01,46.54,16.59,Queenright
../archive/sound_files/sound_files/2022-07-14--17-01-03_2__segment5.wav,3,1,1,2,2022-07-14 17:01:03,29.35,31.42,Queen_Accepted
../archive/sound_files/sound_files/2022-07-10--03-45-59_2__segment3.wav,3,1,1,2,2022-07-10 3:45:59,16.38,43.76,Queen_Accepted
../archive/sound_files/sound_files/2022-07-09--02-02-58_2__segment2.wav,3,1,1,2,2022-07-09 2:02:58,17.3,40.26,Queen_Accepted
../archive/sound_files/sound_files/2022-07-11--07-27-46_2__segment2.wav,3,1,1,2,2022-07-11 7:27:46,27.42,43.79,Queen_Accepted
../archive/sound_files/sound_files/2022-07-06--16-32-31_2__segment2.wav,3,1,1,2,2022-07-06 16:32:31,28.36,32.17,Queen_Accepted
../archive/sound_files/sound_files/2022-07-06--01-41-53_2__segment1.wav,3,1,1,2,2022-07-06 1:41:53,21.05,45.47,Queen_Accepted
../archive/sound_files/sound_files/2022-07-05--16-45-15_2__segment4.wav,3,1,1,2,2022-07-05 16:45:15,31.7,34.27,Queen_Accepted
../archive/sound_files/sound_files/2022-07-09--00-04-21_2__segment0.wav,3,1,1,2,2022-07-09 0:04:21,18.42,39.55,Queen_Accepted
../archive/sound_files/sound_files/2022-07-03--16-08-07_2__segment3.wav,3,1,1,2,2022-07-03 16:08:07,27.56,33.38,Queen_Accepted
../archive/sound_files/sound_files/2022-06-28--22-26-20_2__segment2.wav,2,1,1,2,2022-06-28 22:26:20,20.86,33.01,Queen_New
../archive/sound_files/sound_files/2022-06-30--08-46-38_2__segment5.wav,2,1,1,2,2022-06-30 8:46:38,27.36,39.05,Queen_New
../archive/sound_files/sound_files/2022-07-08--18-10-05_2__segment0.wav,3,1,1,2,2022-07-08 18:10:05,29.45,31.29,Queen_Accepted
../archive/sound_files/sound_files/2022-06-15--09-32-36_2__segment1.wav,0,1,1,2,2022-06-15 9:32:36,45.68,18.99,Queenright
../archive/sound_files/sound_files/2022-06-27--06-31-57_2__segment2.wav,1,0,1,2,2022-06-27 6:31:57,21.99,41.08,Queenless
../archive/sound_files/sound_files/2022-07-08--11-08-46_2__segment4.wav,3,1,1,2,2022-07-08 11:08:46,50.36,15.41,Queen_Accepted
../archive/sound_files/sound_files/2022-07-08--00-14-56_2__segment3.wav,3,1,1,2,2022-07-08 0:14:56,18.42,38.43,Queen_Accepted
../archive/sound_files/sound_files/2022-07-09--16-55-44_2__segment1.wav,3,1,1,2,2022-07-09 16:55:44,29.91,32.08,Queen_Accepted
../archive/sound_files/sound_files/2022-06-25--20-00-05_2__segment1.wav,1,0,1,2,2022-06-25 20:00:05,25.02,35.65,Queenless
../archive/sound_files/sound_files/2022-06-24--14-00-20_2__segment3.wav,0,1,1,2,2022-06-24 14:00:20,37.16,24.09,Queenright
../archive/sound_files/sound_files/2022-07-03--02-19-13_2__segment1.wav,3,1,1,2,2022-07-03 2:19:13,20.76,35.58,Queen_Accepted
../archive/sound_files/sound_files/2022-06-29--09-18-09_2__segment5.wav,2,1,1,2,2022-06-29 9:18:09,41.06,28.84,Queen_New
../archive/sound_files/sound_files/2022-07-12--22-07-06_2__segment2.wav,3,1,1,2,2022-07-12 22:07:06,20.46,48.0,Queen_Accepted
../archive/sound_files/sound_files/2022-07-12--05-21-31_2__segment5.wav,3,1,1,2,2022-07-12 5:21:31,17.9,46.58,Queen_Accepted
../archive/sound_files/sound_files/2022-07-05--02-55-46_2__segment5.wav,3,1,1,2,2022-07-05 2:55:46,21.17,47.88,Queen_Accepted
../archive/sound_files/sound_files/2022-07-03--17-07-30_2__segment1.wav,3,1,1,2,2022-07-03 17:07:30,26.37,31.95,Queen_Accepted
../archive/sound_files/sound_files/2022-07-12--22-07-06_2__segment1.wav,3,1,1,2,2022-07-12 22:07:06,20.46,48.0,Queen_Accepted
../archive/sound_files/sound_files/2022-07-04--18-53-55_2__segment4.wav,3,1,1,2,2022-07-04 18:53:55,28.48,34.59,Queen_Accepted
../archive/sound_files/sound_files/2022-07-06--13-35-01_2__segment0.wav,3,1,1,2,2022-07-06 13:35:01,41.34,23.89,Queen_Accepted
../archive/sound_files/sound_files/2022-06-26--23-37-32_2__segment2.wav,1,0,1,2,2022-06-26 23:37:32,19.05,38.38,Queenless
../archive/sound_files/sound_files/2022-07-07--21-15-59_2__segment0.wav,3,1,1,2,2022-07-07 21:15:59,20.9,36.76,Queen_Accepted
../archive/sound_files/sound_files/2022-06-15--11-30-55_2__segment1.wav,0,1,1,2,2022-06-15 11:30:55,50.0,10.88,Queenright
../archive/sound_files/sound_files/2022-06-30--07-47-14_2__segment5.wav,2,1,1,2,2022-06-30 7:47:14,22.82,42.49,Queen_New
../archive/sound_files/sound_files/2022-06-27--09-22-28_2__segment4.wav,1,0,1,2,2022-06-27 9:22:28,37.83,34.44,Queenless
../archive/sound_files/sound_files/2022-07-05--13-47-17_2__segment5.wav,3,1,1,2,2022-07-05 13:47:17,34.24,30.73,Queen_Accepted
../archive/sound_files/sound_files/2022-06-28--01-20-09_2__segment2.wav,2,1,1,2,2022-06-28 1:20:09,19.7,57.18,Queen_New
../archive/sound_files/sound_files/2022-07-07--20-16-51_2__segment3.wav,3,1,1,2,2022-07-07 20:16:51,22.86,35.2,Queen_Accepted
../archive/sound_files/sound_files/2022-07-03--10-13-01_2__segment4.wav,3,1,1,2,2022-07-03 10:13:01,26.74,40.02,Queen_Accepted
../archive/sound_files/sound_files/2022-06-29--11-17-07_2__segment3.wav,2,1,1,2,2022-06-29 11:17:07,49.82,13.2,Queen_New
../archive/sound_files/sound_files/2022-07-10--21-34-27_2__segment5.wav,3,1,1,2,2022-07-10 21:34:27,23.94,39.18,Queen_Accepted
../archive/sound_files/sound_files/2022-07-08--07-09-47_2__segment1.wav,3,1,1,2,2022-07-08 7:09:47,21.87,41.4,Queen_Accepted
../archive/sound_files/sound_files/2022-07-04--02-04-13_2__segment3.wav,3,1,1,2,2022-07-04 2:04:13,17.8,34.25,Queen_Accepted
../archive/sound_files/sound_files/2022-06-27--12-18-31_2__segment1.wav,1,0,1,2,2022-06-27 12:18:31,49.2,13.94,Queenless
../archive/sound_files/sound_files/2022-07-05--21-40-31_2__segment0.wav,3,1,1,2,2022-07-05 21:40:31,20.36,44.06,Queen_Accepted
../archive/sound_files/sound_files/2022-07-13--05-04-40_2__segment2.wav,3,1,1,2,2022-07-13 5:04:40,17.24,45.38,Queen_Accepted
../archive/sound_files/sound_files/2022-06-28--18-29-56_2__segment0.wav,2,1,1,2,2022-06-28 18:29:56,28.86,30.01,Queen_New
../archive/sound_files/sound_files/2022-06-26--16-43-49_2__segment1.wav,1,0,1,2,2022-06-26 16:43:49,31.93,30.42,Queenless
../archive/sound_files/sound_files/2022-07-04--00-05-51_2__segment5.wav,3,1,1,2,2022-07-04 0:05:51,17.71,33.19,Queen_Accepted
../archive/sound_files/sound_files/2022-07-06--10-37-58_2__segment4.wav,3,1,1,2,2022-07-06 10:37:58,41.14,30.87,Queen_Accepted
../archive/sound_files/sound_files/2022-07-14--18-01-02_2__segment3.wav,3,1,1,2,2022-07-14 18:01:02,29.08,32.47,Queen_Accepted
../archive/sound_files/sound_files/2022-06-25--02-48-45_2__segment1.wav,0,1,1,2,2022-06-25 2:48:45,21.74,36.03,Queenright
../archive/sound_files/sound_files/2022-06-28--07-15-45_2__segment1.wav,2,1,1,2,2022-06-28 7:15:45,26.68,46.57,Queen_New
../archive/sound_files/sound_files/2022-06-29--01-23-48_2__segment1.wav,2,1,1,2,2022-06-29 1:23:48,19.32,31.94,Queen_New
../archive/sound_files/sound_files/2022-06-16--18-04-02_2__segment5.wav,0,1,1,2,2022-06-16 18:04:02,26.73,24.63,Queenright
../archive/sound_files/sound_files/2022-06-30--14-42-07_2__segment0.wav,2,1,1,2,2022-06-30 14:42:07,32.97,24.07,Queen_New
../archive/sound_files/sound_files/2022-06-29--02-22-58_2__segment3.wav,2,1,1,2,2022-06-29 2:22:58,19.32,31.59,Queen_New
../archive/sound_files/sound_files/2022-06-29--05-20-23_2__segment5.wav,2,1,1,2,2022-06-29 5:20:23,18.63,33.68,Queen_New
../archive/sound_files/sound_files/2022-07-15--13-25-58_2__segment3.wav,3,1,1,2,2022-07-15 13:25:58,45.83,15.36,Queen_Accepted
../archive/sound_files/sound_files/2022-06-30--07-47-14_2__segment0.wav,2,1,1,2,2022-06-30 7:47:14,22.82,42.49,Queen_New
../archive/sound_files/sound_files/2022-06-26--04-52-44_2__segment0.wav,1,0,1,2,2022-06-26 4:52:44,18.91,40.24,Queenless
../archive/sound_files/sound_files/2022-07-05--15-45-44_2__segment1.wav,3,1,1,2,2022-07-05 15:45:44,32.53,33.34,Queen_Accepted
../archive/sound_files/sound_files/2022-07-08--23-05-35_2__segment0.wav,3,1,1,2,2022-07-08 23:05:35,19.03,39.95,Queen_Accepted
../archive/sound_files/sound_files/2022-07-13--08-02-57_2__segment3.wav,3,1,1,2,2022-07-13 8:02:57,27.53,45.87,Queen_Accepted
../archive/sound_files/sound_files/2022-07-04--14-54-34_2__segment2.wav,3,1,1,2,2022-07-04 14:54:34,37.14,25.03,Queen_Accepted
../archive/sound_files/sound_files/2022-07-10--00-48-36_2__segment0.wav,3,1,1,2,2022-07-10 0:48:36,17.84,42.91,Queen_Accepted
../archive/sound_files/sound_files/2022-07-07--18-16-21_2__segment2.wav,3,1,1,2,2022-07-07 18:16:21,28.76,31.03,Queen_Accepted
../archive/sound_files/sound_files/2022-07-07--19-17-27_2__segment3.wav,3,1,1,2,2022-07-07 19:17:27,24.89,34.76,Queen_Accepted
../archive/sound_files/sound_files/2022-06-16--19-02-57_2__segment5.wav,0,1,1,2,2022-06-16 19:02:57,23.41,35.28,Queenright
../archive/sound_files/sound_files/2022-06-26--09-49-13_2__segment5.wav,1,0,1,2,2022-06-26 9:49:13,45.21,23.14,Queenless
../archive/sound_files/sound_files/2022-06-27--09-22-28_2__segment0.wav,1,0,1,2,2022-06-27 9:22:28,37.83,34.44,Queenless
../archive/sound_files/sound_files/2022-07-08--06-09-51_2__segment5.wav,3,1,1,2,2022-07-08 6:09:51,16.16,38.48,Queen_Accepted
../archive/sound_files/sound_files/2022-07-04--21-51-47_2__segment4.wav,3,1,1,2,2022-07-04 21:51:47,23.03,43.37,Queen_Accepted
../archive/sound_files/sound_files/2022-07-09--22-50-18_2__segment2.wav,3,1,1,2,2022-07-09 22:50:18,19.26,43.69,Queen_Accepted
../archive/sound_files/sound_files/2022-07-04--15-56-31_2__segment1.wav,3,1,1,2,2022-07-04 15:56:31,35.54,27.01,Queen_Accepted
../archive/sound_files/sound_files/2022-07-07--07-22-56_2__segment0.wav,3,1,1,2,2022-07-07 7:22:56,21.88,44.94,Queen_Accepted
../archive/sound_files/sound_files/2022-06-16--21-01-03_2__segment5.wav,0,1,1,2,2022-06-16 21:01:03,20.02,43.7,Queenright
../archive/sound_files/sound_files/2022-07-02--18-25-48_2__segment2.wav,3,1,1,2,2022-07-02 18:25:48,24.86,37.26,Queen_Accepted
../archive/sound_files/sound_files/2022-06-29--12-16-28_2__segment3.wav,2,1,1,2,2022-06-29 12:16:28,49.65,12.46,Queen_New
../archive/sound_files/sound_files/2022-07-04--18-53-55_2__segment3.wav,3,1,1,2,2022-07-04 18:53:55,28.48,34.59,Queen_Accepted
../archive/sound_files/sound_files/2022-07-06--06-40-12_2__segment1.wav,3,1,1,2,2022-07-06 6:40:12,21.38,46.34,Queen_Accepted
../archive/sound_files/sound_files/2022-06-27--18-13-28_2__segment0.wav,1,0,1,2,2022-06-27 18:13:28,30.71,27.77,Queenless
../archive/sound_files/sound_files/2022-06-16--00-18-58_2__segment4.wav,0,1,1,2,2022-06-16 0:18:58,19.23,43.47,Queenright
../archive/sound_files/sound_files/2022-07-09--02-02-58_2__segment4.wav,3,1,1,2,2022-07-09 2:02:58,17.3,40.26,Queen_Accepted
../archive/sound_files/sound_files/2022-07-09--14-57-13_2__segment5.wav,3,1,1,2,2022-07-09 14:57:13,31.6,28.24,Queen_Accepted
../archive/sound_files/sound_files/2022-06-28--11-13-54_2__segment2.wav,2,1,1,2,2022-06-28 11:13:54,43.52,17.67,Queen_New
../archive/sound_files/sound_files/2022-06-28--01-20-09_2__segment0.wav,2,1,1,2,2022-06-28 1:20:09,19.7,57.18,Queen_New
../archive/sound_files/sound_files/2022-07-05--02-55-46_2__segment2.wav,3,1,1,2,2022-07-05 2:55:46,21.17,47.88,Queen_Accepted
../archive/sound_files/sound_files/2022-06-28--14-10-34_2__segment2.wav,2,1,1,2,2022-06-28 14:10:34,36.22,22.69,Queen_New
../archive/sound_files/sound_files/2022-07-08--10-07-58_2__segment2.wav,3,1,1,2,2022-07-08 10:07:58,46.38,23.7,Queen_Accepted
../archive/sound_files/sound_files/2022-06-28--21-27-16_2__segment1.wav,2,1,1,2,2022-06-28 21:27:16,22.07,32.26,Queen_New
../archive/sound_files/sound_files/2022-07-04--08-58-57_2__segment0.wav,3,1,1,2,2022-07-04 8:58:57,38.43,33.57,Queen_Accepted
../archive/sound_files/sound_files/2022-07-15--00-02-18_2__segment2.wav,3,1,1,2,2022-07-15 0:02:18,18.38,36.05,Queen_Accepted
../archive/sound_files/sound_files/2022-07-09--01-03-30_2__segment5.wav,3,1,1,2,2022-07-09 1:03:30,17.88,40.1,Queen_Accepted
../archive/sound_files/sound_files/2022-07-09--14-57-13_2__segment1.wav,3,1,1,2,2022-07-09 14:57:13,31.6,28.24,Queen_Accepted
../archive/sound_files/sound_files/2022-07-14--20-58-44_2__segment0.wav,3,1,1,2,2022-07-14 20:58:44,21.42,36.22,Queen_Accepted
../archive/sound_files/sound_files/2022-06-26--04-52-44_2__segment3.wav,1,0,1,2,2022-06-26 4:52:44,18.91,40.24,Queenless
../archive/sound_files/sound_files/2022-06-24--16-57-37_2__segment2.wav,0,1,1,2,2022-06-24 16:57:37,33.31,27.73,Queenright
../archive/sound_files/sound_files/2022-07-10--20-35-10_2__segment5.wav,3,1,1,2,2022-07-10 20:35:10,26.23,37.57,Queen_Accepted
../archive/sound_files/sound_files/2022-07-07--02-26-59_2__segment1.wav,3,1,1,2,2022-07-07 2:26:59,19.91,43.83,Queen_Accepted
../archive/sound_files/sound_files/2022-07-05--16-45-15_2__segment5.wav,3,1,1,2,2022-07-05 16:45:15,31.7,34.27,Queen_Accepted
../archive/sound_files/sound_files/2022-07-05--11-49-30_2__segment5.wav,3,1,1,2,2022-07-05 11:49:30,44.58,24.31,Queen_Accepted
../archive/sound_files/sound_files/2022-06-28--10-14-20_2__segment5.wav,2,1,1,2,2022-06-28 10:14:20,40.79,20.06,Queen_New
../archive/sound_files/sound_files/2022-06-29--14-13-31_2__segment0.wav,2,1,1,2,2022-06-29 14:13:31,37.15,21.01,Queen_New
../archive/sound_files/sound_files/2022-07-08--11-08-46_2__segment2.wav,3,1,1,2,2022-07-08 11:08:46,50.36,15.41,Queen_Accepted
../archive/sound_files/sound_files/2022-07-06--01-41-53_2__segment0.wav,3,1,1,2,2022-07-06 1:41:53,21.05,45.47,Queen_Accepted
../archive/sound_files/sound_files/2022-06-15--20-22-19_2__segment4.wav,0,1,1,2,2022-06-15 20:22:19,21.15,26.68,Queenright
../archive/sound_files/sound_files/2022-06-26--10-48-36_2__segment5.wav,1,0,1,2,2022-06-26 10:48:36,49.68,15.42,Queenless
../archive/sound_files/sound_files/2022-07-08--19-09-34_2__segment2.wav,3,1,1,2,2022-07-08 19:09:34,25.77,34.68,Queen_Accepted
../archive/sound_files/sound_files/2022-06-15--17-24-59_2__segment3.wav,0,1,1,2,2022-06-15 17:24:59,27.84,26.83,Queenright
../archive/sound_files/sound_files/2022-07-02--20-24-01_2__segment1.wav,3,1,1,2,2022-07-02 20:24:01,20.69,35.76,Queen_Accepted
../archive/sound_files/sound_files/2022-06-26--08-49-43_2__segment0.wav,1,0,1,2,2022-06-26 8:49:43,37.48,36.42,Queenless
../archive/sound_files/sound_files/2022-07-08--21-07-28_2__segment0.wav,3,1,1,2,2022-07-08 21:07:28,21.11,40.02,Queen_Accepted
../archive/sound_files/sound_files/2022-06-16--03-16-35_2__segment1.wav,0,1,1,2,2022-06-16 3:16:35,18.34,25.22,Queenright
../archive/sound_files/sound_files/2022-06-30--16-40-15_2__segment2.wav,2,1,1,2,2022-06-30 16:40:15,27.66,28.39,Queen_New
../archive/sound_files/sound_files/2022-07-10--11-43-06_2__segment2.wav,3,1,1,2,2022-07-10 11:43:06,52.58,11.23,Queen_Accepted
../archive/sound_files/sound_files/2022-07-05--08-51-36_2__segment1.wav,3,1,1,2,2022-07-05 8:51:36,34.54,39.37,Queen_Accepted
../archive/sound_files/sound_files/2022-07-13--21-58-04_2__segment1.wav,3,1,1,2,2022-07-13 21:58:04,20.47,47.26,Queen_Accepted
../archive/sound_files/sound_files/2022-07-12--15-12-56_2__segment1.wav,3,1,1,2,2022-07-12 15:12:56,32.89,29.52,Queen_Accepted
../archive/sound_files/sound_files/2022-07-04--03-03-26_2__segment0.wav,3,1,1,2,2022-07-04 3:03:26,18.53,35.13,Queen_Accepted
../archive/sound_files/sound_files/2022-06-24--23-51-12_2__segment4.wav,0,1,1,2,2022-06-24 23:51:12,22.85,35.81,Queenright
../archive/sound_files/sound_files/2022-07-02--17-26-27_2__segment1.wav,3,1,1,2,2022-07-02 17:26:27,25.13,35.37,Queen_Accepted
../archive/sound_files/sound_files/2022-07-09--20-52-10_2__segment0.wav,3,1,1,2,2022-07-09 20:52:10,21.95,44.67,Queen_Accepted
../archive/sound_files/sound_files/2022-07-04--05-01-54_2__segment4.wav,3,1,1,2,2022-07-04 5:01:54,19.53,34.71,Queen_Accepted
../archive/sound_files/sound_files/2022-07-11--05-28-37_2__segment5.wav,3,1,1,2,2022-07-11 5:28:37,17.57,43.28,Queen_Accepted
../archive/sound_files/sound_files/2022-07-13--02-07-17_2__segment3.wav,3,1,1,2,2022-07-13 2:07:17,18.32,44.55,Queen_Accepted
../archive/sound_files/sound_files/2022-07-02--23-21-36_2__segment3.wav,3,1,1,2,2022-07-02 23:21:36,19.8,34.91,Queen_Accepted
../archive/sound_files/sound_files/2022-07-06--19-29-18_2__segment4.wav,3,1,1,2,2022-07-06 19:29:18,23.92,45.18,Queen_Accepted
../archive/sound_files/sound_files/2022-07-09--13-58-05_2__segment3.wav,3,1,1,2,2022-07-09 13:58:05,37.67,22.82,Queen_Accepted
../archive/sound_files/sound_files/2022-06-24--21-52-53_2__segment0.wav,0,1,1,2,2022-06-24 21:52:53,23.77,37.53,Queenright
../archive/sound_files/sound_files/2022-06-15--11-30-55_2__segment5.wav,0,1,1,2,2022-06-15 11:30:55,50.0,10.88,Queenright
../archive/sound_files/sound_files/2022-06-27--21-23-37_2__segment3.wav,2,1,1,2,2022-06-27 21:23:37,22.24,49.7,Queen_New
../archive/sound_files/sound_files/2022-06-28--13-12-04_2__segment3.wav,2,1,1,2,2022-06-28 13:12:04,41.65,17.4,Queen_New
../archive/sound_files/sound_files/2022-06-24--18-55-41_2__segment3.wav,0,1,1,2,2022-06-24 18:55:41,29.74,32.4,Queenright
../archive/sound_files/sound_files/2022-06-27--21-23-37_2__segment1.wav,2,1,1,2,2022-06-27 21:23:37,22.24,49.7,Queen_New
../archive/sound_files/sound_files/2022-07-04--11-56-52_2__segment1.wav,3,1,1,2,2022-07-04 11:56:52,37.82,27.36,Queen_Accepted
../archive/sound_files/sound_files/2022-06-15--23-19-48_2__segment2.wav,0,1,1,2,2022-06-15 23:19:48,19.13,24.49,Queenright
../archive/sound_files/sound_files/2022-06-15--22-20-36_2__segment0.wav,0,1,1,2,2022-06-15 22:20:36,19.15,25.71,Queenright
../archive/sound_files/sound_files/2022-06-24--20-53-47_2__segment0.wav,0,1,1,2,2022-06-24 20:53:47,25.31,38.76,Queenright
../archive/sound_files/sound_files/2022-06-28--21-27-16_2__segment4.wav,2,1,1,2,2022-06-28 21:27:16,22.07,32.26,Queen_New
../archive/sound_files/sound_files/2022-06-26--03-53-30_2__segment0.wav,1,0,1,2,2022-06-26 3:53:30,18.24,40.26,Queenless
../archive/sound_files/sound_files/2022-07-11--22-20-49_2__segment0.wav,3,1,1,2,2022-07-11 22:20:49,21.2,48.67,Queen_Accepted
../archive/sound_files/sound_files/2022-07-08--09-08-34_2__segment4.wav,3,1,1,2,2022-07-08 9:08:34,39.7,31.51,Queen_Accepted
../archive/sound_files/sound_files/2022-07-03--10-13-01_2__segment1.wav,3,1,1,2,2022-07-03 10:13:01,26.74,40.02,Queen_Accepted
../archive/sound_files/sound_files/2022-07-04--23-58-17_2__segment2.wav,3,1,1,2,2022-07-04 23:58:17,22.45,46.22,Queen_Accepted
../archive/sound_files/sound_files/2022-06-25--23-56-42_2__segment2.wav,1,0,1,2,2022-06-25 23:56:42,19.75,39.09,Queenless
../archive/sound_files/sound_files/2022-07-03--17-07-30_2__segment4.wav,3,1,1,2,2022-07-03 17:07:30,26.37,31.95,Queen_Accepted
../archive/sound_files/sound_files/2022-06-24--19-54-43_2__segment1.wav,0,1,1,2,2022-06-24 19:54:43,26.95,35.17,Queenright
../archive/sound_files/sound_files/2022-06-24--11-02-54_2__segment0.wav,0,1,1,2,2022-06-24 11:02:54,37.56,22.52,Queenright
../archive/sound_files/sound_files/2022-06-29--04-21-17_2__segment5.wav,2,1,1,2,2022-06-29 4:21:17,19.27,31.81,Queen_New
../archive/sound_files/sound_files/2022-07-04--09-58-25_2__segment1.wav,3,1,1,2,2022-07-04 9:58:25,40.42,27.3,Queen_Accepted
../archive/sound_files/sound_files/2022-06-16--03-16-35_2__segment3.wav,0,1,1,2,2022-06-16 3:16:35,18.34,25.22,Queenright
../archive/sound_files/sound_files/2022-07-11--23-20-02_2__segment1.wav,3,1,1,2,2022-07-11 23:20:02,20.33,49.66,Queen_Accepted
../archive/sound_files/sound_files/2022-07-09--04-00-47_2__segment5.wav,3,1,1,2,2022-07-09 4:00:47,16.74,41.19,Queen_Accepted
../archive/sound_files/sound_files/2022-07-10--00-48-36_2__segment4.wav,3,1,1,2,2022-07-10 0:48:36,17.84,42.91,Queen_Accepted
../archive/sound_files/sound_files/2022-06-25--07-45-01_2__segment1.wav,0,1,1,2,2022-06-25 7:45:01,24.69,40.72,Queenright
../archive/sound_files/sound_files/2022-06-28--09-14-48_2__segment1.wav,2,1,1,2,2022-06-28 9:14:48,38.48,23.56,Queen_New
../archive/sound_files/sound_files/2022-06-30--04-49-40_2__segment2.wav,2,1,1,2,2022-06-30 4:49:40,21.21,39.84,Queen_New
../archive/sound_files/sound_files/2022-06-30--02-51-21_2__segment5.wav,2,1,1,2,2022-06-30 2:51:21,21.17,31.49,Queen_New
../archive/sound_files/sound_files/2022-07-12--02-23-55_2__segment4.wav,3,1,1,2,2022-07-12 2:23:55,18.56,45.74,Queen_Accepted
../archive/sound_files/sound_files/2022-07-03--09-13-44_2__segment2.wav,3,1,1,2,2022-07-03 9:13:44,24.77,37.28,Queen_Accepted
../archive/sound_files/sound_files/2022-06-14--21-15-24_2__segment0.wav,0,1,1,2,2022-06-14 21:15:24,22.62,25.4,Queenright
../archive/sound_files/sound_files/2022-07-07--05-24-42_2__segment5.wav,3,1,1,2,2022-07-07 5:24:42,19.78,44.47,Queen_Accepted
../archive/sound_files/sound_files/2022-07-11--06-28-05_2__segment3.wav,3,1,1,2,2022-07-11 6:28:05,17.9,42.76,Queen_Accepted
../archive/sound_files/sound_files/2022-06-29--10-17-35_2__segment4.wav,2,1,1,2,2022-06-29 10:17:35,46.36,20.2,Queen_New
../archive/sound_files/sound_files/2022-07-08--18-10-05_2__segment1.wav,3,1,1,2,2022-07-08 18:10:05,29.45,31.29,Queen_Accepted
../archive/sound_files/sound_files/2022-07-10--19-35-56_2__segment3.wav,3,1,1,2,2022-07-10 19:35:56,28.41,32.25,Queen_Accepted
../archive/sound_files/sound_files/2022-07-12--23-09-41_2__segment3.wav,3,1,1,2,2022-07-12 23:09:41,19.65,46.3,Queen_Accepted
../archive/sound_files/sound_files/2022-07-03--13-11-29_2__segment3.wav,3,1,1,2,2022-07-03 13:11:29,39.0,30.46,Queen_Accepted
../archive/sound_files/sound_files/2022-07-07--23-13-22_2__segment4.wav,3,1,1,2,2022-07-07 23:13:22,19.0,37.79,Queen_Accepted
../archive/sound_files/sound_files/2022-06-25--07-45-01_2__segment0.wav,0,1,1,2,2022-06-25 7:45:01,24.69,40.72,Queenright
../archive/sound_files/sound_files/2022-07-15--09-11-17_2__segment0.wav,3,1,1,2,2022-07-15 9:11:17,40.59,27.37,Queen_Accepted
../archive/sound_files/sound_files/2022-06-26--00-55-53_2__segment3.wav,1,0,1,2,2022-06-26 0:55:53,19.34,39.6,Queenless
../archive/sound_files/sound_files/2022-06-14--21-15-24_2__segment1.wav,0,1,1,2,2022-06-14 21:15:24,22.62,25.4,Queenright
../archive/sound_files/sound_files/2022-06-26--22-38-20_2__segment4.wav,1,0,1,2,2022-06-26 22:38:20,19.63,39.49,Queenless
../archive/sound_files/sound_files/2022-07-12--13-15-19_2__segment5.wav,3,1,1,2,2022-07-12 13:15:19,47.34,15.12,Queen_Accepted
../archive/sound_files/sound_files/2022-07-12--15-12-56_2__segment4.wav,3,1,1,2,2022-07-12 15:12:56,32.89,29.52,Queen_Accepted
../archive/sound_files/sound_files/2022-07-13--03-06-31_2__segment1.wav,3,1,1,2,2022-07-13 3:06:31,17.72,46.17,Queen_Accepted
../archive/sound_files/sound_files/2022-07-06--08-38-42_2__segment1.wav,3,1,1,2,2022-07-06 8:38:42,24.75,45.41,Queen_Accepted
../archive/sound_files/sound_files/2022-07-10--20-35-10_2__segment2.wav,3,1,1,2,2022-07-10 20:35:10,26.23,37.57,Queen_Accepted
../archive/sound_files/sound_files/2022-07-03--20-09-13_2__segment0.wav,3,1,1,2,2022-07-03 20:09:13,20.76,35.78,Queen_Accepted
../archive/sound_files/sound_files/2022-07-04--02-04-13_2__segment2.wav,3,1,1,2,2022-07-04 2:04:13,17.8,34.25,Queen_Accepted
../archive/sound_files/sound_files/2022-06-26--19-41-01_2__segment0.wav,1,0,1,2,2022-06-26 19:41:01,25.62,36.42,Queenless
../archive/sound_files/sound_files/2022-07-10--05-44-39_2__segment1.wav,3,1,1,2,2022-07-10 5:44:39,15.5,44.33,Queen_Accepted
../archive/sound_files/sound_files/2022-07-06--21-27-33_2__segment4.wav,3,1,1,2,2022-07-06 21:27:33,19.83,42.31,Queen_Accepted
../archive/sound_files/sound_files/2022-07-07--06-24-26_2__segment0.wav,3,1,1,2,2022-07-07 6:24:26,19.9,45.26,Queen_Accepted
../archive/sound_files/sound_files/2022-06-15--11-30-55_2__segment4.wav,0,1,1,2,2022-06-15 11:30:55,50.0,10.88,Queenright
../archive/sound_files/sound_files/2022-07-10--20-35-10_2__segment4.wav,3,1,1,2,2022-07-10 20:35:10,26.23,37.57,Queen_Accepted
../archive/sound_files/sound_files/2022-07-02--19-24-53_2__segment4.wav,3,1,1,2,2022-07-02 19:24:53,22.68,40.04,Queen_Accepted
../archive/sound_files/sound_files/2022-07-04--04-02-43_2__segment2.wav,3,1,1,2,2022-07-04 4:02:43,19.09,35.37,Queen_Accepted
../archive/sound_files/sound_files/2022-07-09--22-50-18_2__segment4.wav,3,1,1,2,2022-07-09 22:50:18,19.26,43.69,Queen_Accepted
../archive/sound_files/sound_files/2022-06-27--20-24-33_2__segment2.wav,2,1,1,2,2022-06-27 20:24:33,24.26,42.74,Queen_New
../archive/sound_files/sound_files/2022-06-16--20-01-57_2__segment3.wav,0,1,1,2,2022-06-16 20:01:57,20.71,29.72,Queenright
../archive/sound_files/sound_files/2022-06-25--12-41-58_2__segment3.wav,0,1,1,2,2022-06-25 12:41:58,38.29,24.52,Queenright
../archive/sound_files/sound_files/2022-06-25--23-56-42_2__segment0.wav,1,0,1,2,2022-06-25 23:56:42,19.75,39.09,Queenless
../archive/sound_files/sound_files/2022-07-15--03-08-59_2__segment2.wav,3,1,1,2,2022-07-15 3:08:59,17.17,36.95,Queen_Accepted
../archive/sound_files/sound_files/2022-07-06--04-41-50_2__segment2.wav,3,1,1,2,2022-07-06 4:41:50,21.01,46.18,Queen_Accepted
../archive/sound_files/sound_files/2022-06-16--13-09-27_2__segment0.wav,0,1,1,2,2022-06-16 13:09:27,47.17,11.58,Queenright
../archive/sound_files/sound_files/2022-06-15--12-30-15_2__segment5.wav,0,1,1,2,2022-06-15 12:30:15,49.86,10.31,Queenright
../archive/sound_files/sound_files/2022-07-11--18-20-59_2__segment0.wav,3,1,1,2,2022-07-11 18:20:59,32.09,29.71,Queen_Accepted
../archive/sound_files/sound_files/2022-07-10--12-42-27_2__segment4.wav,3,1,1,2,2022-07-10 12:42:27,50.9,11.05,Queen_Accepted
../archive/sound_files/sound_files/2022-07-11--05-28-37_2__segment0.wav,3,1,1,2,2022-07-11 5:28:37,17.57,43.28,Queen_Accepted
../archive/sound_files/sound_files/2022-07-12--16-12-07_2__segment0.wav,3,1,1,2,2022-07-12 16:12:07,31.73,31.83,Queen_Accepted
../archive/sound_files/sound_files/2022-07-11--03-30-14_2__segment2.wav,3,1,1,2,2022-07-11 3:30:14,18.75,43.49,Queen_Accepted
../archive/sound_files/sound_files/2022-06-28--10-14-20_2__segment0.wav,2,1,1,2,2022-06-28 10:14:20,40.79,20.06,Queen_New
../archive/sound_files/sound_files/2022-07-04--22-59-04_2__segment1.wav,3,1,1,2,2022-07-04 22:59:04,22.79,45.09,Queen_Accepted
../archive/sound_files/sound_files/2022-06-16--00-18-58_2__segment5.wav,0,1,1,2,2022-06-16 0:18:58,19.23,43.47,Queenright
../archive/sound_files/sound_files/2022-07-09--23-49-27_2__segment0.wav,3,1,1,2,2022-07-09 23:49:27,18.41,42.65,Queen_Accepted
../archive/sound_files/sound_files/2022-06-27--21-23-37_2__segment0.wav,2,1,1,2,2022-06-27 21:23:37,22.24,49.7,Queen_New
../archive/sound_files/sound_files/2022-07-06--06-40-12_2__segment4.wav,3,1,1,2,2022-07-06 6:40:12,21.38,46.34,Queen_Accepted
../archive/sound_files/sound_files/2022-07-08--19-09-34_2__segment1.wav,3,1,1,2,2022-07-08 19:09:34,25.77,34.68,Queen_Accepted
../archive/sound_files/sound_files/2022-07-04--03-03-26_2__segment2.wav,3,1,1,2,2022-07-04 3:03:26,18.53,35.13,Queen_Accepted
../archive/sound_files/sound_files/2022-07-12--09-19-37_2__segment3.wav,3,1,1,2,2022-07-12 9:19:37,39.87,32.0,Queen_Accepted
../archive/sound_files/sound_files/2022-07-14--09-52-14_2__segment2.wav,3,1,1,2,2022-07-14 9:52:14,44.94,20.78,Queen_Accepted
../archive/sound_files/sound_files/2022-06-30--11-45-41_2__segment2.wav,2,1,1,2,2022-06-30 11:45:41,51.28,16.81,Queen_New
../archive/sound_files/sound_files/2022-06-30--05-48-50_2__segment1.wav,2,1,1,2,2022-06-30 5:48:50,21.11,41.29,Queen_New
../archive/sound_files/sound_files/2022-06-29--11-17-07_2__segment1.wav,2,1,1,2,2022-06-29 11:17:07,49.82,13.2,Queen_New
../archive/sound_files/sound_files/2022-06-30--15-41-07_2__segment5.wav,2,1,1,2,2022-06-30 15:41:07,29.21,25.46,Queen_New
../archive/sound_files/sound_files/2022-07-03--09-13-44_2__segment3.wav,3,1,1,2,2022-07-03 9:13:44,24.77,37.28,Queen_Accepted
../archive/sound_files/sound_files/2022-07-11--19-20-32_2__segment4.wav,3,1,1,2,2022-07-11 19:20:32,28.34,36.04,Queen_Accepted
../archive/sound_files/sound_files/2022-06-28--04-17-36_2__segment0.wav,2,1,1,2,2022-06-28 4:17:36,19.44,53.94,Queen_New
../archive/sound_files/sound_files/2022-06-25--10-43-26_2__segment4.wav,0,1,1,2,2022-06-25 10:43:26,35.38,30.17,Queenright
../archive/sound_files/sound_files/2022-06-28--14-10-34_2__segment3.wav,2,1,1,2,2022-06-28 14:10:34,36.22,22.69,Queen_New
../archive/sound_files/sound_files/2022-06-27--10-20-13_2__segment2.wav,1,0,1,2,2022-06-27 10:20:13,45.02,19.68,Queenless
../archive/sound_files/sound_files/2022-07-09--13-58-05_2__segment0.wav,3,1,1,2,2022-07-09 13:58:05,37.67,22.82,Queen_Accepted
../archive/sound_files/sound_files/2022-07-08--16-07-49_2__segment0.wav,3,1,1,2,2022-07-08 16:07:49,31.01,28.25,Queen_Accepted
../archive/sound_files/sound_files/2022-07-07--12-21-08_2__segment0.wav,3,1,1,2,2022-07-07 12:21:08,49.82,16.03,Queen_Accepted
../archive/sound_files/sound_files/2022-07-11--10-27-12_2__segment0.wav,3,1,1,2,2022-07-11 10:27:12,50.72,13.82,Queen_Accepted
../archive/sound_files/sound_files/2022-07-06--21-27-33_2__segment1.wav,3,1,1,2,2022-07-06 21:27:33,19.83,42.31,Queen_Accepted
../archive/sound_files/sound_files/2022-06-27--16-15-16_2__segment5.wav,1,0,1,2,2022-06-27 16:15:16,32.69,26.97,Queenless
../archive/sound_files/sound_files/2022-06-29--23-53-49_2__segment4.wav,2,1,1,2,2022-06-29 23:53:49,20.79,31.62,Queen_New
../archive/sound_files/sound_files/2022-07-15--14-24-58_2__segment0.wav,3,1,1,2,2022-07-15 14:24:58,35.82,23.48,Queen_Accepted
../archive/sound_files/sound_files/2022-06-25--08-44-24_2__segment4.wav,0,1,1,2,2022-06-25 8:44:24,28.12,41.77,Queenright
../archive/sound_files/sound_files/2022-06-16--20-01-57_2__segment0.wav,0,1,1,2,2022-06-16 20:01:57,20.71,29.72,Queenright
../archive/sound_files/sound_files/2022-07-09--20-52-10_2__segment1.wav,3,1,1,2,2022-07-09 20:52:10,21.95,44.67,Queen_Accepted
../archive/sound_files/sound_files/2022-07-09--05-00-15_2__segment5.wav,3,1,1,2,2022-07-09 5:00:15,16.32,41.12,Queen_Accepted
../archive/sound_files/sound_files/2022-07-11--03-30-14_2__segment1.wav,3,1,1,2,2022-07-11 3:30:14,18.75,43.49,Queen_Accepted
../archive/sound_files/sound_files/2022-07-07--13-19-30_2__segment1.wav,3,1,1,2,2022-07-07 13:19:30,45.4,18.3,Queen_Accepted
../archive/sound_files/sound_files/2022-07-11--03-30-14_2__segment4.wav,3,1,1,2,2022-07-11 3:30:14,18.75,43.49,Queen_Accepted
../archive/sound_files/sound_files/2022-06-29--17-59-12_2__segment0.wav,2,1,1,2,2022-06-29 17:59:12,27.75,31.04,Queen_New
../archive/sound_files/sound_files/2022-07-07--03-26-13_2__segment4.wav,3,1,1,2,2022-07-07 3:26:13,19.82,43.83,Queen_Accepted
../archive/sound_files/sound_files/2022-07-06--12-36-36_2__segment3.wav,3,1,1,2,2022-07-06 12:36:36,47.4,17.72,Queen_Accepted
../archive/sound_files/sound_files/2022-07-06--15-33-11_2__segment1.wav,3,1,1,2,2022-07-06 15:33:11,29.7,30.73,Queen_Accepted
../archive/sound_files/sound_files/2022-07-10--12-42-27_2__segment3.wav,3,1,1,2,2022-07-10 12:42:27,50.9,11.05,Queen_Accepted
../archive/sound_files/sound_files/2022-06-16--06-14-12_2__segment3.wav,0,1,1,2,2022-06-16 6:14:12,19.07,35.39,Queenright
../archive/sound_files/sound_files/2022-07-07--01-27-48_2__segment3.wav,3,1,1,2,2022-07-07 1:27:48,19.8,43.08,Queen_Accepted
../archive/sound_files/sound_files/2022-07-09--09-56-11_2__segment0.wav,3,1,1,2,2022-07-09 9:56:11,44.91,24.96,Queen_Accepted
../archive/sound_files/sound_files/2022-06-26--18-41-57_2__segment0.wav,1,0,1,2,2022-06-26 18:41:57,28.79,31.9,Queenless
../archive/sound_files/sound_files/2022-06-15--16-25-56_2__segment2.wav,0,1,1,2,2022-06-15 16:25:56,30.07,25.94,Queenright
../archive/sound_files/sound_files/2022-07-12--06-20-44_2__segment0.wav,3,1,1,2,2022-07-12 6:20:44,18.47,47.31,Queen_Accepted
../archive/sound_files/sound_files/2022-06-24--13-01-17_2__segment4.wav,0,1,1,2,2022-06-24 13:01:17,39.65,21.54,Queenright
../archive/sound_files/sound_files/2022-07-07--08-22-13_2__segment2.wav,3,1,1,2,2022-07-07 8:22:13,25.35,44.73,Queen_Accepted
../archive/sound_files/sound_files/2022-06-28--12-13-12_2__segment2.wav,2,1,1,2,2022-06-28 12:13:12,43.92,16.7,Queen_New
../archive/sound_files/sound_files/2022-07-12--05-21-31_2__segment2.wav,3,1,1,2,2022-07-12 5:21:31,17.9,46.58,Queen_Accepted
../archive/sound_files/sound_files/2022-07-05--18-43-04_2__segment0.wav,3,1,1,2,2022-07-05 18:43:04,27.06,37.59,Queen_Accepted
../archive/sound_files/sound_files/2022-07-10--17-38-05_2__segment3.wav,3,1,1,2,2022-07-10 17:38:05,33.44,26.54,Queen_Accepted
../archive/sound_files/sound_files/2022-07-11--18-20-59_2__segment1.wav,3,1,1,2,2022-07-11 18:20:59,32.09,29.71,Queen_Accepted
../archive/sound_files/sound_files/2022-06-28--16-08-41_2__segment2.wav,2,1,1,2,2022-06-28 16:08:41,31.31,28.2,Queen_New
../archive/sound_files/sound_files/2022-07-04--05-01-54_2__segment3.wav,3,1,1,2,2022-07-04 5:01:54,19.53,34.71,Queen_Accepted
../archive/sound_files/sound_files/2022-06-16--22-00-08_2__segment4.wav,0,1,1,2,2022-06-16 22:00:08,21.18,62.27,Queenright
../archive/sound_files/sound_files/2022-06-15--15-26-47_2__segment2.wav,0,1,1,2,2022-06-15 15:26:47,31.43,25.73,Queenright
../archive/sound_files/sound_files/2022-07-05--18-43-04_2__segment5.wav,3,1,1,2,2022-07-05 18:43:04,27.06,37.59,Queen_Accepted
../archive/sound_files/sound_files/2022-07-08--14-09-50_2__segment0.wav,3,1,1,2,2022-07-08 14:09:50,37.7,22.08,Queen_Accepted
../archive/sound_files/sound_files/2022-07-06--14-34-31_2__segment3.wav,3,1,1,2,2022-07-06 14:34:31,32.75,26.68,Queen_Accepted
../archive/sound_files/sound_files/2022-06-27--02-35-11_2__segment4.wav,1,0,1,2,2022-06-27 2:35:11,18.5,40.43,Queenless
../archive/sound_files/sound_files/2022-07-12--11-18-02_2__segment2.wav,3,1,1,2,2022-07-12 11:18:02,51.57,15.2,Queen_Accepted
../archive/sound_files/sound_files/2022-06-30--10-46-15_2__segment4.wav,2,1,1,2,2022-06-30 10:46:15,48.21,23.85,Queen_New
../archive/sound_files/sound_files/2022-06-25--12-41-58_2__segment5.wav,0,1,1,2,2022-06-25 12:41:58,38.29,24.52,Queenright
../archive/sound_files/sound_files/2022-06-28--16-08-41_2__segment5.wav,2,1,1,2,2022-06-28 16:08:41,31.31,28.2,Queen_New
../archive/sound_files/sound_files/2022-07-15--08-06-49_2__segment0.wav,3,1,1,2,2022-07-15 8:06:49,31.44,37.53,Queen_Accepted
../archive/sound_files/sound_files/2022-06-28--20-28-09_2__segment1.wav,2,1,1,2,2022-06-28 20:28:09,24.21,31.7,Queen_New
../archive/sound_files/sound_files/2022-07-07--21-15-59_2__segment5.wav,3,1,1,2,2022-07-07 21:15:59,20.9,36.76,Queen_Accepted
../archive/sound_files/sound_files/2022-07-09--23-49-27_2__segment2.wav,3,1,1,2,2022-07-09 23:49:27,18.41,42.65,Queen_Accepted
../archive/sound_files/sound_files/2022-06-30--00-53-00_2__segment0.wav,2,1,1,2,2022-06-30 0:53:00,21.02,31.28,Queen_New
../archive/sound_files/sound_files/2022-07-11--20-19-03_2__segment1.wav,3,1,1,2,2022-07-11 20:19:03,25.77,41.15,Queen_Accepted
../archive/sound_files/sound_files/2022-06-27--12-18-31_2__segment0.wav,1,0,1,2,2022-06-27 12:18:31,49.2,13.94,Queenless
../archive/sound_files/sound_files/2022-07-03--22-07-30_2__segment3.wav,3,1,1,2,2022-07-03 22:07:30,18.37,34.11,Queen_Accepted
../archive/sound_files/sound_files/2022-06-16--22-00-08_2__segment1.wav,0,1,1,2,2022-06-16 22:00:08,21.18,62.27,Queenright
../archive/sound_files/sound_files/2022-06-15--19-23-14_2__segment3.wav,0,1,1,2,2022-06-15 19:23:14,23.54,27.34,Queenright
../archive/sound_files/sound_files/2022-07-09--16-55-44_2__segment2.wav,3,1,1,2,2022-07-09 16:55:44,29.91,32.08,Queen_Accepted
../archive/sound_files/sound_files/2022-07-13--21-58-04_2__segment3.wav,3,1,1,2,2022-07-13 21:58:04,20.47,47.26,Queen_Accepted
../archive/sound_files/sound_files/2022-07-12--03-23-08_2__segment5.wav,3,1,1,2,2022-07-12 3:23:08,18.44,46.12,Queen_Accepted
../archive/sound_files/sound_files/2022-07-09--15-56-25_2__segment0.wav,3,1,1,2,2022-07-09 15:56:25,30.34,29.93,Queen_Accepted
../archive/sound_files/sound_files/2022-06-26--15-44-38_2__segment4.wav,1,0,1,2,2022-06-26 15:44:38,33.06,28.34,Queenless
../archive/sound_files/sound_files/2022-06-16--23-58-21_2__segment1.wav,0,1,1,2,2022-06-16 23:58:21,19.45,34.28,Queenright
../archive/sound_files/sound_files/2022-06-30--12-44-48_2__segment2.wav,2,1,1,2,2022-06-30 12:44:48,49.55,12.69,Queen_New
../archive/sound_files/sound_files/2022-07-08--09-08-34_2__segment5.wav,3,1,1,2,2022-07-08 9:08:34,39.7,31.51,Queen_Accepted
../archive/sound_files/sound_files/2022-06-28--18-29-56_2__segment2.wav,2,1,1,2,2022-06-28 18:29:56,28.86,30.01,Queen_New
../archive/sound_files/sound_files/2022-06-25--02-48-45_2__segment2.wav,0,1,1,2,2022-06-25 2:48:45,21.74,36.03,Queenright
../archive/sound_files/sound_files/2022-07-12--07-20-17_2__segment0.wav,3,1,1,2,2022-07-12 7:20:17,20.77,47.87,Queen_Accepted
../archive/sound_files/sound_files/2022-07-03--07-15-14_2__segment3.wav,3,1,1,2,2022-07-03 7:15:14,21.77,34.96,Queen_Accepted
../archive/sound_files/sound_files/2022-07-07--18-16-21_2__segment0.wav,3,1,1,2,2022-07-07 18:16:21,28.76,31.03,Queen_Accepted
../archive/sound_files/sound_files/2022-07-03--12-11-40_2__segment4.wav,3,1,1,2,2022-07-03 12:11:40,34.19,37.72,Queen_Accepted
../archive/sound_files/sound_files/2022-07-07--23-13-22_2__segment2.wav,3,1,1,2,2022-07-07 23:13:22,19.0,37.79,Queen_Accepted
../archive/sound_files/sound_files/2022-07-02--20-24-01_2__segment2.wav,3,1,1,2,2022-07-02 20:24:01,20.69,35.76,Queen_Accepted
../archive/sound_files/sound_files/2022-06-25--19-01-01_2__segment1.wav,1,0,1,2,2022-06-25 19:01:01,27.72,32.47,Queenless
../archive/sound_files/sound_files/2022-07-04--11-56-52_2__segment2.wav,3,1,1,2,2022-07-04 11:56:52,37.82,27.36,Queen_Accepted
../archive/sound_files/sound_files/2022-07-10--08-42-54_2__segment1.wav,3,1,1,2,2022-07-10 8:42:54,37.07,36.85,Queen_Accepted
../archive/sound_files/sound_files/2022-07-15--01-05-24_2__segment5.wav,3,1,1,2,2022-07-15 1:05:24,17.91,35.78,Queen_Accepted
../archive/sound_files/sound_files/2022-07-03--01-20-01_2__segment0.wav,3,1,1,2,2022-07-03 1:20:01,20.72,36.32,Queen_Accepted
../archive/sound_files/sound_files/2022-06-28--00-20-58_2__segment0.wav,2,1,1,2,2022-06-28 0:20:58,19.87,55.33,Queen_New
../archive/sound_files/sound_files/2022-06-26--20-40-03_2__segment2.wav,1,0,1,2,2022-06-26 20:40:03,22.72,37.79,Queenless
../archive/sound_files/sound_files/2022-06-30--15-41-07_2__segment1.wav,2,1,1,2,2022-06-30 15:41:07,29.21,25.46,Queen_New
../archive/sound_files/sound_files/2022-06-24--21-52-53_2__segment5.wav,0,1,1,2,2022-06-24 21:52:53,23.77,37.53,Queenright
../archive/sound_files/sound_files/2022-07-13--21-58-04_2__segment0.wav,3,1,1,2,2022-07-13 21:58:04,20.47,47.26,Queen_Accepted
../archive/sound_files/sound_files/2022-07-11--16-23-12_2__segment0.wav,3,1,1,2,2022-07-11 16:23:12,34.0,27.66,Queen_Accepted
../archive/sound_files/sound_files/2022-07-04--15-56-31_2__segment2.wav,3,1,1,2,2022-07-04 15:56:31,35.54,27.01,Queen_Accepted
../archive/sound_files/sound_files/2022-07-12--23-09-41_2__segment2.wav,3,1,1,2,2022-07-12 23:09:41,19.65,46.3,Queen_Accepted
../archive/sound_files/sound_files/2022-07-11--13-24-24_2__segment3.wav,3,1,1,2,2022-07-11 13:24:24,45.5,15.02,Queen_Accepted
../archive/sound_files/sound_files/2022-07-12--06-20-44_2__segment4.wav,3,1,1,2,2022-07-12 6:20:44,18.47,47.31,Queen_Accepted
../archive/sound_files/sound_files/2022-07-10--05-44-39_2__segment4.wav,3,1,1,2,2022-07-10 5:44:39,15.5,44.33,Queen_Accepted
../archive/sound_files/sound_files/2022-07-04--08-58-57_2__segment3.wav,3,1,1,2,2022-07-04 8:58:57,38.43,33.57,Queen_Accepted
../archive/sound_files/sound_files/2022-06-30--17-39-21_2__segment1.wav,2,1,1,2,2022-06-30 17:39:21,25.77,30.54,Queen_New
../archive/sound_files/sound_files/2022-06-16--07-13-31_2__segment2.wav,0,1,1,2,2022-06-16 7:13:31,24.88,32.82,Queenright
../archive/sound_files/sound_files/2022-06-16--00-18-58_2__segment3.wav,0,1,1,2,2022-06-16 0:18:58,19.23,43.47,Queenright
../archive/sound_files/sound_files/2022-07-15--12-25-14_2__segment1.wav,3,1,1,2,2022-07-15 12:25:14,49.58,11.6,Queen_Accepted
../archive/sound_files/sound_files/2022-07-07--23-13-22_2__segment0.wav,3,1,1,2,2022-07-07 23:13:22,19.0,37.79,Queen_Accepted
../archive/sound_files/sound_files/2022-07-15--14-24-58_2__segment4.wav,3,1,1,2,2022-07-15 14:24:58,35.82,23.48,Queen_Accepted
../archive/sound_files/sound_files/2022-07-02--22-22-21_2__segment0.wav,3,1,1,2,2022-07-02 22:22:21,19.23,37.3,Queen_Accepted
../archive/sound_files/sound_files/2022-07-09--18-54-22_2__segment5.wav,3,1,1,2,2022-07-09 18:54:22,26.77,35.04,Queen_Accepted
../archive/sound_files/sound_files/2022-07-10--02-46-54_2__segment0.wav,3,1,1,2,2022-07-10 2:46:54,16.9,43.58,Queen_Accepted
../archive/sound_files/sound_files/2022-06-30--15-41-07_2__segment3.wav,2,1,1,2,2022-06-30 15:41:07,29.21,25.46,Queen_New
../archive/sound_files/sound_files/2022-07-11--16-23-12_2__segment1.wav,3,1,1,2,2022-07-11 16:23:12,34.0,27.66,Queen_Accepted
../archive/sound_files/sound_files/2022-06-26--00-55-53_2__segment5.wav,1,0,1,2,2022-06-26 0:55:53,19.34,39.6,Queenless
../archive/sound_files/sound_files/2022-06-26--10-48-36_2__segment2.wav,1,0,1,2,2022-06-26 10:48:36,49.68,15.42,Queenless
../archive/sound_files/sound_files/2022-07-11--10-27-12_2__segment3.wav,3,1,1,2,2022-07-11 10:27:12,50.72,13.82,Queen_Accepted
../archive/sound_files/sound_files/2022-06-28--01-20-09_2__segment5.wav,2,1,1,2,2022-06-28 1:20:09,19.7,57.18,Queen_New
../archive/sound_files/sound_files/2022-06-15--20-22-19_2__segment2.wav,0,1,1,2,2022-06-15 20:22:19,21.15,26.68,Queenright
../archive/sound_files/sound_files/2022-07-08--19-09-34_2__segment4.wav,3,1,1,2,2022-07-08 19:09:34,25.77,34.68,Queen_Accepted
../archive/sound_files/sound_files/2022-07-10--00-48-36_2__segment1.wav,3,1,1,2,2022-07-10 0:48:36,17.84,42.91,Queen_Accepted
../archive/sound_files/sound_files/2022-07-04--11-56-52_2__segment3.wav,3,1,1,2,2022-07-04 11:56:52,37.82,27.36,Queen_Accepted
../archive/sound_files/sound_files/2022-07-14--21-57-19_2__segment0.wav,3,1,1,2,2022-07-14 21:57:19,19.97,36.82,Queen_Accepted
../archive/sound_files/sound_files/2022-07-05--22-44-10_2__segment1.wav,3,1,1,2,2022-07-05 22:44:10,19.76,45.01,Queen_Accepted
../archive/sound_files/sound_files/2022-07-05--18-43-04_2__segment4.wav,3,1,1,2,2022-07-05 18:43:04,27.06,37.59,Queen_Accepted
../archive/sound_files/sound_files/2022-06-16--08-12-31_2__segment2.wav,0,1,1,2,2022-06-16 8:12:31,33.74,30.06,Queenright
../archive/sound_files/sound_files/2022-07-08--21-07-28_2__segment5.wav,3,1,1,2,2022-07-08 21:07:28,21.11,40.02,Queen_Accepted
../archive/sound_files/sound_files/2022-06-25--01-49-33_2__segment2.wav,0,1,1,2,2022-06-25 1:49:33,22.16,35.65,Queenright
../archive/sound_files/sound_files/2022-07-03--10-13-01_2__segment3.wav,3,1,1,2,2022-07-03 10:13:01,26.74,40.02,Queen_Accepted
../archive/sound_files/sound_files/2022-06-27--19-25-32_2__segment2.wav,2,1,1,2,2022-06-27 19:25:32,26.43,40.55,Queen_New
../archive/sound_files/sound_files/2022-07-12--17-10-55_2__segment4.wav,3,1,1,2,2022-07-12 17:10:55,30.11,33.57,Queen_Accepted
../archive/sound_files/sound_files/2022-07-11--21-21-30_2__segment4.wav,3,1,1,2,2022-07-11 21:21:30,23.08,45.74,Queen_Accepted
../archive/sound_files/sound_files/2022-07-15--01-05-24_2__segment3.wav,3,1,1,2,2022-07-15 1:05:24,17.91,35.78,Queen_Accepted
../archive/sound_files/sound_files/2022-06-27--23-21-51_2__segment0.wav,2,1,1,2,2022-06-27 23:21:51,20.35,54.25,Queen_New
../archive/sound_files/sound_files/2022-06-30--05-48-50_2__segment4.wav,2,1,1,2,2022-06-30 5:48:50,21.11,41.29,Queen_New
../archive/sound_files/sound_files/2022-07-12--21-07-38_2__segment0.wav,3,1,1,2,2022-07-12 21:07:38,22.38,47.82,Queen_Accepted
../archive/sound_files/sound_files/2022-06-26--22-38-20_2__segment2.wav,1,0,1,2,2022-06-26 22:38:20,19.63,39.49,Queenless
../archive/sound_files/sound_files/2022-06-25--18-01-55_2__segment0.wav,1,0,1,2,2022-06-25 18:01:55,30.93,29.56,Queenless
../archive/sound_files/sound_files/2022-07-05--14-46-32_2__segment0.wav,3,1,1,2,2022-07-05 14:46:32,33.62,31.43,Queen_Accepted
../archive/sound_files/sound_files/2022-07-07--13-19-30_2__segment3.wav,3,1,1,2,2022-07-07 13:19:30,45.4,18.3,Queen_Accepted
../archive/sound_files/sound_files/2022-06-27--22-22-43_2__segment5.wav,2,1,1,2,2022-06-27 22:22:43,21.02,53.04,Queen_New
../archive/sound_files/sound_files/2022-07-11--06-28-05_2__segment1.wav,3,1,1,2,2022-07-11 6:28:05,17.9,42.76,Queen_Accepted
../archive/sound_files/sound_files/2022-07-04--22-59-04_2__segment5.wav,3,1,1,2,2022-07-04 22:59:04,22.79,45.09,Queen_Accepted
../archive/sound_files/sound_files/2022-07-08--04-12-14_2__segment0.wav,3,1,1,2,2022-07-08 4:12:14,16.31,39.17,Queen_Accepted
../archive/sound_files/sound_files/2022-07-12--14-14-09_2__segment5.wav,3,1,1,2,2022-07-12 14:14:09,37.35,24.16,Queen_Accepted
../archive/sound_files/sound_files/2022-07-05--03-54-55_2__segment0.wav,3,1,1,2,2022-07-05 3:54:55,21.05,48.32,Queen_Accepted
../archive/sound_files/sound_files/2022-06-24--12-02-08_2__segment5.wav,0,1,1,2,2022-06-24 12:02:08,39.64,20.42,Queenright
../archive/sound_files/sound_files/2022-06-15--14-27-39_2__segment2.wav,0,1,1,2,2022-06-15 14:27:39,36.07,21.25,Queenright
../archive/sound_files/sound_files/2022-07-05--08-51-36_2__segment3.wav,3,1,1,2,2022-07-05 8:51:36,34.54,39.37,Queen_Accepted
../archive/sound_files/sound_files/2022-06-28--03-18-26_2__segment0.wav,2,1,1,2,2022-06-28 3:18:26,19.5,54.71,Queen_New
../archive/sound_files/sound_files/2022-06-28--19-29-03_2__segment1.wav,2,1,1,2,2022-06-28 19:29:03,26.09,30.45,Queen_New
../archive/sound_files/sound_files/2022-07-06--05-40-59_2__segment4.wav,3,1,1,2,2022-07-06 5:40:59,20.83,46.19,Queen_Accepted
../archive/sound_files/sound_files/2022-06-25--23-56-42_2__segment5.wav,1,0,1,2,2022-06-25 23:56:42,19.75,39.09,Queenless
../archive/sound_files/sound_files/2022-06-16--19-02-57_2__segment0.wav,0,1,1,2,2022-06-16 19:02:57,23.41,35.28,Queenright
../archive/sound_files/sound_files/2022-06-15--13-28-45_2__segment5.wav,0,1,1,2,2022-06-15 13:28:45,45.29,12.58,Queenright
../archive/sound_files/sound_files/2022-06-26--16-43-49_2__segment2.wav,1,0,1,2,2022-06-26 16:43:49,31.93,30.42,Queenless
../archive/sound_files/sound_files/2022-07-03--19-10-34_2__segment5.wav,3,1,1,2,2022-07-03 19:10:34,23.02,35.64,Queen_Accepted
../archive/sound_files/sound_files/2022-07-12--12-17-36_2__segment0.wav,3,1,1,2,2022-07-12 12:17:36,51.89,11.99,Queen_Accepted
../archive/sound_files/sound_files/2022-07-08--07-09-47_2__segment5.wav,3,1,1,2,2022-07-08 7:09:47,21.87,41.4,Queen_Accepted
../archive/sound_files/sound_files/2022-07-05--14-46-32_2__segment4.wav,3,1,1,2,2022-07-05 14:46:32,33.62,31.43,Queen_Accepted
../archive/sound_files/sound_files/2022-07-11--21-21-30_2__segment5.wav,3,1,1,2,2022-07-11 21:21:30,23.08,45.74,Queen_Accepted
../archive/sound_files/sound_files/2022-07-08--08-08-29_2__segment0.wav,3,1,1,2,2022-07-08 8:08:29,31.91,40.08,Queen_Accepted
../archive/sound_files/sound_files/2022-06-15--15-26-47_2__segment0.wav,0,1,1,2,2022-06-15 15:26:47,31.43,25.73,Queenright
../archive/sound_files/sound_files/2022-06-25--01-49-33_2__segment1.wav,0,1,1,2,2022-06-25 1:49:33,22.16,35.65,Queenright
../archive/sound_files/sound_files/2022-06-25--17-02-48_2__segment2.wav,1,0,1,2,2022-06-25 17:02:48,31.4,28.92,Queenless
../archive/sound_files/sound_files/2022-07-10--00-48-36_2__segment5.wav,3,1,1,2,2022-07-10 0:48:36,17.84,42.91,Queen_Accepted
../archive/sound_files/sound_files/2022-06-25--22-57-32_2__segment4.wav,1,0,1,2,2022-06-25 22:57:32,20.25,38.57,Queenless
../archive/sound_files/sound_files/2022-07-10--22-33-37_2__segment4.wav,3,1,1,2,2022-07-10 22:33:37,22.6,43.54,Queen_Accepted
../archive/sound_files/sound_files/2022-06-16--13-09-27_2__segment2.wav,0,1,1,2,2022-06-16 13:09:27,47.17,11.58,Queenright
../archive/sound_files/sound_files/2022-06-28--23-25-29_2__segment0.wav,2,1,1,2,2022-06-28 23:25:29,20.32,32.28,Queen_New
../archive/sound_files/sound_files/2022-07-02--21-23-11_2__segment1.wav,3,1,1,2,2022-07-02 21:23:11,19.55,36.84,Queen_Accepted
../archive/sound_files/sound_files/2022-06-29--21-55-24_2__segment4.wav,2,1,1,2,2022-06-29 21:55:24,20.08,33.48,Queen_New
../archive/sound_files/sound_files/2022-06-24--11-02-54_2__segment1.wav,0,1,1,2,2022-06-24 11:02:54,37.56,22.52,Queenright
../archive/sound_files/sound_files/2022-07-07--14-18-57_2__segment4.wav,3,1,1,2,2022-07-07 14:18:57,35.23,25.3,Queen_Accepted
../archive/sound_files/sound_files/2022-07-02--22-22-21_2__segment5.wav,3,1,1,2,2022-07-02 22:22:21,19.23,37.3,Queen_Accepted
../archive/sound_files/sound_files/2022-06-16--01-18-24_2__segment4.wav,0,1,1,2,2022-06-16 1:18:24,18.82,24.42,Queenright
../archive/sound_files/sound_files/2022-07-07--05-24-42_2__segment1.wav,3,1,1,2,2022-07-07 5:24:42,19.78,44.47,Queen_Accepted
../archive/sound_files/sound_files/2022-06-15--18-24-11_2__segment4.wav,0,1,1,2,2022-06-15 18:24:11,26.56,27.68,Queenright
../archive/sound_files/sound_files/2022-06-30--17-39-21_2__segment3.wav,2,1,1,2,2022-06-30 17:39:21,25.77,30.54,Queen_New
../archive/sound_files/sound_files/2022-07-05--07-52-11_2__segment5.wav,3,1,1,2,2022-07-05 7:52:11,28.64,47.74,Queen_Accepted
../archive/sound_files/sound_files/2022-07-07--07-22-56_2__segment3.wav,3,1,1,2,2022-07-07 7:22:56,21.88,44.94,Queen_Accepted
../archive/sound_files/sound_files/2022-06-28--17-07-45_2__segment2.wav,2,1,1,2,2022-06-28 17:07:45,29.51,28.16,Queen_New
../archive/sound_files/sound_files/2022-06-28--08-14-40_2__segment1.wav,2,1,1,2,2022-06-28 8:14:40,33.75,37.4,Queen_New
../archive/sound_files/sound_files/2022-06-27--07-31-07_2__segment1.wav,1,0,1,2,2022-06-27 7:31:07,23.83,40.34,Queenless
../archive/sound_files/sound_files/2022-07-14--15-03-25_2__segment1.wav,3,1,1,2,2022-07-14 15:03:25,32.99,28.95,Queen_Accepted
../archive/sound_files/sound_files/2022-06-27--18-13-28_2__segment4.wav,1,0,1,2,2022-06-27 18:13:28,30.71,27.77,Queenless
../archive/sound_files/sound_files/2022-06-29--04-21-17_2__segment3.wav,2,1,1,2,2022-06-29 4:21:17,19.27,31.81,Queen_New
../archive/sound_files/sound_files/2022-06-30--09-46-45_2__segment1.wav,2,1,1,2,2022-06-30 9:46:45,41.57,28.43,Queen_New
../archive/sound_files/sound_files/2022-06-29--07-19-04_2__segment5.wav,2,1,1,2,2022-06-29 7:19:04,23.38,33.83,Queen_New
../archive/sound_files/sound_files/2022-07-06--09-38-12_2__segment5.wav,3,1,1,2,2022-07-06 9:38:12,34.48,40.22,Queen_Accepted
../archive/sound_files/sound_files/2022-07-02--21-23-11_2__segment3.wav,3,1,1,2,2022-07-02 21:23:11,19.55,36.84,Queen_Accepted
../archive/sound_files/sound_files/2022-07-12--18-09-43_2__segment3.wav,3,1,1,2,2022-07-12 18:09:43,30.62,33.8,Queen_Accepted
../archive/sound_files/sound_files/2022-07-04--01-05-00_2__segment1.wav,3,1,1,2,2022-07-04 1:05:00,17.41,33.21,Queen_Accepted
../archive/sound_files/sound_files/2022-07-04--11-56-52_2__segment5.wav,3,1,1,2,2022-07-04 11:56:52,37.82,27.36,Queen_Accepted
../archive/sound_files/sound_files/2022-06-27--03-34-20_2__segment5.wav,1,0,1,2,2022-06-27 3:34:20,20.15,40.98,Queenless
../archive/sound_files/sound_files/2022-07-05--17-43-58_2__segment4.wav,3,1,1,2,2022-07-05 17:43:58,29.09,36.25,Queen_Accepted
../archive/sound_files/sound_files/2022-06-25--13-40-59_2__segment3.wav,0,1,1,2,2022-06-25 13:40:59,36.36,25.87,Queenright
../archive/sound_files/sound_files/2022-07-04--00-05-51_2__segment0.wav,3,1,1,2,2022-07-04 0:05:51,17.71,33.19,Queen_Accepted
../archive/sound_files/sound_files/2022-07-03--05-16-49_2__segment1.wav,3,1,1,2,2022-07-03 5:16:49,20.59,34.48,Queen_Accepted
../archive/sound_files/sound_files/2022-06-16--07-13-31_2__segment0.wav,0,1,1,2,2022-06-16 7:13:31,24.88,32.82,Queenright
../archive/sound_files/sound_files/2022-07-09--20-52-10_2__segment4.wav,3,1,1,2,2022-07-09 20:52:10,21.95,44.67,Queen_Accepted
../archive/sound_files/sound_files/2022-07-05--21-40-31_2__segment1.wav,3,1,1,2,2022-07-05 21:40:31,20.36,44.06,Queen_Accepted
../archive/sound_files/sound_files/2022-06-27--22-22-43_2__segment1.wav,2,1,1,2,2022-06-27 22:22:43,21.02,53.04,Queen_New
../archive/sound_files/sound_files/2022-07-11--07-27-46_2__segment4.wav,3,1,1,2,2022-07-11 7:27:46,27.42,43.79,Queen_Accepted
../archive/sound_files/sound_files/2022-06-26--20-40-03_2__segment1.wav,1,0,1,2,2022-06-26 20:40:03,22.72,37.79,Queenless
../archive/sound_files/sound_files/2022-07-11--09-27-27_2__segment5.wav,3,1,1,2,2022-07-11 9:27:27,45.13,23.73,Queen_Accepted
../archive/sound_files/sound_files/2022-06-27--00-36-44_2__segment1.wav,1,0,1,2,2022-06-27 0:36:44,18.72,38.71,Queenless
../archive/sound_files/sound_files/2022-07-15--14-24-58_2__segment1.wav,3,1,1,2,2022-07-15 14:24:58,35.82,23.48,Queen_Accepted
../archive/sound_files/sound_files/2022-07-10--14-40-18_2__segment2.wav,3,1,1,2,2022-07-10 14:40:18,36.87,19.83,Queen_Accepted
../archive/sound_files/sound_files/2022-07-08--22-06-22_2__segment2.wav,3,1,1,2,2022-07-08 22:06:22,19.83,40.09,Queen_Accepted
../archive/sound_files/sound_files/2022-07-06--10-37-58_2__segment5.wav,3,1,1,2,2022-07-06 10:37:58,41.14,30.87,Queen_Accepted
../archive/sound_files/sound_files/2022-06-26--04-52-44_2__segment4.wav,1,0,1,2,2022-06-26 4:52:44,18.91,40.24,Queenless
../archive/sound_files/sound_files/2022-06-29--06-19-34_2__segment0.wav,2,1,1,2,2022-06-29 6:19:34,19.05,31.05,Queen_New
../archive/sound_files/sound_files/2022-07-08--10-07-58_2__segment0.wav,3,1,1,2,2022-07-08 10:07:58,46.38,23.7,Queen_Accepted
../archive/sound_files/sound_files/2022-06-29--08-18-26_2__segment0.wav,2,1,1,2,2022-06-29 8:18:26,30.38,35.78,Queen_New
../archive/sound_files/sound_files/2022-07-09--17-55-02_2__segment4.wav,3,1,1,2,2022-07-09 17:55:02,29.01,32.94,Queen_Accepted
../archive/sound_files/sound_files/2022-07-03--12-11-40_2__segment0.wav,3,1,1,2,2022-07-03 12:11:40,34.19,37.72,Queen_Accepted
../archive/sound_files/sound_files/2022-06-25--05-46-18_2__segment0.wav,0,1,1,2,2022-06-25 5:46:18,20.74,35.79,Queenright
../archive/sound_files/sound_files/2022-07-04--10-57-59_2__segment2.wav,3,1,1,2,2022-07-04 10:57:59,37.96,27.15,Queen_Accepted
../archive/sound_files/sound_files/2022-07-03--12-11-40_2__segment2.wav,3,1,1,2,2022-07-03 12:11:40,34.19,37.72,Queen_Accepted
../archive/sound_files/sound_files/2022-07-12--03-23-08_2__segment1.wav,3,1,1,2,2022-07-12 3:23:08,18.44,46.12,Queen_Accepted
../archive/sound_files/sound_files/2022-07-12--20-09-00_2__segment1.wav,3,1,1,2,2022-07-12 20:09:00,24.4,42.54,Queen_Accepted
../archive/sound_files/sound_files/2022-06-28--20-28-09_2__segment5.wav,2,1,1,2,2022-06-28 20:28:09,24.21,31.7,Queen_New
../archive/sound_files/sound_files/2022-06-16--10-12-01_2__segment5.wav,0,1,1,2,2022-06-16 10:12:01,46.54,16.59,Queenright
../archive/sound_files/sound_files/2022-06-30--14-42-07_2__segment4.wav,2,1,1,2,2022-06-30 14:42:07,32.97,24.07,Queen_New
../archive/sound_files/sound_files/2022-07-12--17-10-55_2__segment2.wav,3,1,1,2,2022-07-12 17:10:55,30.11,33.57,Queen_Accepted
../archive/sound_files/sound_files/2022-07-10--23-32-49_2__segment0.wav,3,1,1,2,2022-07-10 23:32:49,21.6,44.88,Queen_Accepted
../archive/sound_files/sound_files/2022-06-16--19-02-57_2__segment4.wav,0,1,1,2,2022-06-16 19:02:57,23.41,35.28,Queenright
../archive/sound_files/sound_files/2022-06-25--11-42-48_2__segment3.wav,0,1,1,2,2022-06-25 11:42:48,37.73,26.85,Queenright
../archive/sound_files/sound_files/2022-07-10--07-43-18_2__segment0.wav,3,1,1,2,2022-07-10 7:43:18,26.87,46.52,Queen_Accepted
../archive/sound_files/sound_files/2022-07-08--15-08-24_2__segment4.wav,3,1,1,2,2022-07-08 15:08:24,32.53,25.36,Queen_Accepted
../archive/sound_files/sound_files/2022-07-12--10-18-46_2__segment5.wav,3,1,1,2,2022-07-12 10:18:46,46.26,23.11,Queen_Accepted
../archive/sound_files/sound_files/2022-07-08--18-10-05_2__segment4.wav,3,1,1,2,2022-07-08 18:10:05,29.45,31.29,Queen_Accepted
../archive/sound_files/sound_files/2022-07-07--22-14-11_2__segment2.wav,3,1,1,2,2022-07-07 22:14:11,20.07,38.2,Queen_Accepted
../archive/sound_files/sound_files/2022-07-12--02-23-55_2__segment1.wav,3,1,1,2,2022-07-12 2:23:55,18.56,45.74,Queen_Accepted
../archive/sound_files/sound_files/2022-07-08--03-12-29_2__segment4.wav,3,1,1,2,2022-07-08 3:12:29,16.94,39.01,Queen_Accepted
../archive/sound_files/sound_files/2022-06-15--20-22-19_2__segment1.wav,0,1,1,2,2022-06-15 20:22:19,21.15,26.68,Queenright
../archive/sound_files/sound_files/2022-07-15--04-07-19_2__segment3.wav,3,1,1,2,2022-07-15 4:07:19,16.78,36.61,Queen_Accepted
../archive/sound_files/sound_files/2022-07-04--09-58-25_2__segment4.wav,3,1,1,2,2022-07-04 9:58:25,40.42,27.3,Queen_Accepted
../archive/sound_files/sound_files/2022-07-10--18-36-58_2__segment1.wav,3,1,1,2,2022-07-10 18:36:58,31.8,29.24,Queen_Accepted
../archive/sound_files/sound_files/2022-06-15--16-25-56_2__segment4.wav,0,1,1,2,2022-06-15 16:25:56,30.07,25.94,Queenright
../archive/sound_files/sound_files/2022-06-28--00-20-58_2__segment4.wav,2,1,1,2,2022-06-28 0:20:58,19.87,55.33,Queen_New
../archive/sound_files/sound_files/2022-06-14--20-15-04_2__segment2.wav,0,1,1,2,2022-06-14 20:15:04,24.67,24.97,Queenright
../archive/sound_files/sound_files/2022-07-05--02-55-46_2__segment3.wav,3,1,1,2,2022-07-05 2:55:46,21.17,47.88,Queen_Accepted
../archive/sound_files/sound_files/2022-07-09--00-04-21_2__segment3.wav,3,1,1,2,2022-07-09 0:04:21,18.42,39.55,Queen_Accepted
../archive/sound_files/sound_files/2022-07-06--14-34-31_2__segment1.wav,3,1,1,2,2022-07-06 14:34:31,32.75,26.68,Queen_Accepted
../archive/sound_files/sound_files/2022-06-30--08-46-38_2__segment0.wav,2,1,1,2,2022-06-30 8:46:38,27.36,39.05,Queen_New
../archive/sound_files/sound_files/2022-06-28--11-13-54_2__segment5.wav,2,1,1,2,2022-06-28 11:13:54,43.52,17.67,Queen_New
../archive/sound_files/sound_files/2022-07-05--17-43-58_2__segment5.wav,3,1,1,2,2022-07-05 17:43:58,29.09,36.25,Queen_Accepted
../archive/sound_files/sound_files/2022-07-04--04-02-43_2__segment3.wav,3,1,1,2,2022-07-04 4:02:43,19.09,35.37,Queen_Accepted
../archive/sound_files/sound_files/2022-07-07--19-17-27_2__segment5.wav,3,1,1,2,2022-07-07 19:17:27,24.89,34.76,Queen_Accepted
../archive/sound_files/sound_files/2022-07-11--19-20-32_2__segment3.wav,3,1,1,2,2022-07-11 19:20:32,28.34,36.04,Queen_Accepted
../archive/sound_files/sound_files/2022-07-03--06-15-59_2__segment4.wav,3,1,1,2,2022-07-03 6:15:59,20.71,35.58,Queen_Accepted
../archive/sound_files/sound_files/2022-07-07--10-20-57_2__segment3.wav,3,1,1,2,2022-07-07 10:20:57,44.57,28.45,Queen_Accepted
../archive/sound_files/sound_files/2022-06-28--23-25-29_2__segment5.wav,2,1,1,2,2022-06-28 23:25:29,20.32,32.28,Queen_New
../archive/sound_files/sound_files/2022-07-12--09-19-37_2__segment5.wav,3,1,1,2,2022-07-12 9:19:37,39.87,32.0,Queen_Accepted
../archive/sound_files/sound_files/2022-06-26--09-49-13_2__segment2.wav,1,0,1,2,2022-06-26 9:49:13,45.21,23.14,Queenless
../archive/sound_files/sound_files/2022-07-14--16-02-50_2__segment5.wav,3,1,1,2,2022-07-14 16:02:50,31.02,29.69,Queen_Accepted
../archive/sound_files/sound_files/2022-07-08--00-14-56_2__segment2.wav,3,1,1,2,2022-07-08 0:14:56,18.42,38.43,Queen_Accepted
../archive/sound_files/sound_files/2022-06-24--22-52-03_2__segment1.wav,0,1,1,2,2022-06-24 22:52:03,23.01,37.17,Queenright
../archive/sound_files/sound_files/2022-06-28--13-12-04_2__segment5.wav,2,1,1,2,2022-06-28 13:12:04,41.65,17.4,Queen_New
../archive/sound_files/sound_files/2022-07-04--06-01-05_2__segment4.wav,3,1,1,2,2022-07-04 6:01:05,19.58,54.38,Queen_Accepted
../archive/sound_files/sound_files/2022-07-14--19-59-41_2__segment0.wav,3,1,1,2,2022-07-14 19:59:41,23.56,36.16,Queen_Accepted
../archive/sound_files/sound_files/2022-07-11--21-21-30_2__segment1.wav,3,1,1,2,2022-07-11 21:21:30,23.08,45.74,Queen_Accepted
../archive/sound_files/sound_files/2022-06-15--08-32-07_2__segment1.wav,0,1,1,2,2022-06-15 8:32:07,37.82,27.19,Queenright
../archive/sound_files/sound_files/2022-07-15--05-06-30_2__segment3.wav,3,1,1,2,2022-07-15 5:06:30,16.43,36.07,Queen_Accepted
../archive/sound_files/sound_files/2022-06-26--13-46-18_2__segment0.wav,1,0,1,2,2022-06-26 13:46:18,42.36,17.97,Queenless
../archive/sound_files/sound_files/2022-07-09--01-03-30_2__segment0.wav,3,1,1,2,2022-07-09 1:03:30,17.88,40.1,Queen_Accepted
../archive/sound_files/sound_files/2022-06-29--14-13-31_2__segment4.wav,2,1,1,2,2022-06-29 14:13:31,37.15,21.01,Queen_New
../archive/sound_files/sound_files/2022-06-28--09-14-48_2__segment5.wav,2,1,1,2,2022-06-28 9:14:48,38.48,23.56,Queen_New
../archive/sound_files/sound_files/2022-06-27--08-30-28_2__segment2.wav,1,0,1,2,2022-06-27 8:30:28,34.51,39.44,Queenless
../archive/sound_files/sound_files/2022-06-16--09-12-24_2__segment4.wav,0,1,1,2,2022-06-16 9:12:24,41.15,20.1,Queenright
../archive/sound_files/sound_files/2022-07-09--23-49-27_2__segment5.wav,3,1,1,2,2022-07-09 23:49:27,18.41,42.65,Queen_Accepted
../archive/sound_files/sound_files/2022-06-25--16-03-37_2__segment2.wav,1,0,1,2,2022-06-25 16:03:37,32.64,26.27,Queenless
../archive/sound_files/sound_files/2022-06-15--18-24-11_2__segment1.wav,0,1,1,2,2022-06-15 18:24:11,26.56,27.68,Queenright
../archive/sound_files/sound_files/2022-07-11--19-20-32_2__segment5.wav,3,1,1,2,2022-07-11 19:20:32,28.34,36.04,Queen_Accepted
../archive/sound_files/sound_files/2022-07-04--10-57-59_2__segment5.wav,3,1,1,2,2022-07-04 10:57:59,37.96,27.15,Queen_Accepted
../archive/sound_files/sound_files/2022-07-10--03-45-59_2__segment1.wav,3,1,1,2,2022-07-10 3:45:59,16.38,43.76,Queen_Accepted
../archive/sound_files/sound_files/2022-06-29--20-56-16_2__segment4.wav,2,1,1,2,2022-06-29 20:56:16,19.98,35.85,Queen_New
../archive/sound_files/sound_files/2022-06-29--19-57-13_2__segment5.wav,2,1,1,2,2022-06-29 19:57:13,22.31,32.63,Queen_New
../archive/sound_files/sound_files/2022-07-10--09-43-41_2__segment0.wav,3,1,1,2,2022-07-10 9:43:41,44.41,25.42,Queen_Accepted
../archive/sound_files/sound_files/2022-06-24--14-59-22_2__segment3.wav,0,1,1,2,2022-06-24 14:59:22,35.06,25.9,Queenright
../archive/sound_files/sound_files/2022-06-30--09-46-45_2__segment2.wav,2,1,1,2,2022-06-30 9:46:45,41.57,28.43,Queen_New
../archive/sound_files/sound_files/2022-06-29--20-56-16_2__segment1.wav,2,1,1,2,2022-06-29 20:56:16,19.98,35.85,Queen_New
../archive/sound_files/sound_files/2022-07-12--22-07-06_2__segment4.wav,3,1,1,2,2022-07-12 22:07:06,20.46,48.0,Queen_Accepted
../archive/sound_files/sound_files/2022-06-30--04-49-40_2__segment0.wav,2,1,1,2,2022-06-30 4:49:40,21.21,39.84,Queen_New
../archive/sound_files/sound_files/2022-07-03--15-08-57_2__segment2.wav,3,1,1,2,2022-07-03 15:08:57,28.84,29.18,Queen_Accepted
../archive/sound_files/sound_files/2022-07-12--20-09-00_2__segment0.wav,3,1,1,2,2022-07-12 20:09:00,24.4,42.54,Queen_Accepted
../archive/sound_files/sound_files/2022-07-05--00-57-29_2__segment1.wav,3,1,1,2,2022-07-05 0:57:29,21.89,47.73,Queen_Accepted
../archive/sound_files/sound_files/2022-07-11--12-25-43_2__segment5.wav,3,1,1,2,2022-07-11 12:25:43,49.28,13.71,Queen_Accepted
../archive/sound_files/sound_files/2022-07-14--14-01-51_2__segment2.wav,3,1,1,2,2022-07-14 14:01:51,38.75,22.6,Queen_Accepted
../archive/sound_files/sound_files/2022-07-14--16-02-50_2__segment4.wav,3,1,1,2,2022-07-14 16:02:50,31.02,29.69,Queen_Accepted
../archive/sound_files/sound_files/2022-06-15--15-26-47_2__segment3.wav,0,1,1,2,2022-06-15 15:26:47,31.43,25.73,Queenright
../archive/sound_files/sound_files/2022-06-25--19-01-01_2__segment0.wav,1,0,1,2,2022-06-25 19:01:01,27.72,32.47,Queenless
../archive/sound_files/sound_files/2022-07-14--16-02-50_2__segment0.wav,3,1,1,2,2022-07-14 16:02:50,31.02,29.69,Queen_Accepted
../archive/sound_files/sound_files/2022-06-25--11-42-48_2__segment5.wav,0,1,1,2,2022-06-25 11:42:48,37.73,26.85,Queenright
../archive/sound_files/sound_files/2022-06-16--18-04-02_2__segment3.wav,0,1,1,2,2022-06-16 18:04:02,26.73,24.63,Queenright
../archive/sound_files/sound_files/2022-07-08--04-12-14_2__segment2.wav,3,1,1,2,2022-07-08 4:12:14,16.31,39.17,Queen_Accepted
../archive/sound_files/sound_files/2022-07-13--00-08-52_2__segment0.wav,3,1,1,2,2022-07-13 0:08:52,19.06,46.28,Queen_Accepted
../archive/sound_files/sound_files/2022-06-29--19-57-13_2__segment1.wav,2,1,1,2,2022-06-29 19:57:13,22.31,32.63,Queen_New
../archive/sound_files/sound_files/2022-06-29--07-19-04_2__segment3.wav,2,1,1,2,2022-06-29 7:19:04,23.38,33.83,Queen_New
../archive/sound_files/sound_files/2022-07-12--09-19-37_2__segment1.wav,3,1,1,2,2022-07-12 9:19:37,39.87,32.0,Queen_Accepted
../archive/sound_files/sound_files/2022-06-24--17-56-42_2__segment4.wav,0,1,1,2,2022-06-24 17:56:42,31.6,30.14,Queenright
../archive/sound_files/sound_files/2022-07-11--19-20-32_2__segment2.wav,3,1,1,2,2022-07-11 19:20:32,28.34,36.04,Queen_Accepted
../archive/sound_files/sound_files/2022-06-25--09-43-58_2__segment2.wav,0,1,1,2,2022-06-25 9:43:58,31.81,36.64,Queenright
../archive/sound_files/sound_files/2022-07-03--13-11-29_2__segment5.wav,3,1,1,2,2022-07-03 13:11:29,39.0,30.46,Queen_Accepted
../archive/sound_files/sound_files/2022-07-08--22-06-22_2__segment0.wav,3,1,1,2,2022-07-08 22:06:22,19.83,40.09,Queen_Accepted
../archive/sound_files/sound_files/2022-06-26--06-51-07_2__segment2.wav,1,0,1,2,2022-06-26 6:51:07,22.47,40.91,Queenless
../archive/sound_files/sound_files/2022-07-08--16-07-49_2__segment1.wav,3,1,1,2,2022-07-08 16:07:49,31.01,28.25,Queen_Accepted
../archive/sound_files/sound_files/2022-06-24--10-03-17_2__segment5.wav,0,1,1,2,2022-06-24 10:03:17,33.81,31.83,Queenright
../archive/sound_files/sound_files/2022-06-16--15-06-34_2__segment4.wav,0,1,1,2,2022-06-16 15:06:34,29.73,25.75,Queenright
../archive/sound_files/sound_files/2022-06-30--04-49-40_2__segment1.wav,2,1,1,2,2022-06-30 4:49:40,21.21,39.84,Queen_New
../archive/sound_files/sound_files/2022-07-05--17-43-58_2__segment3.wav,3,1,1,2,2022-07-05 17:43:58,29.09,36.25,Queen_Accepted
../archive/sound_files/sound_files/2022-06-27--15-16-06_2__segment0.wav,1,0,1,2,2022-06-27 15:16:06,33.24,26.21,Queenless
../archive/sound_files/sound_files/2022-07-14--19-00-10_2__segment4.wav,3,1,1,2,2022-07-14 19:00:10,25.97,33.42,Queen_Accepted
../archive/sound_files/sound_files/2022-06-30--09-46-45_2__segment0.wav,2,1,1,2,2022-06-30 9:46:45,41.57,28.43,Queen_New
../archive/sound_files/sound_files/2022-07-10--15-39-44_2__segment2.wav,3,1,1,2,2022-07-10 15:39:44,35.29,21.02,Queen_Accepted
../archive/sound_files/sound_files/2022-07-07--02-26-59_2__segment5.wav,3,1,1,2,2022-07-07 2:26:59,19.91,43.83,Queen_Accepted
../archive/sound_files/sound_files/2022-06-24--18-55-41_2__segment2.wav,0,1,1,2,2022-06-24 18:55:41,29.74,32.4,Queenright
../archive/sound_files/sound_files/2022-07-10--18-36-58_2__segment5.wav,3,1,1,2,2022-07-10 18:36:58,31.8,29.24,Queen_Accepted
../archive/sound_files/sound_files/2022-06-30--14-42-07_2__segment2.wav,2,1,1,2,2022-06-30 14:42:07,32.97,24.07,Queen_New
../archive/sound_files/sound_files/2022-06-25--00-50-22_2__segment3.wav,0,1,1,2,2022-06-25 0:50:22,22.68,35.77,Queenright
../archive/sound_files/sound_files/2022-06-15--21-21-25_2__segment5.wav,0,1,1,2,2022-06-15 21:21:25,20.03,26.78,Queenright
../archive/sound_files/sound_files/2022-06-16--21-01-03_2__segment1.wav,0,1,1,2,2022-06-16 21:01:03,20.02,43.7,Queenright
../archive/sound_files/sound_files/2022-06-15--07-32-56_2__segment1.wav,0,1,1,2,2022-06-15 7:32:56,28.26,31.72,Queenright
../archive/sound_files/sound_files/2022-07-08--12-08-53_2__segment4.wav,3,1,1,2,2022-07-08 12:08:53,51.02,12.37,Queen_Accepted
../archive/sound_files/sound_files/2022-07-05--14-46-32_2__segment1.wav,3,1,1,2,2022-07-05 14:46:32,33.62,31.43,Queen_Accepted
../archive/sound_files/sound_files/2022-07-05--14-46-32_2__segment2.wav,3,1,1,2,2022-07-05 14:46:32,33.62,31.43,Queen_Accepted
../archive/sound_files/sound_files/2022-06-27--20-24-33_2__segment0.wav,2,1,1,2,2022-06-27 20:24:33,24.26,42.74,Queen_New
../archive/sound_files/sound_files/2022-06-25--18-01-55_2__segment5.wav,1,0,1,2,2022-06-25 18:01:55,30.93,29.56,Queenless
../archive/sound_files/sound_files/2022-07-09--14-57-13_2__segment4.wav,3,1,1,2,2022-07-09 14:57:13,31.6,28.24,Queen_Accepted
../archive/sound_files/sound_files/2022-07-04--16-55-37_2__segment5.wav,3,1,1,2,2022-07-04 16:55:37,32.19,30.05,Queen_Accepted
../archive/sound_files/sound_files/2022-07-06--11-36-55_2__segment1.wav,3,1,1,2,2022-07-06 11:36:55,42.4,26.67,Queen_Accepted
../archive/sound_files/sound_files/2022-07-07--08-22-13_2__segment1.wav,3,1,1,2,2022-07-07 8:22:13,25.35,44.73,Queen_Accepted
../archive/sound_files/sound_files/2022-07-06--09-38-12_2__segment4.wav,3,1,1,2,2022-07-06 9:38:12,34.48,40.22,Queen_Accepted
../archive/sound_files/sound_files/2022-07-04--06-01-05_2__segment2.wav,3,1,1,2,2022-07-04 6:01:05,19.58,54.38,Queen_Accepted
../archive/sound_files/sound_files/2022-06-30--11-45-41_2__segment3.wav,2,1,1,2,2022-06-30 11:45:41,51.28,16.81,Queen_New
../archive/sound_files/sound_files/2022-07-09--04-00-47_2__segment2.wav,3,1,1,2,2022-07-09 4:00:47,16.74,41.19,Queen_Accepted
../archive/sound_files/sound_files/2022-06-14--21-15-24_2__segment5.wav,0,1,1,2,2022-06-14 21:15:24,22.62,25.4,Queenright
../archive/sound_files/sound_files/2022-07-09--11-58-41_2__segment1.wav,3,1,1,2,2022-07-09 11:58:41,49.85,13.11,Queen_Accepted
../archive/sound_files/sound_files/2022-06-15--14-27-39_2__segment0.wav,0,1,1,2,2022-06-15 14:27:39,36.07,21.25,Queenright
../archive/sound_files/sound_files/2022-07-06--19-29-18_2__segment0.wav,3,1,1,2,2022-07-06 19:29:18,23.92,45.18,Queen_Accepted
../archive/sound_files/sound_files/2022-06-25--20-59-10_2__segment1.wav,1,0,1,2,2022-06-25 20:59:10,22.5,39.9,Queenless
../archive/sound_files/sound_files/2022-07-05--20-41-12_2__segment5.wav,3,1,1,2,2022-07-05 20:41:12,21.9,44.23,Queen_Accepted
../archive/sound_files/sound_files/2022-07-11--14-23-58_2__segment5.wav,3,1,1,2,2022-07-11 14:23:58,37.86,21.88,Queen_Accepted
../archive/sound_files/sound_files/2022-06-25--11-42-48_2__segment4.wav,0,1,1,2,2022-06-25 11:42:48,37.73,26.85,Queenright
../archive/sound_files/sound_files/2022-07-08--07-09-47_2__segment3.wav,3,1,1,2,2022-07-08 7:09:47,21.87,41.4,Queen_Accepted
../archive/sound_files/sound_files/2022-07-12--02-23-55_2__segment5.wav,3,1,1,2,2022-07-12 2:23:55,18.56,45.74,Queen_Accepted
../archive/sound_files/sound_files/2022-06-25--08-44-24_2__segment2.wav,0,1,1,2,2022-06-25 8:44:24,28.12,41.77,Queenright
../archive/sound_files/sound_files/2022-07-04--10-57-59_2__segment3.wav,3,1,1,2,2022-07-04 10:57:59,37.96,27.15,Queen_Accepted
../archive/sound_files/sound_files/2022-06-27--04-33-32_2__segment1.wav,1,0,1,2,2022-06-27 4:33:32,20.93,40.51,Queenless
../archive/sound_files/sound_files/2022-07-08--03-12-29_2__segment3.wav,3,1,1,2,2022-07-08 3:12:29,16.94,39.01,Queen_Accepted
../archive/sound_files/sound_files/2022-07-05--20-41-12_2__segment4.wav,3,1,1,2,2022-07-05 20:41:12,21.9,44.23,Queen_Accepted
../archive/sound_files/sound_files/2022-06-26--23-37-32_2__segment3.wav,1,0,1,2,2022-06-26 23:37:32,19.05,38.38,Queenless
../archive/sound_files/sound_files/2022-06-16--20-01-57_2__segment5.wav,0,1,1,2,2022-06-16 20:01:57,20.71,29.72,Queenright
../archive/sound_files/sound_files/2022-06-25--05-46-18_2__segment2.wav,0,1,1,2,2022-06-25 5:46:18,20.74,35.79,Queenright
../archive/sound_files/sound_files/2022-07-07--09-21-35_2__segment5.wav,3,1,1,2,2022-07-07 9:21:35,37.33,37.39,Queen_Accepted
../archive/sound_files/sound_files/2022-07-05--15-45-44_2__segment4.wav,3,1,1,2,2022-07-05 15:45:44,32.53,33.34,Queen_Accepted
../archive/sound_files/sound_files/2022-07-07--08-22-13_2__segment5.wav,3,1,1,2,2022-07-07 8:22:13,25.35,44.73,Queen_Accepted
../archive/sound_files/sound_files/2022-07-15--13-25-58_2__segment4.wav,3,1,1,2,2022-07-15 13:25:58,45.83,15.36,Queen_Accepted
../archive/sound_files/sound_files/2022-06-30--06-47-59_2__segment3.wav,2,1,1,2,2022-06-30 6:47:59,21.47,51.1,Queen_New
../archive/sound_files/sound_files/2022-07-08--16-07-49_2__segment5.wav,3,1,1,2,2022-07-08 16:07:49,31.01,28.25,Queen_Accepted
../archive/sound_files/sound_files/2022-07-13--01-08-06_2__segment4.wav,3,1,1,2,2022-07-13 1:08:06,18.76,45.95,Queen_Accepted
../archive/sound_files/sound_files/2022-06-27--06-31-57_2__segment0.wav,1,0,1,2,2022-06-27 6:31:57,21.99,41.08,Queenless
../archive/sound_files/sound_files/2022-06-27--03-34-20_2__segment2.wav,1,0,1,2,2022-06-27 3:34:20,20.15,40.98,Queenless
../archive/sound_files/sound_files/2022-07-05--15-45-44_2__segment5.wav,3,1,1,2,2022-07-05 15:45:44,32.53,33.34,Queen_Accepted
../archive/sound_files/sound_files/2022-07-06--11-36-55_2__segment4.wav,3,1,1,2,2022-07-06 11:36:55,42.4,26.67,Queen_Accepted
../archive/sound_files/sound_files/2022-07-03--22-07-30_2__segment1.wav,3,1,1,2,2022-07-03 22:07:30,18.37,34.11,Queen_Accepted
../archive/sound_files/sound_files/2022-07-10--00-48-36_2__segment3.wav,3,1,1,2,2022-07-10 0:48:36,17.84,42.91,Queen_Accepted
../archive/sound_files/sound_files/2022-07-15--15-28-21_2__segment2.wav,3,1,1,2,2022-07-15 15:28:21,31.55,27.9,Queen_Accepted
../archive/sound_files/sound_files/2022-06-27--01-35-57_2__segment0.wav,1,0,1,2,2022-06-27 1:35:57,18.54,39.48,Queenless
../archive/sound_files/sound_files/2022-06-29--05-20-23_2__segment4.wav,2,1,1,2,2022-06-29 5:20:23,18.63,33.68,Queen_New
../archive/sound_files/sound_files/2022-07-08--14-09-50_2__segment5.wav,3,1,1,2,2022-07-08 14:09:50,37.7,22.08,Queen_Accepted
../archive/sound_files/sound_files/2022-06-25--20-00-05_2__segment3.wav,1,0,1,2,2022-06-25 20:00:05,25.02,35.65,Queenless
../archive/sound_files/sound_files/2022-07-12--16-12-07_2__segment3.wav,3,1,1,2,2022-07-12 16:12:07,31.73,31.83,Queen_Accepted
../archive/sound_files/sound_files/2022-06-16--06-14-12_2__segment5.wav,0,1,1,2,2022-06-16 6:14:12,19.07,35.39,Queenright
../archive/sound_files/sound_files/2022-07-15--03-08-59_2__segment1.wav,3,1,1,2,2022-07-15 3:08:59,17.17,36.95,Queen_Accepted
../archive/sound_files/sound_files/2022-07-03--07-15-14_2__segment1.wav,3,1,1,2,2022-07-03 7:15:14,21.77,34.96,Queen_Accepted
../archive/sound_files/sound_files/2022-06-29--11-17-07_2__segment0.wav,2,1,1,2,2022-06-29 11:17:07,49.82,13.2,Queen_New
../archive/sound_files/sound_files/2022-06-15--18-24-11_2__segment0.wav,0,1,1,2,2022-06-15 18:24:11,26.56,27.68,Queenright
../archive/sound_files/sound_files/2022-07-03--20-09-13_2__segment3.wav,3,1,1,2,2022-07-03 20:09:13,20.76,35.78,Queen_Accepted
../archive/sound_files/sound_files/2022-07-08--22-06-22_2__segment3.wav,3,1,1,2,2022-07-08 22:06:22,19.83,40.09,Queen_Accepted
../archive/sound_files/sound_files/2022-07-03--21-08-19_2__segment2.wav,3,1,1,2,2022-07-03 21:08:19,19.1,35.51,Queen_Accepted
../archive/sound_files/sound_files/2022-06-15--22-20-36_2__segment5.wav,0,1,1,2,2022-06-15 22:20:36,19.15,25.71,Queenright
../archive/sound_files/sound_files/2022-06-16--12-10-39_2__segment2.wav,0,1,1,2,2022-06-16 12:10:39,49.45,10.93,Queenright
../archive/sound_files/sound_files/2022-06-27--23-21-51_2__segment1.wav,2,1,1,2,2022-06-27 23:21:51,20.35,54.25,Queen_New
../archive/sound_files/sound_files/2022-06-25--19-01-01_2__segment3.wav,1,0,1,2,2022-06-25 19:01:01,27.72,32.47,Queenless
../archive/sound_files/sound_files/2022-07-07--02-26-59_2__segment4.wav,3,1,1,2,2022-07-07 2:26:59,19.91,43.83,Queen_Accepted
../archive/sound_files/sound_files/2022-06-29--17-00-11_2__segment3.wav,2,1,1,2,2022-06-29 17:00:11,26.36,37.35,Queen_New
../archive/sound_files/sound_files/2022-06-28--14-10-34_2__segment4.wav,2,1,1,2,2022-06-28 14:10:34,36.22,22.69,Queen_New
../archive/sound_files/sound_files/2022-07-08--05-10-39_2__segment4.wav,3,1,1,2,2022-07-08 5:10:39,16.69,37.21,Queen_Accepted
../archive/sound_files/sound_files/2022-07-04--17-54-47_2__segment5.wav,3,1,1,2,2022-07-04 17:54:47,30.79,32.24,Queen_Accepted
../archive/sound_files/sound_files/2022-06-16--10-12-01_2__segment2.wav,0,1,1,2,2022-06-16 10:12:01,46.54,16.59,Queenright
../archive/sound_files/sound_files/2022-07-08--05-10-39_2__segment3.wav,3,1,1,2,2022-07-08 5:10:39,16.69,37.21,Queen_Accepted
../archive/sound_files/sound_files/2022-07-09--13-58-05_2__segment4.wav,3,1,1,2,2022-07-09 13:58:05,37.67,22.82,Queen_Accepted
../archive/sound_files/sound_files/2022-06-24--10-03-17_2__segment3.wav,0,1,1,2,2022-06-24 10:03:17,33.81,31.83,Queenright
../archive/sound_files/sound_files/2022-06-29--08-18-26_2__segment5.wav,2,1,1,2,2022-06-29 8:18:26,30.38,35.78,Queen_New
../archive/sound_files/sound_files/2022-07-09--17-55-02_2__segment2.wav,3,1,1,2,2022-07-09 17:55:02,29.01,32.94,Queen_Accepted
../archive/sound_files/sound_files/2022-07-05--09-50-55_2__segment3.wav,3,1,1,2,2022-07-05 9:50:55,40.32,35.47,Queen_Accepted
../archive/sound_files/sound_files/2022-07-07--14-18-57_2__segment0.wav,3,1,1,2,2022-07-07 14:18:57,35.23,25.3,Queen_Accepted
../archive/sound_files/sound_files/2022-07-04--08-58-57_2__segment1.wav,3,1,1,2,2022-07-04 8:58:57,38.43,33.57,Queen_Accepted
../archive/sound_files/sound_files/2022-06-15--20-22-19_2__segment3.wav,0,1,1,2,2022-06-15 20:22:19,21.15,26.68,Queenright
../archive/sound_files/sound_files/2022-06-25--04-47-09_2__segment5.wav,0,1,1,2,2022-06-25 4:47:09,21.09,36.26,Queenright
../archive/sound_files/sound_files/2022-06-28--10-14-20_2__segment3.wav,2,1,1,2,2022-06-28 10:14:20,40.79,20.06,Queen_New
../archive/sound_files/sound_files/2022-07-10--01-47-45_2__segment3.wav,3,1,1,2,2022-07-10 1:47:45,17.36,43.66,Queen_Accepted
../archive/sound_files/sound_files/2022-06-28--06-16-00_2__segment0.wav,2,1,1,2,2022-06-28 6:16:00,20.53,52.56,Queen_New
../archive/sound_files/sound_files/2022-07-15--13-25-58_2__segment0.wav,3,1,1,2,2022-07-15 13:25:58,45.83,15.36,Queen_Accepted
../archive/sound_files/sound_files/2022-07-08--16-07-49_2__segment3.wav,3,1,1,2,2022-07-08 16:07:49,31.01,28.25,Queen_Accepted
../archive/sound_files/sound_files/2022-06-26--01-55-04_2__segment0.wav,1,0,1,2,2022-06-26 1:55:04,19.07,39.14,Queenless
../archive/sound_files/sound_files/2022-06-25--15-04-33_2__segment5.wav,1,0,1,2,2022-06-25 15:04:33,35.83,22.89,Queenless
../archive/sound_files/sound_files/2022-06-27--11-19-45_2__segment4.wav,1,0,1,2,2022-06-27 11:19:45,49.66,15.37,Queenless
../archive/sound_files/sound_files/2022-07-11--14-23-58_2__segment0.wav,3,1,1,2,2022-07-11 14:23:58,37.86,21.88,Queen_Accepted
../archive/sound_files/sound_files/2022-06-30--16-40-15_2__segment0.wav,2,1,1,2,2022-06-30 16:40:15,27.66,28.39,Queen_New
../archive/sound_files/sound_files/2022-07-08--14-09-50_2__segment3.wav,3,1,1,2,2022-07-08 14:09:50,37.7,22.08,Queen_Accepted
../archive/sound_files/sound_files/2022-06-28--05-16-46_2__segment3.wav,2,1,1,2,2022-06-28 5:16:46,18.88,55.16,Queen_New
../archive/sound_files/sound_files/2022-07-09--12-59-39_2__segment1.wav,3,1,1,2,2022-07-09 12:59:39,47.17,15.58,Queen_Accepted
../archive/sound_files/sound_files/2022-07-06--05-40-59_2__segment0.wav,3,1,1,2,2022-07-06 5:40:59,20.83,46.19,Queen_Accepted
../archive/sound_files/sound_files/2022-06-26--08-49-43_2__segment1.wav,1,0,1,2,2022-06-26 8:49:43,37.48,36.42,Queenless
../archive/sound_files/sound_files/2022-07-07--04-25-29_2__segment5.wav,3,1,1,2,2022-07-07 4:25:29,19.83,43.43,Queen_Accepted
../archive/sound_files/sound_files/2022-07-15--11-18-39_2__segment2.wav,3,1,1,2,2022-07-15 11:18:39,50.84,11.99,Queen_Accepted
../archive/sound_files/sound_files/2022-07-15--00-02-18_2__segment3.wav,3,1,1,2,2022-07-15 0:02:18,18.38,36.05,Queen_Accepted
../archive/sound_files/sound_files/2022-06-26--21-39-11_2__segment3.wav,1,0,1,2,2022-06-26 21:39:11,20.47,41.57,Queenless
../archive/sound_files/sound_files/2022-07-15--03-08-59_2__segment3.wav,3,1,1,2,2022-07-15 3:08:59,17.17,36.95,Queen_Accepted
../archive/sound_files/sound_files/2022-07-12--22-07-06_2__segment3.wav,3,1,1,2,2022-07-12 22:07:06,20.46,48.0,Queen_Accepted
../archive/sound_files/sound_files/2022-06-27--11-19-45_2__segment2.wav,1,0,1,2,2022-06-27 11:19:45,49.66,15.37,Queenless
../archive/sound_files/sound_files/2022-06-24--19-54-43_2__segment2.wav,0,1,1,2,2022-06-24 19:54:43,26.95,35.17,Queenright
../archive/sound_files/sound_files/2022-07-06--04-41-50_2__segment5.wav,3,1,1,2,2022-07-06 4:41:50,21.01,46.18,Queen_Accepted
../archive/sound_files/sound_files/2022-07-11--11-26-41_2__segment5.wav,3,1,1,2,2022-07-11 11:26:41,53.46,11.12,Queen_Accepted
../archive/sound_files/sound_files/2022-06-15--19-23-14_2__segment2.wav,0,1,1,2,2022-06-15 19:23:14,23.54,27.34,Queenright
../archive/sound_files/sound_files/2022-07-06--06-40-12_2__segment2.wav,3,1,1,2,2022-07-06 6:40:12,21.38,46.34,Queen_Accepted
../archive/sound_files/sound_files/2022-07-10--04-45-13_2__segment1.wav,3,1,1,2,2022-07-10 4:45:13,16.08,43.41,Queen_Accepted
../archive/sound_files/sound_files/2022-07-06--00-42-40_2__segment3.wav,3,1,1,2,2022-07-06 0:42:40,20.61,45.04,Queen_Accepted
../archive/sound_files/sound_files/2022-06-26--14-45-27_2__segment1.wav,1,0,1,2,2022-06-26 14:45:27,35.17,26.22,Queenless
../archive/sound_files/sound_files/2022-06-26--07-50-20_2__segment0.wav,1,0,1,2,2022-06-26 7:50:20,25.52,41.71,Queenless
../archive/sound_files/sound_files/2022-06-30--07-47-14_2__segment3.wav,2,1,1,2,2022-06-30 7:47:14,22.82,42.49,Queen_New
../archive/sound_files/sound_files/2022-06-29--00-24-37_2__segment2.wav,2,1,1,2,2022-06-29 0:24:37,19.78,32.12,Queen_New
../archive/sound_files/sound_files/2022-07-13--08-02-57_2__segment4.wav,3,1,1,2,2022-07-13 8:02:57,27.53,45.87,Queen_Accepted
../archive/sound_files/sound_files/2022-07-03--06-15-59_2__segment0.wav,3,1,1,2,2022-07-03 6:15:59,20.71,35.58,Queen_Accepted
../archive/sound_files/sound_files/2022-07-15--07-05-32_2__segment0.wav,3,1,1,2,2022-07-15 7:05:32,21.19,37.7,Queen_Accepted
../archive/sound_files/sound_files/2022-06-16--05-15-11_2__segment2.wav,0,1,1,2,2022-06-16 5:15:11,17.78,26.32,Queenright
../archive/sound_files/sound_files/2022-06-26--01-55-04_2__segment5.wav,1,0,1,2,2022-06-26 1:55:04,19.07,39.14,Queenless
../archive/sound_files/sound_files/2022-06-27--05-32-42_2__segment0.wav,1,0,1,2,2022-06-27 5:32:42,20.99,41.18,Queenless
../archive/sound_files/sound_files/2022-06-26--22-38-20_2__segment1.wav,1,0,1,2,2022-06-26 22:38:20,19.63,39.49,Queenless
../archive/sound_files/sound_files/2022-07-07--13-19-30_2__segment0.wav,3,1,1,2,2022-07-07 13:19:30,45.4,18.3,Queen_Accepted
../archive/sound_files/sound_files/2022-07-07--05-24-42_2__segment4.wav,3,1,1,2,2022-07-07 5:24:42,19.78,44.47,Queen_Accepted
../archive/sound_files/sound_files/2022-06-25--16-03-37_2__segment0.wav,1,0,1,2,2022-06-25 16:03:37,32.64,26.27,Queenless
../archive/sound_files/sound_files/2022-07-06--10-37-58_2__segment0.wav,3,1,1,2,2022-07-06 10:37:58,41.14,30.87,Queen_Accepted
../archive/sound_files/sound_files/2022-06-29--10-17-35_2__segment1.wav,2,1,1,2,2022-06-29 10:17:35,46.36,20.2,Queen_New
../archive/sound_files/sound_files/2022-07-07--07-22-56_2__segment5.wav,3,1,1,2,2022-07-07 7:22:56,21.88,44.94,Queen_Accepted
../archive/sound_files/sound_files/2022-07-06--07-39-26_2__segment0.wav,3,1,1,2,2022-07-06 7:39:26,22.69,46.5,Queen_Accepted
../archive/sound_files/sound_files/2022-07-02--19-24-53_2__segment2.wav,3,1,1,2,2022-07-02 19:24:53,22.68,40.04,Queen_Accepted
../archive/sound_files/sound_files/2022-06-24--12-02-08_2__segment4.wav,0,1,1,2,2022-06-24 12:02:08,39.64,20.42,Queenright
../archive/sound_files/sound_files/2022-07-06--12-36-36_2__segment1.wav,3,1,1,2,2022-07-06 12:36:36,47.4,17.72,Queen_Accepted
../archive/sound_files/sound_files/2022-06-29--01-23-48_2__segment5.wav,2,1,1,2,2022-06-29 1:23:48,19.32,31.94,Queen_New
../archive/sound_files/sound_files/2022-07-03--13-11-29_2__segment4.wav,3,1,1,2,2022-07-03 13:11:29,39.0,30.46,Queen_Accepted
../archive/sound_files/sound_files/2022-07-07--05-24-42_2__segment0.wav,3,1,1,2,2022-07-07 5:24:42,19.78,44.47,Queen_Accepted
../archive/sound_files/sound_files/2022-06-16--04-15-43_2__segment3.wav,0,1,1,2,2022-06-16 4:15:43,18.9,47.49,Queenright
../archive/sound_files/sound_files/2022-07-10--07-43-18_2__segment3.wav,3,1,1,2,2022-07-10 7:43:18,26.87,46.52,Queen_Accepted
../archive/sound_files/sound_files/2022-06-29--11-17-07_2__segment2.wav,2,1,1,2,2022-06-29 11:17:07,49.82,13.2,Queen_New
../archive/sound_files/sound_files/2022-06-26--14-45-27_2__segment3.wav,1,0,1,2,2022-06-26 14:45:27,35.17,26.22,Queenless
../archive/sound_files/sound_files/2022-06-15--01-26-10_2__segment4.wav,0,1,1,2,2022-06-15 1:26:10,20.05,24.86,Queenright
../archive/sound_files/sound_files/2022-07-07--09-21-35_2__segment0.wav,3,1,1,2,2022-07-07 9:21:35,37.33,37.39,Queen_Accepted
../archive/sound_files/sound_files/2022-07-08--06-09-51_2__segment3.wav,3,1,1,2,2022-07-08 6:09:51,16.16,38.48,Queen_Accepted
../archive/sound_files/sound_files/2022-07-10--10-42-52_2__segment2.wav,3,1,1,2,2022-07-10 10:42:52,49.27,16.78,Queen_Accepted
../archive/sound_files/sound_files/2022-06-25--22-57-32_2__segment5.wav,1,0,1,2,2022-06-25 22:57:32,20.25,38.57,Queenless
../archive/sound_files/sound_files/2022-07-07--14-18-57_2__segment3.wav,3,1,1,2,2022-07-07 14:18:57,35.23,25.3,Queen_Accepted
../archive/sound_files/sound_files/2022-06-25--06-45-34_2__segment5.wav,0,1,1,2,2022-06-25 6:45:34,21.44,36.4,Queenright
../archive/sound_files/sound_files/2022-06-29--14-13-31_2__segment5.wav,2,1,1,2,2022-06-29 14:13:31,37.15,21.01,Queen_New
../archive/sound_files/sound_files/2022-07-06--19-29-18_2__segment2.wav,3,1,1,2,2022-07-06 19:29:18,23.92,45.18,Queen_Accepted
../archive/sound_files/sound_files/2022-06-29--16-11-32_2__segment1.wav,2,1,1,2,2022-06-29 16:11:32,29.76,27.72,Queen_New
../archive/sound_files/sound_files/2022-07-03--02-19-13_2__segment2.wav,3,1,1,2,2022-07-03 2:19:13,20.76,35.58,Queen_Accepted
../archive/sound_files/sound_files/2022-07-05--20-41-12_2__segment0.wav,3,1,1,2,2022-07-05 20:41:12,21.9,44.23,Queen_Accepted
../archive/sound_files/sound_files/2022-07-14--21-57-19_2__segment2.wav,3,1,1,2,2022-07-14 21:57:19,19.97,36.82,Queen_Accepted
../archive/sound_files/sound_files/2022-06-24--19-54-43_2__segment4.wav,0,1,1,2,2022-06-24 19:54:43,26.95,35.17,Queenright
../archive/sound_files/sound_files/2022-07-11--17-21-59_2__segment4.wav,3,1,1,2,2022-07-11 17:21:59,32.11,28.71,Queen_Accepted
../archive/sound_files/sound_files/2022-07-09--14-57-13_2__segment2.wav,3,1,1,2,2022-07-09 14:57:13,31.6,28.24,Queen_Accepted
../archive/sound_files/sound_files/2022-06-16--04-15-43_2__segment5.wav,0,1,1,2,2022-06-16 4:15:43,18.9,47.49,Queenright
../archive/sound_files/sound_files/2022-07-03--15-08-57_2__segment4.wav,3,1,1,2,2022-07-03 15:08:57,28.84,29.18,Queen_Accepted
../archive/sound_files/sound_files/2022-06-15--13-28-45_2__segment3.wav,0,1,1,2,2022-06-15 13:28:45,45.29,12.58,Queenright
../archive/sound_files/sound_files/2022-06-26--08-49-43_2__segment4.wav,1,0,1,2,2022-06-26 8:49:43,37.48,36.42,Queenless
../archive/sound_files/sound_files/2022-06-29--17-59-12_2__segment5.wav,2,1,1,2,2022-06-29 17:59:12,27.75,31.04,Queen_New
../archive/sound_files/sound_files/2022-07-04--03-03-26_2__segment4.wav,3,1,1,2,2022-07-04 3:03:26,18.53,35.13,Queen_Accepted
../archive/sound_files/sound_files/2022-06-26--00-55-53_2__segment0.wav,1,0,1,2,2022-06-26 0:55:53,19.34,39.6,Queenless
../archive/sound_files/sound_files/2022-07-12--03-23-08_2__segment0.wav,3,1,1,2,2022-07-12 3:23:08,18.44,46.12,Queen_Accepted
../archive/sound_files/sound_files/2022-06-16--05-15-11_2__segment4.wav,0,1,1,2,2022-06-16 5:15:11,17.78,26.32,Queenright
../archive/sound_files/sound_files/2022-06-28--04-17-36_2__segment1.wav,2,1,1,2,2022-06-28 4:17:36,19.44,53.94,Queen_New
../archive/sound_files/sound_files/2022-07-10--22-33-37_2__segment3.wav,3,1,1,2,2022-07-10 22:33:37,22.6,43.54,Queen_Accepted
../archive/sound_files/sound_files/2022-07-08--00-14-56_2__segment5.wav,3,1,1,2,2022-07-08 0:14:56,18.42,38.43,Queen_Accepted
../archive/sound_files/sound_files/2022-06-26--17-42-54_2__segment2.wav,1,0,1,2,2022-06-26 17:42:54,30.13,32.93,Queenless
../archive/sound_files/sound_files/2022-06-27--15-16-06_2__segment4.wav,1,0,1,2,2022-06-27 15:16:06,33.24,26.21,Queenless
../archive/sound_files/sound_files/2022-07-12--04-22-20_2__segment4.wav,3,1,1,2,2022-07-12 4:22:20,18.28,47.01,Queen_Accepted
../archive/sound_files/sound_files/2022-07-14--11-57-48_2__segment2.wav,3,1,1,2,2022-07-14 11:57:48,49.97,12.98,Queen_Accepted
../archive/sound_files/sound_files/2022-06-28--00-20-58_2__segment5.wav,2,1,1,2,2022-06-28 0:20:58,19.87,55.33,Queen_New
../archive/sound_files/sound_files/2022-06-24--13-01-17_2__segment2.wav,0,1,1,2,2022-06-24 13:01:17,39.65,21.54,Queenright
../archive/sound_files/sound_files/2022-07-04--06-01-05_2__segment5.wav,3,1,1,2,2022-07-04 6:01:05,19.58,54.38,Queen_Accepted
../archive/sound_files/sound_files/2022-07-05--19-42-23_2__segment0.wav,3,1,1,2,2022-07-05 19:42:23,24.18,40.45,Queen_Accepted
../archive/sound_files/sound_files/2022-06-28--15-09-35_2__segment4.wav,2,1,1,2,2022-06-28 15:09:35,32.33,28.35,Queen_New
../archive/sound_files/sound_files/2022-06-25--13-40-59_2__segment0.wav,0,1,1,2,2022-06-25 13:40:59,36.36,25.87,Queenright
../archive/sound_files/sound_files/2022-07-14--19-59-41_2__segment3.wav,3,1,1,2,2022-07-14 19:59:41,23.56,36.16,Queen_Accepted
../archive/sound_files/sound_files/2022-07-11--12-25-43_2__segment2.wav,3,1,1,2,2022-07-11 12:25:43,49.28,13.71,Queen_Accepted
../archive/sound_files/sound_files/2022-07-11--18-20-59_2__segment3.wav,3,1,1,2,2022-07-11 18:20:59,32.09,29.71,Queen_Accepted
../archive/sound_files/sound_files/2022-07-10--10-42-52_2__segment4.wav,3,1,1,2,2022-07-10 10:42:52,49.27,16.78,Queen_Accepted
../archive/sound_files/sound_files/2022-06-15--19-23-14_2__segment5.wav,0,1,1,2,2022-06-15 19:23:14,23.54,27.34,Queenright
../archive/sound_files/sound_files/2022-07-12--20-09-00_2__segment4.wav,3,1,1,2,2022-07-12 20:09:00,24.4,42.54,Queen_Accepted
../archive/sound_files/sound_files/2022-07-14--18-01-02_2__segment2.wav,3,1,1,2,2022-07-14 18:01:02,29.08,32.47,Queen_Accepted
../archive/sound_files/sound_files/2022-06-29--00-24-37_2__segment4.wav,2,1,1,2,2022-06-29 0:24:37,19.78,32.12,Queen_New
../archive/sound_files/sound_files/2022-07-10--16-38-56_2__segment4.wav,3,1,1,2,2022-07-10 16:38:56,35.06,22.36,Queen_Accepted
../archive/sound_files/sound_files/2022-06-26--12-47-08_2__segment3.wav,1,0,1,2,2022-06-26 12:47:08,47.65,13.97,Queenless
../archive/sound_files/sound_files/2022-07-14--13-01-08_2__segment4.wav,3,1,1,2,2022-07-14 13:01:08,47.59,14.63,Queen_Accepted
../archive/sound_files/sound_files/2022-07-03--03-18-24_2__segment5.wav,3,1,1,2,2022-07-03 3:18:24,20.6,39.08,Queen_Accepted
../archive/sound_files/sound_files/2022-06-28--07-15-45_2__segment4.wav,2,1,1,2,2022-06-28 7:15:45,26.68,46.57,Queen_New
../archive/sound_files/sound_files/2022-06-16--07-13-31_2__segment4.wav,0,1,1,2,2022-06-16 7:13:31,24.88,32.82,Queenright
../archive/sound_files/sound_files/2022-07-07--20-16-51_2__segment1.wav,3,1,1,2,2022-07-07 20:16:51,22.86,35.2,Queen_Accepted
../archive/sound_files/sound_files/2022-07-08--05-10-39_2__segment2.wav,3,1,1,2,2022-07-08 5:10:39,16.69,37.21,Queen_Accepted
../archive/sound_files/sound_files/2022-06-26--16-43-49_2__segment0.wav,1,0,1,2,2022-06-26 16:43:49,31.93,30.42,Queenless
../archive/sound_files/sound_files/2022-07-13--22-56-32_2__segment1.wav,3,1,1,2,2022-07-13 22:56:32,19.69,45.99,Queen_Accepted
../archive/sound_files/sound_files/2022-07-05--04-55-09_2__segment5.wav,3,1,1,2,2022-07-05 4:55:09,20.48,48.12,Queen_Accepted
../archive/sound_files/sound_files/2022-06-15--19-23-14_2__segment1.wav,0,1,1,2,2022-06-15 19:23:14,23.54,27.34,Queenright
../archive/sound_files/sound_files/2022-06-24--11-02-54_2__segment3.wav,0,1,1,2,2022-06-24 11:02:54,37.56,22.52,Queenright
../archive/sound_files/sound_files/2022-06-16--00-18-58_2__segment2.wav,0,1,1,2,2022-06-16 0:18:58,19.23,43.47,Queenright
../archive/sound_files/sound_files/2022-07-06--13-35-01_2__segment4.wav,3,1,1,2,2022-07-06 13:35:01,41.34,23.89,Queen_Accepted
../archive/sound_files/sound_files/2022-07-12--23-09-41_2__segment1.wav,3,1,1,2,2022-07-12 23:09:41,19.65,46.3,Queen_Accepted
../archive/sound_files/sound_files/2022-07-03--23-06-41_2__segment1.wav,3,1,1,2,2022-07-03 23:06:41,18.13,33.78,Queen_Accepted
../archive/sound_files/sound_files/2022-07-03--23-06-41_2__segment5.wav,3,1,1,2,2022-07-03 23:06:41,18.13,33.78,Queen_Accepted
../archive/sound_files/sound_files/2022-07-04--19-52-59_2__segment2.wav,3,1,1,2,2022-07-04 19:52:59,26.55,38.84,Queen_Accepted
../archive/sound_files/sound_files/2022-07-08--07-09-47_2__segment0.wav,3,1,1,2,2022-07-08 7:09:47,21.87,41.4,Queen_Accepted
../archive/sound_files/sound_files/2022-07-03--07-15-14_2__segment0.wav,3,1,1,2,2022-07-03 7:15:14,21.77,34.96,Queen_Accepted
../archive/sound_files/sound_files/2022-06-30--12-44-48_2__segment5.wav,2,1,1,2,2022-06-30 12:44:48,49.55,12.69,Queen_New
../archive/sound_files/sound_files/2022-07-10--16-38-56_2__segment3.wav,3,1,1,2,2022-07-10 16:38:56,35.06,22.36,Queen_Accepted
../archive/sound_files/sound_files/2022-06-29--01-23-48_2__segment0.wav,2,1,1,2,2022-06-29 1:23:48,19.32,31.94,Queen_New
../archive/sound_files/sound_files/2022-06-29--02-22-58_2__segment0.wav,2,1,1,2,2022-06-29 2:22:58,19.32,31.59,Queen_New
../archive/sound_files/sound_files/2022-07-04--07-59-42_2__segment0.wav,3,1,1,2,2022-07-04 7:59:42,30.82,40.18,Queen_Accepted
../archive/sound_files/sound_files/2022-07-12--13-15-19_2__segment1.wav,3,1,1,2,2022-07-12 13:15:19,47.34,15.12,Queen_Accepted
../archive/sound_files/sound_files/2022-07-09--02-02-58_2__segment1.wav,3,1,1,2,2022-07-09 2:02:58,17.3,40.26,Queen_Accepted
../archive/sound_files/sound_files/2022-06-25--22-57-32_2__segment3.wav,1,0,1,2,2022-06-25 22:57:32,20.25,38.57,Queenless
../archive/sound_files/sound_files/2022-07-04--14-54-34_2__segment3.wav,3,1,1,2,2022-07-04 14:54:34,37.14,25.03,Queen_Accepted
../archive/sound_files/sound_files/2022-07-03--10-13-01_2__segment2.wav,3,1,1,2,2022-07-03 10:13:01,26.74,40.02,Queen_Accepted
../archive/sound_files/sound_files/2022-07-04--19-52-59_2__segment1.wav,3,1,1,2,2022-07-04 19:52:59,26.55,38.84,Queen_Accepted
../archive/sound_files/sound_files/2022-07-07--22-14-11_2__segment3.wav,3,1,1,2,2022-07-07 22:14:11,20.07,38.2,Queen_Accepted
../archive/sound_files/sound_files/2022-06-29--14-13-31_2__segment2.wav,2,1,1,2,2022-06-29 14:13:31,37.15,21.01,Queen_New
../archive/sound_files/sound_files/2022-07-05--14-46-32_2__segment3.wav,3,1,1,2,2022-07-05 14:46:32,33.62,31.43,Queen_Accepted
../archive/sound_files/sound_files/2022-07-05--03-54-55_2__segment4.wav,3,1,1,2,2022-07-05 3:54:55,21.05,48.32,Queen_Accepted
../archive/sound_files/sound_files/2022-06-27--02-35-11_2__segment2.wav,1,0,1,2,2022-06-27 2:35:11,18.5,40.43,Queenless
../archive/sound_files/sound_files/2022-07-13--05-04-40_2__segment0.wav,3,1,1,2,2022-07-13 5:04:40,17.24,45.38,Queen_Accepted
../archive/sound_files/sound_files/2022-07-06--03-42-38_2__segment5.wav,3,1,1,2,2022-07-06 3:42:38,21.11,45.57,Queen_Accepted
../archive/sound_files/sound_files/2022-07-04--17-54-47_2__segment2.wav,3,1,1,2,2022-07-04 17:54:47,30.79,32.24,Queen_Accepted
../archive/sound_files/sound_files/2022-07-10--15-39-44_2__segment4.wav,3,1,1,2,2022-07-10 15:39:44,35.29,21.02,Queen_Accepted
../archive/sound_files/sound_files/2022-07-04--23-58-17_2__segment5.wav,3,1,1,2,2022-07-04 23:58:17,22.45,46.22,Queen_Accepted
../archive/sound_files/sound_files/2022-07-03--08-14-28_2__segment4.wav,3,1,1,2,2022-07-03 8:14:28,23.09,36.99,Queen_Accepted
../archive/sound_files/sound_files/2022-06-28--18-29-56_2__segment5.wav,2,1,1,2,2022-06-28 18:29:56,28.86,30.01,Queen_New
../archive/sound_files/sound_files/2022-06-26--11-47-55_2__segment5.wav,1,0,1,2,2022-06-26 11:47:55,51.97,12.14,Queenless
../archive/sound_files/sound_files/2022-07-05--00-57-29_2__segment3.wav,3,1,1,2,2022-07-05 0:57:29,21.89,47.73,Queen_Accepted
../archive/sound_files/sound_files/2022-07-07--10-20-57_2__segment5.wav,3,1,1,2,2022-07-07 10:20:57,44.57,28.45,Queen_Accepted
../archive/sound_files/sound_files/2022-07-08--22-06-22_2__segment1.wav,3,1,1,2,2022-07-08 22:06:22,19.83,40.09,Queen_Accepted
../archive/sound_files/sound_files/2022-07-08--21-07-28_2__segment2.wav,3,1,1,2,2022-07-08 21:07:28,21.11,40.02,Queen_Accepted
../archive/sound_files/sound_files/2022-07-13--21-58-04_2__segment2.wav,3,1,1,2,2022-07-13 21:58:04,20.47,47.26,Queen_Accepted
../archive/sound_files/sound_files/2022-06-16--07-13-31_2__segment1.wav,0,1,1,2,2022-06-16 7:13:31,24.88,32.82,Queenright
../archive/sound_files/sound_files/2022-07-04--12-56-11_2__segment4.wav,3,1,1,2,2022-07-04 12:56:11,41.35,24.12,Queen_Accepted
../archive/sound_files/sound_files/2022-07-04--15-56-31_2__segment4.wav,3,1,1,2,2022-07-04 15:56:31,35.54,27.01,Queen_Accepted
../archive/sound_files/sound_files/2022-07-13--02-07-17_2__segment0.wav,3,1,1,2,2022-07-13 2:07:17,18.32,44.55,Queen_Accepted
../archive/sound_files/sound_files/2022-06-25--23-56-42_2__segment1.wav,1,0,1,2,2022-06-25 23:56:42,19.75,39.09,Queenless
../archive/sound_files/sound_files/2022-06-29--19-57-13_2__segment3.wav,2,1,1,2,2022-06-29 19:57:13,22.31,32.63,Queen_New
../archive/sound_files/sound_files/2022-07-14--14-01-51_2__segment3.wav,3,1,1,2,2022-07-14 14:01:51,38.75,22.6,Queen_Accepted
../archive/sound_files/sound_files/2022-07-10--04-45-13_2__segment5.wav,3,1,1,2,2022-07-10 4:45:13,16.08,43.41,Queen_Accepted
../archive/sound_files/sound_files/2022-06-15--02-25-24_2__segment0.wav,0,1,1,2,2022-06-15 2:25:24,20.11,25.05,Queenright
../archive/sound_files/sound_files/2022-07-03--10-13-01_2__segment0.wav,3,1,1,2,2022-07-03 10:13:01,26.74,40.02,Queen_Accepted
../archive/sound_files/sound_files/2022-07-11--07-27-46_2__segment3.wav,3,1,1,2,2022-07-11 7:27:46,27.42,43.79,Queen_Accepted
../archive/sound_files/sound_files/2022-07-15--01-05-24_2__segment2.wav,3,1,1,2,2022-07-15 1:05:24,17.91,35.78,Queen_Accepted
../archive/sound_files/sound_files/2022-07-02--20-24-01_2__segment3.wav,3,1,1,2,2022-07-02 20:24:01,20.69,35.76,Queen_Accepted
../archive/sound_files/sound_files/2022-06-29--18-58-09_2__segment4.wav,2,1,1,2,2022-06-29 18:58:09,25.12,30.95,Queen_New
../archive/sound_files/sound_files/2022-07-12--13-15-19_2__segment2.wav,3,1,1,2,2022-07-12 13:15:19,47.34,15.12,Queen_Accepted
../archive/sound_files/sound_files/2022-06-30--00-53-00_2__segment2.wav,2,1,1,2,2022-06-30 0:53:00,21.02,31.28,Queen_New
../archive/sound_files/sound_files/2022-06-28--18-29-56_2__segment3.wav,2,1,1,2,2022-06-28 18:29:56,28.86,30.01,Queen_New
../archive/sound_files/sound_files/2022-06-16--14-07-27_2__segment1.wav,0,1,1,2,2022-06-16 14:07:27,37.18,18.71,Queenright
../archive/sound_files/sound_files/2022-07-07--18-16-21_2__segment1.wav,3,1,1,2,2022-07-07 18:16:21,28.76,31.03,Queen_Accepted
../archive/sound_files/sound_files/2022-07-07--15-17-36_2__segment5.wav,3,1,1,2,2022-07-07 15:17:36,30.64,28.17,Queen_Accepted
../archive/sound_files/sound_files/2022-06-16--01-18-24_2__segment0.wav,0,1,1,2,2022-06-16 1:18:24,18.82,24.42,Queenright
../archive/sound_files/sound_files/2022-07-09--22-50-18_2__segment0.wav,3,1,1,2,2022-07-09 22:50:18,19.26,43.69,Queen_Accepted
../archive/sound_files/sound_files/2022-06-26--11-47-55_2__segment3.wav,1,0,1,2,2022-06-26 11:47:55,51.97,12.14,Queenless
../archive/sound_files/sound_files/2022-07-03--19-10-34_2__segment0.wav,3,1,1,2,2022-07-03 19:10:34,23.02,35.64,Queen_Accepted
../archive/sound_files/sound_files/2022-07-03--00-20-49_2__segment1.wav,3,1,1,2,2022-07-03 0:20:49,20.45,36.34,Queen_Accepted
../archive/sound_files/sound_files/2022-07-06--02-40-55_2__segment0.wav,3,1,1,2,2022-07-06 2:40:55,21.04,45.49,Queen_Accepted
../archive/sound_files/sound_files/2022-06-25--17-02-48_2__segment5.wav,1,0,1,2,2022-06-25 17:02:48,31.4,28.92,Queenless
../archive/sound_files/sound_files/2022-06-28--21-27-16_2__segment5.wav,2,1,1,2,2022-06-28 21:27:16,22.07,32.26,Queen_New
../archive/sound_files/sound_files/2022-07-06--11-36-55_2__segment0.wav,3,1,1,2,2022-07-06 11:36:55,42.4,26.67,Queen_Accepted
../archive/sound_files/sound_files/2022-07-06--19-29-18_2__segment5.wav,3,1,1,2,2022-07-06 19:29:18,23.92,45.18,Queen_Accepted
../archive/sound_files/sound_files/2022-07-05--08-51-36_2__segment5.wav,3,1,1,2,2022-07-05 8:51:36,34.54,39.37,Queen_Accepted
../archive/sound_files/sound_files/2022-07-05--03-54-55_2__segment5.wav,3,1,1,2,2022-07-05 3:54:55,21.05,48.32,Queen_Accepted
../archive/sound_files/sound_files/2022-06-30--09-46-45_2__segment4.wav,2,1,1,2,2022-06-30 9:46:45,41.57,28.43,Queen_New
../archive/sound_files/sound_files/2022-06-28--04-17-36_2__segment3.wav,2,1,1,2,2022-06-28 4:17:36,19.44,53.94,Queen_New
../archive/sound_files/sound_files/2022-07-14--11-57-48_2__segment3.wav,3,1,1,2,2022-07-14 11:57:48,49.97,12.98,Queen_Accepted
../archive/sound_files/sound_files/2022-07-09--04-00-47_2__segment1.wav,3,1,1,2,2022-07-09 4:00:47,16.74,41.19,Queen_Accepted
../archive/sound_files/sound_files/2022-06-30--13-43-06_2__segment5.wav,2,1,1,2,2022-06-30 13:43:06,42.77,16.48,Queen_New
../archive/sound_files/sound_files/2022-06-25--09-43-58_2__segment1.wav,0,1,1,2,2022-06-25 9:43:58,31.81,36.64,Queenright
../archive/sound_files/sound_files/2022-06-26--21-39-11_2__segment0.wav,1,0,1,2,2022-06-26 21:39:11,20.47,41.57,Queenless
../archive/sound_files/sound_files/2022-07-07--03-26-13_2__segment3.wav,3,1,1,2,2022-07-07 3:26:13,19.82,43.83,Queen_Accepted
../archive/sound_files/sound_files/2022-07-06--15-33-11_2__segment3.wav,3,1,1,2,2022-07-06 15:33:11,29.7,30.73,Queen_Accepted
../archive/sound_files/sound_files/2022-06-29--18-58-09_2__segment3.wav,2,1,1,2,2022-06-29 18:58:09,25.12,30.95,Queen_New
../archive/sound_files/sound_files/2022-06-16--03-16-35_2__segment0.wav,0,1,1,2,2022-06-16 3:16:35,18.34,25.22,Queenright
../archive/sound_files/sound_files/2022-07-10--15-39-44_2__segment1.wav,3,1,1,2,2022-07-10 15:39:44,35.29,21.02,Queen_Accepted
../archive/sound_files/sound_files/2022-07-03--00-20-49_2__segment5.wav,3,1,1,2,2022-07-03 0:20:49,20.45,36.34,Queen_Accepted
../archive/sound_files/sound_files/2022-07-08--21-07-28_2__segment3.wav,3,1,1,2,2022-07-08 21:07:28,21.11,40.02,Queen_Accepted
../archive/sound_files/sound_files/2022-07-09--19-53-03_2__segment1.wav,3,1,1,2,2022-07-09 19:53:03,24.36,40.24,Queen_Accepted
../archive/sound_files/sound_files/2022-06-25--17-02-48_2__segment4.wav,1,0,1,2,2022-06-25 17:02:48,31.4,28.92,Queenless
../archive/sound_files/sound_files/2022-06-14--20-15-04_2__segment0.wav,0,1,1,2,2022-06-14 20:15:04,24.67,24.97,Queenright
../archive/sound_files/sound_files/2022-07-12--18-09-43_2__segment2.wav,3,1,1,2,2022-07-12 18:09:43,30.62,33.8,Queen_Accepted
../archive/sound_files/sound_files/2022-06-28--05-16-46_2__segment4.wav,2,1,1,2,2022-06-28 5:16:46,18.88,55.16,Queen_New
../archive/sound_files/sound_files/2022-06-24--21-52-53_2__segment4.wav,0,1,1,2,2022-06-24 21:52:53,23.77,37.53,Queenright
../archive/sound_files/sound_files/2022-06-30--06-47-59_2__segment0.wav,2,1,1,2,2022-06-30 6:47:59,21.47,51.1,Queen_New
../archive/sound_files/sound_files/2022-07-05--02-55-46_2__segment0.wav,3,1,1,2,2022-07-05 2:55:46,21.17,47.88,Queen_Accepted
../archive/sound_files/sound_files/2022-06-26--01-55-04_2__segment4.wav,1,0,1,2,2022-06-26 1:55:04,19.07,39.14,Queenless
../archive/sound_files/sound_files/2022-07-11--17-21-59_2__segment0.wav,3,1,1,2,2022-07-11 17:21:59,32.11,28.71,Queen_Accepted
../archive/sound_files/sound_files/2022-06-25--13-40-59_2__segment4.wav,0,1,1,2,2022-06-25 13:40:59,36.36,25.87,Queenright
../archive/sound_files/sound_files/2022-06-25--21-58-20_2__segment2.wav,1,0,1,2,2022-06-25 21:58:20,20.9,39.44,Queenless
../archive/sound_files/sound_files/2022-07-08--15-08-24_2__segment3.wav,3,1,1,2,2022-07-08 15:08:24,32.53,25.36,Queen_Accepted
../archive/sound_files/sound_files/2022-07-13--00-08-52_2__segment1.wav,3,1,1,2,2022-07-13 0:08:52,19.06,46.28,Queen_Accepted
../archive/sound_files/sound_files/2022-07-12--12-17-36_2__segment1.wav,3,1,1,2,2022-07-12 12:17:36,51.89,11.99,Queen_Accepted
../archive/sound_files/sound_files/2022-06-29--13-15-40_2__segment4.wav,2,1,1,2,2022-06-29 13:15:40,47.73,13.95,Queen_New
../archive/sound_files/sound_files/2022-07-12--18-09-43_2__segment4.wav,3,1,1,2,2022-07-12 18:09:43,30.62,33.8,Queen_Accepted
../archive/sound_files/sound_files/2022-06-16--14-07-27_2__segment4.wav,0,1,1,2,2022-06-16 14:07:27,37.18,18.71,Queenright
../archive/sound_files/sound_files/2022-06-30--16-40-15_2__segment4.wav,2,1,1,2,2022-06-30 16:40:15,27.66,28.39,Queen_New
../archive/sound_files/sound_files/2022-06-26--10-48-36_2__segment3.wav,1,0,1,2,2022-06-26 10:48:36,49.68,15.42,Queenless
../archive/sound_files/sound_files/2022-07-04--06-01-05_2__segment1.wav,3,1,1,2,2022-07-04 6:01:05,19.58,54.38,Queen_Accepted
../archive/sound_files/sound_files/2022-06-15--05-32-54_2__segment0.wav,0,1,1,2,2022-06-15 5:32:54,18.69,26.58,Queenright
../archive/sound_files/sound_files/2022-06-27--05-32-42_2__segment2.wav,1,0,1,2,2022-06-27 5:32:42,20.99,41.18,Queenless
../archive/sound_files/sound_files/2022-06-26--02-54-17_2__segment5.wav,1,0,1,2,2022-06-26 2:54:17,18.68,40.1,Queenless
../archive/sound_files/sound_files/2022-06-26--03-53-30_2__segment5.wav,1,0,1,2,2022-06-26 3:53:30,18.24,40.26,Queenless
../archive/sound_files/sound_files/2022-07-09--18-54-22_2__segment2.wav,3,1,1,2,2022-07-09 18:54:22,26.77,35.04,Queen_Accepted
../archive/sound_files/sound_files/2022-07-04--01-05-00_2__segment2.wav,3,1,1,2,2022-07-04 1:05:00,17.41,33.21,Queen_Accepted
../archive/sound_files/sound_files/2022-06-26--10-48-36_2__segment0.wav,1,0,1,2,2022-06-26 10:48:36,49.68,15.42,Queenless
../archive/sound_files/sound_files/2022-06-29--16-11-32_2__segment3.wav,2,1,1,2,2022-06-29 16:11:32,29.76,27.72,Queen_New
../archive/sound_files/sound_files/2022-07-04--02-04-13_2__segment1.wav,3,1,1,2,2022-07-04 2:04:13,17.8,34.25,Queen_Accepted
../archive/sound_files/sound_files/2022-07-09--05-00-15_2__segment4.wav,3,1,1,2,2022-07-09 5:00:15,16.32,41.12,Queen_Accepted
../archive/sound_files/sound_files/2022-07-04--13-55-26_2__segment0.wav,3,1,1,2,2022-07-04 13:55:26,41.01,23.72,Queen_Accepted
../archive/sound_files/sound_files/2022-07-11--01-31-46_2__segment1.wav,3,1,1,2,2022-07-11 1:31:46,19.74,43.84,Queen_Accepted
../archive/sound_files/sound_files/2022-07-14--10-54-43_2__segment1.wav,3,1,1,2,2022-07-14 10:54:43,49.88,14.82,Queen_Accepted
../archive/sound_files/sound_files/2022-06-26--12-47-08_2__segment4.wav,1,0,1,2,2022-06-26 12:47:08,47.65,13.97,Queenless
../archive/sound_files/sound_files/2022-07-14--15-03-25_2__segment0.wav,3,1,1,2,2022-07-14 15:03:25,32.99,28.95,Queen_Accepted
../archive/sound_files/sound_files/2022-07-12--10-18-46_2__segment0.wav,3,1,1,2,2022-07-12 10:18:46,46.26,23.11,Queen_Accepted
../archive/sound_files/sound_files/2022-07-10--07-43-18_2__segment4.wav,3,1,1,2,2022-07-10 7:43:18,26.87,46.52,Queen_Accepted
../archive/sound_files/sound_files/2022-07-03--04-17-36_2__segment4.wav,3,1,1,2,2022-07-03 4:17:36,20.56,34.4,Queen_Accepted
../archive/sound_files/sound_files/2022-07-10--10-42-52_2__segment5.wav,3,1,1,2,2022-07-10 10:42:52,49.27,16.78,Queen_Accepted
../archive/sound_files/sound_files/2022-07-03--01-20-01_2__segment1.wav,3,1,1,2,2022-07-03 1:20:01,20.72,36.32,Queen_Accepted
../archive/sound_files/sound_files/2022-06-27--13-17-43_2__segment3.wav,1,0,1,2,2022-06-27 13:17:43,46.04,14.71,Queenless
../archive/sound_files/sound_files/2022-07-07--04-25-29_2__segment0.wav,3,1,1,2,2022-07-07 4:25:29,19.83,43.43,Queen_Accepted
../archive/sound_files/sound_files/2022-06-30--01-52-10_2__segment0.wav,2,1,1,2,2022-06-30 1:52:10,21.22,31.72,Queen_New
../archive/sound_files/sound_files/2022-06-27--16-15-16_2__segment3.wav,1,0,1,2,2022-06-27 16:15:16,32.69,26.97,Queenless
../archive/sound_files/sound_files/2022-07-15--15-28-21_2__segment0.wav,3,1,1,2,2022-07-15 15:28:21,31.55,27.9,Queen_Accepted
../archive/sound_files/sound_files/2022-06-15--12-30-15_2__segment3.wav,0,1,1,2,2022-06-15 12:30:15,49.86,10.31,Queenright
../archive/sound_files/sound_files/2022-07-06--03-42-38_2__segment3.wav,3,1,1,2,2022-07-06 3:42:38,21.11,45.57,Queen_Accepted
../archive/sound_files/sound_files/2022-06-25--02-48-45_2__segment4.wav,0,1,1,2,2022-06-25 2:48:45,21.74,36.03,Queenright
../archive/sound_files/sound_files/2022-06-25--15-04-33_2__segment2.wav,1,0,1,2,2022-06-25 15:04:33,35.83,22.89,Queenless
../archive/sound_files/sound_files/2022-07-11--15-24-07_2__segment4.wav,3,1,1,2,2022-07-11 15:24:07,35.07,25.15,Queen_Accepted
../archive/sound_files/sound_files/2022-06-30--11-45-41_2__segment1.wav,2,1,1,2,2022-06-30 11:45:41,51.28,16.81,Queen_New
../archive/sound_files/sound_files/2022-06-16--20-01-57_2__segment1.wav,0,1,1,2,2022-06-16 20:01:57,20.71,29.72,Queenright
../archive/sound_files/sound_files/2022-07-06--04-41-50_2__segment3.wav,3,1,1,2,2022-07-06 4:41:50,21.01,46.18,Queen_Accepted
../archive/sound_files/sound_files/2022-06-28--11-13-54_2__segment0.wav,2,1,1,2,2022-06-28 11:13:54,43.52,17.67,Queen_New
../archive/sound_files/sound_files/2022-06-25--09-43-58_2__segment3.wav,0,1,1,2,2022-06-25 9:43:58,31.81,36.64,Queenright
../archive/sound_files/sound_files/2022-07-06--17-31-12_2__segment3.wav,3,1,1,2,2022-07-06 17:31:12,27.06,34.49,Queen_Accepted
../archive/sound_files/sound_files/2022-06-15--08-32-07_2__segment5.wav,0,1,1,2,2022-06-15 8:32:07,37.82,27.19,Queenright
../archive/sound_files/sound_files/2022-07-14--17-01-03_2__segment1.wav,3,1,1,2,2022-07-14 17:01:03,29.35,31.42,Queen_Accepted
../archive/sound_files/sound_files/2022-07-05--01-56-38_2__segment4.wav,3,1,1,2,2022-07-05 1:56:38,21.76,48.74,Queen_Accepted
../archive/sound_files/sound_files/2022-06-28--09-14-48_2__segment2.wav,2,1,1,2,2022-06-28 9:14:48,38.48,23.56,Queen_New
../archive/sound_files/sound_files/2022-07-06--23-29-23_2__segment1.wav,3,1,1,2,2022-07-06 23:29:23,18.43,42.26,Queen_Accepted
../archive/sound_files/sound_files/2022-07-04--22-59-04_2__segment2.wav,3,1,1,2,2022-07-04 22:59:04,22.79,45.09,Queen_Accepted
../archive/sound_files/sound_files/2022-06-27--12-18-31_2__segment2.wav,1,0,1,2,2022-06-27 12:18:31,49.2,13.94,Queenless
../archive/sound_files/sound_files/2022-07-08--03-12-29_2__segment0.wav,3,1,1,2,2022-07-08 3:12:29,16.94,39.01,Queen_Accepted
../archive/sound_files/sound_files/2022-07-10--22-33-37_2__segment1.wav,3,1,1,2,2022-07-10 22:33:37,22.6,43.54,Queen_Accepted
../archive/sound_files/sound_files/2022-06-29--23-53-49_2__segment5.wav,2,1,1,2,2022-06-29 23:53:49,20.79,31.62,Queen_New
../archive/sound_files/sound_files/2022-06-29--12-16-28_2__segment4.wav,2,1,1,2,2022-06-29 12:16:28,49.65,12.46,Queen_New
../archive/sound_files/sound_files/2022-07-09--09-56-11_2__segment1.wav,3,1,1,2,2022-07-09 9:56:11,44.91,24.96,Queen_Accepted
../archive/sound_files/sound_files/2022-07-08--08-08-29_2__segment1.wav,3,1,1,2,2022-07-08 8:08:29,31.91,40.08,Queen_Accepted
../archive/sound_files/sound_files/2022-07-06--12-36-36_2__segment0.wav,3,1,1,2,2022-07-06 12:36:36,47.4,17.72,Queen_Accepted
../archive/sound_files/sound_files/2022-07-12--03-23-08_2__segment3.wav,3,1,1,2,2022-07-12 3:23:08,18.44,46.12,Queen_Accepted
../archive/sound_files/sound_files/2022-07-06--07-39-26_2__segment5.wav,3,1,1,2,2022-07-06 7:39:26,22.69,46.5,Queen_Accepted
../archive/sound_files/sound_files/2022-06-24--23-51-12_2__segment1.wav,0,1,1,2,2022-06-24 23:51:12,22.85,35.81,Queenright
../archive/sound_files/sound_files/2022-07-08--01-14-07_2__segment1.wav,3,1,1,2,2022-07-08 1:14:07,17.98,38.02,Queen_Accepted
../archive/sound_files/sound_files/2022-07-02--21-23-11_2__segment5.wav,3,1,1,2,2022-07-02 21:23:11,19.55,36.84,Queen_Accepted
../archive/sound_files/sound_files/2022-07-13--01-08-06_2__segment0.wav,3,1,1,2,2022-07-13 1:08:06,18.76,45.95,Queen_Accepted
../archive/sound_files/sound_files/2022-07-06--18-30-44_2__segment4.wav,3,1,1,2,2022-07-06 18:30:44,26.96,34.53,Queen_Accepted
../archive/sound_files/sound_files/2022-06-28--12-13-12_2__segment4.wav,2,1,1,2,2022-06-28 12:13:12,43.92,16.7,Queen_New
../archive/sound_files/sound_files/2022-06-16--23-58-21_2__segment0.wav,0,1,1,2,2022-06-16 23:58:21,19.45,34.28,Queenright
../archive/sound_files/sound_files/2022-07-12--21-07-38_2__segment1.wav,3,1,1,2,2022-07-12 21:07:38,22.38,47.82,Queen_Accepted
../archive/sound_files/sound_files/2022-07-04--05-01-54_2__segment2.wav,3,1,1,2,2022-07-04 5:01:54,19.53,34.71,Queen_Accepted
../archive/sound_files/sound_files/2022-06-27--08-30-28_2__segment3.wav,1,0,1,2,2022-06-27 8:30:28,34.51,39.44,Queenless
../archive/sound_files/sound_files/2022-06-24--16-57-37_2__segment5.wav,0,1,1,2,2022-06-24 16:57:37,33.31,27.73,Queenright
../archive/sound_files/sound_files/2022-07-02--20-24-01_2__segment4.wav,3,1,1,2,2022-07-02 20:24:01,20.69,35.76,Queen_Accepted
../archive/sound_files/sound_files/2022-06-30--14-42-07_2__segment1.wav,2,1,1,2,2022-06-30 14:42:07,32.97,24.07,Queen_New
../archive/sound_files/sound_files/2022-06-28--11-13-54_2__segment3.wav,2,1,1,2,2022-06-28 11:13:54,43.52,17.67,Queen_New
../archive/sound_files/sound_files/2022-06-26--17-42-54_2__segment4.wav,1,0,1,2,2022-06-26 17:42:54,30.13,32.93,Queenless
../archive/sound_files/sound_files/2022-07-07--11-20-34_2__segment2.wav,3,1,1,2,2022-07-07 11:20:34,48.39,19.94,Queen_Accepted
../archive/sound_files/sound_files/2022-07-13--08-02-57_2__segment2.wav,3,1,1,2,2022-07-13 8:02:57,27.53,45.87,Queen_Accepted
../archive/sound_files/sound_files/2022-06-29--22-54-35_2__segment2.wav,2,1,1,2,2022-06-29 22:54:35,20.73,45.57,Queen_New
../archive/sound_files/sound_files/2022-06-28--13-12-04_2__segment1.wav,2,1,1,2,2022-06-28 13:12:04,41.65,17.4,Queen_New
../archive/sound_files/sound_files/2022-07-03--06-15-59_2__segment2.wav,3,1,1,2,2022-07-03 6:15:59,20.71,35.58,Queen_Accepted
../archive/sound_files/sound_files/2022-06-26--17-42-54_2__segment1.wav,1,0,1,2,2022-06-26 17:42:54,30.13,32.93,Queenless
../archive/sound_files/sound_files/2022-06-15--09-32-36_2__segment5.wav,0,1,1,2,2022-06-15 9:32:36,45.68,18.99,Queenright
../archive/sound_files/sound_files/2022-07-05--19-42-23_2__segment4.wav,3,1,1,2,2022-07-05 19:42:23,24.18,40.45,Queen_Accepted
../archive/sound_files/sound_files/2022-07-06--16-32-31_2__segment5.wav,3,1,1,2,2022-07-06 16:32:31,28.36,32.17,Queen_Accepted
../archive/sound_files/sound_files/2022-06-16--15-06-34_2__segment3.wav,0,1,1,2,2022-06-16 15:06:34,29.73,25.75,Queenright
../archive/sound_files/sound_files/2022-07-03--19-10-34_2__segment2.wav,3,1,1,2,2022-07-03 19:10:34,23.02,35.64,Queen_Accepted
../archive/sound_files/sound_files/2022-07-09--05-00-15_2__segment1.wav,3,1,1,2,2022-07-09 5:00:15,16.32,41.12,Queen_Accepted
../archive/sound_files/sound_files/2022-06-30--02-51-21_2__segment2.wav,2,1,1,2,2022-06-30 2:51:21,21.17,31.49,Queen_New
../archive/sound_files/sound_files/2022-06-26--02-54-17_2__segment1.wav,1,0,1,2,2022-06-26 2:54:17,18.68,40.1,Queenless
../archive/sound_files/sound_files/2022-07-04--03-03-26_2__segment5.wav,3,1,1,2,2022-07-04 3:03:26,18.53,35.13,Queen_Accepted
../archive/sound_files/sound_files/2022-07-07--00-28-35_2__segment0.wav,3,1,1,2,2022-07-07 0:28:35,19.49,43.08,Queen_Accepted
../archive/sound_files/sound_files/2022-06-26--08-49-43_2__segment2.wav,1,0,1,2,2022-06-26 8:49:43,37.48,36.42,Queenless
../archive/sound_files/sound_files/2022-06-14--20-15-04_2__segment4.wav,0,1,1,2,2022-06-14 20:15:04,24.67,24.97,Queenright
../archive/sound_files/sound_files/2022-07-14--17-01-03_2__segment4.wav,3,1,1,2,2022-07-14 17:01:03,29.35,31.42,Queen_Accepted
../archive/sound_files/sound_files/2022-07-08--20-08-46_2__segment2.wav,3,1,1,2,2022-07-08 20:08:46,23.42,37.2,Queen_Accepted
../archive/sound_files/sound_files/2022-06-25--08-44-24_2__segment5.wav,0,1,1,2,2022-06-25 8:44:24,28.12,41.77,Queenright
../archive/sound_files/sound_files/2022-06-29--00-24-37_2__segment3.wav,2,1,1,2,2022-06-29 0:24:37,19.78,32.12,Queen_New
../archive/sound_files/sound_files/2022-07-04--05-01-54_2__segment5.wav,3,1,1,2,2022-07-04 5:01:54,19.53,34.71,Queen_Accepted
../archive/sound_files/sound_files/2022-07-10--02-46-54_2__segment5.wav,3,1,1,2,2022-07-10 2:46:54,16.9,43.58,Queen_Accepted
../archive/sound_files/sound_files/2022-06-16--13-09-27_2__segment5.wav,0,1,1,2,2022-06-16 13:09:27,47.17,11.58,Queenright
../archive/sound_files/sound_files/2022-07-06--22-26-45_2__segment0.wav,3,1,1,2,2022-07-06 22:26:45,19.04,43.69,Queen_Accepted
../archive/sound_files/sound_files/2022-06-16--07-13-31_2__segment5.wav,0,1,1,2,2022-06-16 7:13:31,24.88,32.82,Queenright
../archive/sound_files/sound_files/2022-06-26--22-38-20_2__segment5.wav,1,0,1,2,2022-06-26 22:38:20,19.63,39.49,Queenless
../archive/sound_files/sound_files/2022-07-06--10-37-58_2__segment2.wav,3,1,1,2,2022-07-06 10:37:58,41.14,30.87,Queen_Accepted
../archive/sound_files/sound_files/2022-07-09--03-02-18_2__segment3.wav,3,1,1,2,2022-07-09 3:02:18,17.04,41.03,Queen_Accepted
../archive/sound_files/sound_files/2022-06-16--07-13-31_2__segment3.wav,0,1,1,2,2022-06-16 7:13:31,24.88,32.82,Queenright
../archive/sound_files/sound_files/2022-07-06--16-32-31_2__segment1.wav,3,1,1,2,2022-07-06 16:32:31,28.36,32.17,Queen_Accepted
../archive/sound_files/sound_files/2022-07-06--14-34-31_2__segment4.wav,3,1,1,2,2022-07-06 14:34:31,32.75,26.68,Queen_Accepted
../archive/sound_files/sound_files/2022-07-10--06-43-27_2__segment0.wav,3,1,1,2,2022-07-10 6:43:27,17.09,44.29,Queen_Accepted
../archive/sound_files/sound_files/2022-06-16--16-05-45_2__segment3.wav,0,1,1,2,2022-06-16 16:05:45,28.39,24.82,Queenright
../archive/sound_files/sound_files/2022-07-10--02-46-54_2__segment2.wav,3,1,1,2,2022-07-10 2:46:54,16.9,43.58,Queen_Accepted
../archive/sound_files/sound_files/2022-06-28--15-09-35_2__segment0.wav,2,1,1,2,2022-06-28 15:09:35,32.33,28.35,Queen_New
../archive/sound_files/sound_files/2022-07-11--11-26-41_2__segment3.wav,3,1,1,2,2022-07-11 11:26:41,53.46,11.12,Queen_Accepted
../archive/sound_files/sound_files/2022-07-08--15-08-24_2__segment1.wav,3,1,1,2,2022-07-08 15:08:24,32.53,25.36,Queen_Accepted
../archive/sound_files/sound_files/2022-07-15--00-02-18_2__segment0.wav,3,1,1,2,2022-07-15 0:02:18,18.38,36.05,Queen_Accepted
../archive/sound_files/sound_files/2022-06-29--15-12-27_2__segment5.wav,2,1,1,2,2022-06-29 15:12:27,30.99,25.97,Queen_New
../archive/sound_files/sound_files/2022-07-06--12-36-36_2__segment4.wav,3,1,1,2,2022-07-06 12:36:36,47.4,17.72,Queen_Accepted
../archive/sound_files/sound_files/2022-07-11--11-26-41_2__segment4.wav,3,1,1,2,2022-07-11 11:26:41,53.46,11.12,Queen_Accepted
../archive/sound_files/sound_files/2022-07-03--11-12-13_2__segment0.wav,3,1,1,2,2022-07-03 11:12:13,27.82,37.94,Queen_Accepted
../archive/sound_files/sound_files/2022-07-12--10-18-46_2__segment1.wav,3,1,1,2,2022-07-12 10:18:46,46.26,23.11,Queen_Accepted
../archive/sound_files/sound_files/2022-06-15--02-25-24_2__segment5.wav,0,1,1,2,2022-06-15 2:25:24,20.11,25.05,Queenright
../archive/sound_files/sound_files/2022-07-03--11-12-13_2__segment4.wav,3,1,1,2,2022-07-03 11:12:13,27.82,37.94,Queen_Accepted
../archive/sound_files/sound_files/2022-07-09--09-56-11_2__segment4.wav,3,1,1,2,2022-07-09 9:56:11,44.91,24.96,Queen_Accepted
../archive/sound_files/sound_files/2022-07-12--06-20-44_2__segment3.wav,3,1,1,2,2022-07-12 6:20:44,18.47,47.31,Queen_Accepted
../archive/sound_files/sound_files/2022-07-13--21-58-04_2__segment4.wav,3,1,1,2,2022-07-13 21:58:04,20.47,47.26,Queen_Accepted
../archive/sound_files/sound_files/2022-07-04--11-56-52_2__segment0.wav,3,1,1,2,2022-07-04 11:56:52,37.82,27.36,Queen_Accepted
../archive/sound_files/sound_files/2022-06-16--06-14-12_2__segment0.wav,0,1,1,2,2022-06-16 6:14:12,19.07,35.39,Queenright
../archive/sound_files/sound_files/2022-07-05--09-50-55_2__segment0.wav,3,1,1,2,2022-07-05 9:50:55,40.32,35.47,Queen_Accepted
../archive/sound_files/sound_files/2022-07-08--12-08-53_2__segment2.wav,3,1,1,2,2022-07-08 12:08:53,51.02,12.37,Queen_Accepted
../archive/sound_files/sound_files/2022-07-09--08-57-12_2__segment2.wav,3,1,1,2,2022-07-09 8:57:12,37.87,32.38,Queen_Accepted
../archive/sound_files/sound_files/2022-06-16--21-01-03_2__segment4.wav,0,1,1,2,2022-06-16 21:01:03,20.02,43.7,Queenright
../archive/sound_files/sound_files/2022-07-10--09-43-41_2__segment1.wav,3,1,1,2,2022-07-10 9:43:41,44.41,25.42,Queen_Accepted
../archive/sound_files/sound_files/2022-07-02--23-21-36_2__segment0.wav,3,1,1,2,2022-07-02 23:21:36,19.8,34.91,Queen_Accepted
../archive/sound_files/sound_files/2022-07-03--06-15-59_2__segment1.wav,3,1,1,2,2022-07-03 6:15:59,20.71,35.58,Queen_Accepted
../archive/sound_files/sound_files/2022-07-12--08-19-19_2__segment3.wav,3,1,1,2,2022-07-12 8:19:19,28.08,44.63,Queen_Accepted
../archive/sound_files/sound_files/2022-07-10--19-35-56_2__segment1.wav,3,1,1,2,2022-07-10 19:35:56,28.41,32.25,Queen_Accepted
../archive/sound_files/sound_files/2022-07-04--04-02-43_2__segment0.wav,3,1,1,2,2022-07-04 4:02:43,19.09,35.37,Queen_Accepted
../archive/sound_files/sound_files/2022-07-10--05-44-39_2__segment0.wav,3,1,1,2,2022-07-10 5:44:39,15.5,44.33,Queen_Accepted
../archive/sound_files/sound_files/2022-07-06--06-40-12_2__segment0.wav,3,1,1,2,2022-07-06 6:40:12,21.38,46.34,Queen_Accepted
../archive/sound_files/sound_files/2022-07-07--18-16-21_2__segment3.wav,3,1,1,2,2022-07-07 18:16:21,28.76,31.03,Queen_Accepted
../archive/sound_files/sound_files/2022-06-30--12-44-48_2__segment0.wav,2,1,1,2,2022-06-30 12:44:48,49.55,12.69,Queen_New
../archive/sound_files/sound_files/2022-06-24--10-03-17_2__segment1.wav,0,1,1,2,2022-06-24 10:03:17,33.81,31.83,Queenright
../archive/sound_files/sound_files/2022-06-30--05-48-50_2__segment0.wav,2,1,1,2,2022-06-30 5:48:50,21.11,41.29,Queen_New
../archive/sound_files/sound_files/2022-07-05--12-48-30_2__segment3.wav,3,1,1,2,2022-07-05 12:48:30,43.06,21.86,Queen_Accepted
../archive/sound_files/sound_files/2022-06-28--02-19-17_2__segment2.wav,2,1,1,2,2022-06-28 2:19:17,19.61,55.96,Queen_New
../archive/sound_files/sound_files/2022-07-03--23-06-41_2__segment2.wav,3,1,1,2,2022-07-03 23:06:41,18.13,33.78,Queen_Accepted
../archive/sound_files/sound_files/2022-07-03--11-12-13_2__segment2.wav,3,1,1,2,2022-07-03 11:12:13,27.82,37.94,Queen_Accepted
../archive/sound_files/sound_files/2022-07-02--17-26-27_2__segment4.wav,3,1,1,2,2022-07-02 17:26:27,25.13,35.37,Queen_Accepted
../archive/sound_files/sound_files/2022-06-26--13-46-18_2__segment2.wav,1,0,1,2,2022-06-26 13:46:18,42.36,17.97,Queenless
../archive/sound_files/sound_files/2022-06-16--03-16-35_2__segment4.wav,0,1,1,2,2022-06-16 3:16:35,18.34,25.22,Queenright
../archive/sound_files/sound_files/2022-06-25--10-43-26_2__segment3.wav,0,1,1,2,2022-06-25 10:43:26,35.38,30.17,Queenright
../archive/sound_files/sound_files/2022-07-04--16-55-37_2__segment3.wav,3,1,1,2,2022-07-04 16:55:37,32.19,30.05,Queen_Accepted
../archive/sound_files/sound_files/2022-07-10--22-33-37_2__segment0.wav,3,1,1,2,2022-07-10 22:33:37,22.6,43.54,Queen_Accepted
../archive/sound_files/sound_files/2022-07-10--05-44-39_2__segment5.wav,3,1,1,2,2022-07-10 5:44:39,15.5,44.33,Queen_Accepted
../archive/sound_files/sound_files/2022-06-25--00-50-22_2__segment0.wav,0,1,1,2,2022-06-25 0:50:22,22.68,35.77,Queenright
../archive/sound_files/sound_files/2022-06-28--00-20-58_2__segment1.wav,2,1,1,2,2022-06-28 0:20:58,19.87,55.33,Queen_New
../archive/sound_files/sound_files/2022-07-04--07-00-21_2__segment4.wav,3,1,1,2,2022-07-04 7:00:21,21.7,36.69,Queen_Accepted
../archive/sound_files/sound_files/2022-07-09--22-50-18_2__segment5.wav,3,1,1,2,2022-07-09 22:50:18,19.26,43.69,Queen_Accepted
../archive/sound_files/sound_files/2022-06-28--04-17-36_2__segment4.wav,2,1,1,2,2022-06-28 4:17:36,19.44,53.94,Queen_New
../archive/sound_files/sound_files/2022-07-06--00-42-40_2__segment0.wav,3,1,1,2,2022-07-06 0:42:40,20.61,45.04,Queen_Accepted
../archive/sound_files/sound_files/2022-07-07--02-26-59_2__segment3.wav,3,1,1,2,2022-07-07 2:26:59,19.91,43.83,Queen_Accepted
../archive/sound_files/sound_files/2022-06-28--06-16-00_2__segment4.wav,2,1,1,2,2022-06-28 6:16:00,20.53,52.56,Queen_New
../archive/sound_files/sound_files/2022-06-30--12-44-48_2__segment4.wav,2,1,1,2,2022-06-30 12:44:48,49.55,12.69,Queen_New
../archive/sound_files/sound_files/2022-06-27--22-22-43_2__segment2.wav,2,1,1,2,2022-06-27 22:22:43,21.02,53.04,Queen_New
../archive/sound_files/sound_files/2022-07-05--00-57-29_2__segment4.wav,3,1,1,2,2022-07-05 0:57:29,21.89,47.73,Queen_Accepted
../archive/sound_files/sound_files/2022-07-08--12-08-53_2__segment3.wav,3,1,1,2,2022-07-08 12:08:53,51.02,12.37,Queen_Accepted
../archive/sound_files/sound_files/2022-07-12--18-09-43_2__segment5.wav,3,1,1,2,2022-07-12 18:09:43,30.62,33.8,Queen_Accepted
../archive/sound_files/sound_files/2022-06-25--06-45-34_2__segment0.wav,0,1,1,2,2022-06-25 6:45:34,21.44,36.4,Queenright
../archive/sound_files/sound_files/2022-07-13--00-08-52_2__segment4.wav,3,1,1,2,2022-07-13 0:08:52,19.06,46.28,Queen_Accepted
../archive/sound_files/sound_files/2022-06-28--16-08-41_2__segment1.wav,2,1,1,2,2022-06-28 16:08:41,31.31,28.2,Queen_New
../archive/sound_files/sound_files/2022-07-10--03-45-59_2__segment5.wav,3,1,1,2,2022-07-10 3:45:59,16.38,43.76,Queen_Accepted
../archive/sound_files/sound_files/2022-06-29--06-19-34_2__segment4.wav,2,1,1,2,2022-06-29 6:19:34,19.05,31.05,Queen_New
../archive/sound_files/sound_files/2022-07-10--05-44-39_2__segment2.wav,3,1,1,2,2022-07-10 5:44:39,15.5,44.33,Queen_Accepted
../archive/sound_files/sound_files/2022-07-13--08-02-57_2__segment0.wav,3,1,1,2,2022-07-13 8:02:57,27.53,45.87,Queen_Accepted
../archive/sound_files/sound_files/2022-07-02--20-24-01_2__segment0.wav,3,1,1,2,2022-07-02 20:24:01,20.69,35.76,Queen_Accepted
../archive/sound_files/sound_files/2022-06-25--05-46-18_2__segment4.wav,0,1,1,2,2022-06-25 5:46:18,20.74,35.79,Queenright
../archive/sound_files/sound_files/2022-07-02--22-22-21_2__segment2.wav,3,1,1,2,2022-07-02 22:22:21,19.23,37.3,Queen_Accepted
../archive/sound_files/sound_files/2022-06-27--09-22-28_2__segment1.wav,1,0,1,2,2022-06-27 9:22:28,37.83,34.44,Queenless
../archive/sound_files/sound_files/2022-06-16--09-12-24_2__segment5.wav,0,1,1,2,2022-06-16 9:12:24,41.15,20.1,Queenright
../archive/sound_files/sound_files/2022-07-09--21-51-33_2__segment2.wav,3,1,1,2,2022-07-09 21:51:33,20.34,45.53,Queen_Accepted
../archive/sound_files/sound_files/2022-06-16--01-18-24_2__segment3.wav,0,1,1,2,2022-06-16 1:18:24,18.82,24.42,Queenright
../archive/sound_files/sound_files/2022-07-11--11-26-41_2__segment2.wav,3,1,1,2,2022-07-11 11:26:41,53.46,11.12,Queen_Accepted
../archive/sound_files/sound_files/2022-06-26--07-50-20_2__segment5.wav,1,0,1,2,2022-06-26 7:50:20,25.52,41.71,Queenless
../archive/sound_files/sound_files/2022-07-08--06-09-51_2__segment2.wav,3,1,1,2,2022-07-08 6:09:51,16.16,38.48,Queen_Accepted
../archive/sound_files/sound_files/2022-06-29--14-13-31_2__segment1.wav,2,1,1,2,2022-06-29 14:13:31,37.15,21.01,Queen_New
../archive/sound_files/sound_files/2022-07-09--05-00-15_2__segment2.wav,3,1,1,2,2022-07-09 5:00:15,16.32,41.12,Queen_Accepted
../archive/sound_files/sound_files/2022-07-10--08-42-54_2__segment0.wav,3,1,1,2,2022-07-10 8:42:54,37.07,36.85,Queen_Accepted
../archive/sound_files/sound_files/2022-06-27--16-15-16_2__segment0.wav,1,0,1,2,2022-06-27 16:15:16,32.69,26.97,Queenless
../archive/sound_files/sound_files/2022-06-28--14-10-34_2__segment0.wav,2,1,1,2,2022-06-28 14:10:34,36.22,22.69,Queen_New
../archive/sound_files/sound_files/2022-07-08--07-09-47_2__segment4.wav,3,1,1,2,2022-07-08 7:09:47,21.87,41.4,Queen_Accepted
../archive/sound_files/sound_files/2022-07-07--16-17-49_2__segment0.wav,3,1,1,2,2022-07-07 16:17:49,29.92,30.17,Queen_Accepted
../archive/sound_files/sound_files/2022-07-07--20-16-51_2__segment2.wav,3,1,1,2,2022-07-07 20:16:51,22.86,35.2,Queen_Accepted
../archive/sound_files/sound_files/2022-07-14--20-58-44_2__segment4.wav,3,1,1,2,2022-07-14 20:58:44,21.42,36.22,Queen_Accepted
../archive/sound_files/sound_files/2022-06-29--21-55-24_2__segment0.wav,2,1,1,2,2022-06-29 21:55:24,20.08,33.48,Queen_New
../archive/sound_files/sound_files/2022-07-13--04-05-58_2__segment3.wav,3,1,1,2,2022-07-13 4:05:58,17.9,52.29,Queen_Accepted
../archive/sound_files/sound_files/2022-06-30--06-47-59_2__segment4.wav,2,1,1,2,2022-06-30 6:47:59,21.47,51.1,Queen_New
../archive/sound_files/sound_files/2022-07-03--14-09-50_2__segment3.wav,3,1,1,2,2022-07-03 14:09:50,34.13,28.77,Queen_Accepted
../archive/sound_files/sound_files/2022-06-27--10-20-13_2__segment4.wav,1,0,1,2,2022-06-27 10:20:13,45.02,19.68,Queenless
../archive/sound_files/sound_files/2022-07-14--13-01-08_2__segment3.wav,3,1,1,2,2022-07-14 13:01:08,47.59,14.63,Queen_Accepted
../archive/sound_files/sound_files/2022-07-03--12-11-40_2__segment1.wav,3,1,1,2,2022-07-03 12:11:40,34.19,37.72,Queen_Accepted
../archive/sound_files/sound_files/2022-06-26--02-54-17_2__segment0.wav,1,0,1,2,2022-06-26 2:54:17,18.68,40.1,Queenless
../archive/sound_files/sound_files/2022-06-16--15-06-34_2__segment0.wav,0,1,1,2,2022-06-16 15:06:34,29.73,25.75,Queenright
../archive/sound_files/sound_files/2022-06-15--22-20-36_2__segment3.wav,0,1,1,2,2022-06-15 22:20:36,19.15,25.71,Queenright
../archive/sound_files/sound_files/2022-06-27--07-31-07_2__segment5.wav,1,0,1,2,2022-06-27 7:31:07,23.83,40.34,Queenless
../archive/sound_files/sound_files/2022-06-28--08-14-40_2__segment4.wav,2,1,1,2,2022-06-28 8:14:40,33.75,37.4,Queen_New
../archive/sound_files/sound_files/2022-06-24--10-03-17_2__segment2.wav,0,1,1,2,2022-06-24 10:03:17,33.81,31.83,Queenright
../archive/sound_files/sound_files/2022-06-29--17-00-11_2__segment1.wav,2,1,1,2,2022-06-29 17:00:11,26.36,37.35,Queen_New
../archive/sound_files/sound_files/2022-07-10--21-34-27_2__segment4.wav,3,1,1,2,2022-07-10 21:34:27,23.94,39.18,Queen_Accepted
../archive/sound_files/sound_files/2022-06-27--18-13-28_2__segment5.wav,1,0,1,2,2022-06-27 18:13:28,30.71,27.77,Queenless
../archive/sound_files/sound_files/2022-06-29--17-59-12_2__segment4.wav,2,1,1,2,2022-06-29 17:59:12,27.75,31.04,Queen_New
../archive/sound_files/sound_files/2022-06-28--08-14-40_2__segment0.wav,2,1,1,2,2022-06-28 8:14:40,33.75,37.4,Queen_New
../archive/sound_files/sound_files/2022-06-29--03-22-07_2__segment0.wav,2,1,1,2,2022-06-29 3:22:07,19.09,32.3,Queen_New
../archive/sound_files/sound_files/2022-07-02--17-26-27_2__segment5.wav,3,1,1,2,2022-07-02 17:26:27,25.13,35.37,Queen_Accepted
../archive/sound_files/sound_files/2022-07-03--04-17-36_2__segment0.wav,3,1,1,2,2022-07-03 4:17:36,20.56,34.4,Queen_Accepted
../archive/sound_files/sound_files/2022-07-07--12-21-08_2__segment3.wav,3,1,1,2,2022-07-07 12:21:08,49.82,16.03,Queen_Accepted
../archive/sound_files/sound_files/2022-07-07--06-24-26_2__segment3.wav,3,1,1,2,2022-07-07 6:24:26,19.9,45.26,Queen_Accepted
../archive/sound_files/sound_files/2022-07-07--12-21-08_2__segment2.wav,3,1,1,2,2022-07-07 12:21:08,49.82,16.03,Queen_Accepted
../archive/sound_files/sound_files/2022-06-24--20-53-47_2__segment2.wav,0,1,1,2,2022-06-24 20:53:47,25.31,38.76,Queenright
../archive/sound_files/sound_files/2022-07-03--08-14-28_2__segment1.wav,3,1,1,2,2022-07-03 8:14:28,23.09,36.99,Queen_Accepted
../archive/sound_files/sound_files/2022-07-06--03-42-38_2__segment1.wav,3,1,1,2,2022-07-06 3:42:38,21.11,45.57,Queen_Accepted
../archive/sound_files/sound_files/2022-07-05--23-43-52_2__segment1.wav,3,1,1,2,2022-07-05 23:43:52,19.81,45.27,Queen_Accepted
../archive/sound_files/sound_files/2022-06-15--02-25-24_2__segment1.wav,0,1,1,2,2022-06-15 2:25:24,20.11,25.05,Queenright
../archive/sound_files/sound_files/2022-06-29--00-24-37_2__segment5.wav,2,1,1,2,2022-06-29 0:24:37,19.78,32.12,Queen_New
../archive/sound_files/sound_files/2022-07-12--01-24-45_2__segment3.wav,3,1,1,2,2022-07-12 1:24:45,19.06,45.24,Queen_Accepted
../archive/sound_files/sound_files/2022-06-28--09-14-48_2__segment0.wav,2,1,1,2,2022-06-28 9:14:48,38.48,23.56,Queen_New
../archive/sound_files/sound_files/2022-06-27--19-25-32_2__segment1.wav,2,1,1,2,2022-06-27 19:25:32,26.43,40.55,Queen_New
../archive/sound_files/sound_files/2022-06-28--07-15-45_2__segment3.wav,2,1,1,2,2022-06-28 7:15:45,26.68,46.57,Queen_New
../archive/sound_files/sound_files/2022-07-08--19-09-34_2__segment5.wav,3,1,1,2,2022-07-08 19:09:34,25.77,34.68,Queen_Accepted
../archive/sound_files/sound_files/2022-07-10--21-34-27_2__segment1.wav,3,1,1,2,2022-07-10 21:34:27,23.94,39.18,Queen_Accepted
../archive/sound_files/sound_files/2022-07-03--14-09-50_2__segment0.wav,3,1,1,2,2022-07-03 14:09:50,34.13,28.77,Queen_Accepted
../archive/sound_files/sound_files/2022-06-27--17-14-23_2__segment3.wav,1,0,1,2,2022-06-27 17:14:23,31.02,28.46,Queenless
../archive/sound_files/sound_files/2022-06-14--20-15-04_2__segment3.wav,0,1,1,2,2022-06-14 20:15:04,24.67,24.97,Queenright
../archive/sound_files/sound_files/2022-07-09--01-03-30_2__segment1.wav,3,1,1,2,2022-07-09 1:03:30,17.88,40.1,Queen_Accepted
../archive/sound_files/sound_files/2022-07-14--20-58-44_2__segment1.wav,3,1,1,2,2022-07-14 20:58:44,21.42,36.22,Queen_Accepted
../archive/sound_files/sound_files/2022-06-26--04-52-44_2__segment2.wav,1,0,1,2,2022-06-26 4:52:44,18.91,40.24,Queenless
../archive/sound_files/sound_files/2022-07-06--09-38-12_2__segment2.wav,3,1,1,2,2022-07-06 9:38:12,34.48,40.22,Queen_Accepted
../archive/sound_files/sound_files/2022-06-25--21-58-20_2__segment5.wav,1,0,1,2,2022-06-25 21:58:20,20.9,39.44,Queenless
../archive/sound_files/sound_files/2022-07-03--13-11-29_2__segment0.wav,3,1,1,2,2022-07-03 13:11:29,39.0,30.46,Queen_Accepted
../archive/sound_files/sound_files/2022-06-25--22-57-32_2__segment2.wav,1,0,1,2,2022-06-25 22:57:32,20.25,38.57,Queenless
../archive/sound_files/sound_files/2022-06-25--03-47-58_2__segment5.wav,0,1,1,2,2022-06-25 3:47:58,21.56,35.97,Queenright
../archive/sound_files/sound_files/2022-07-06--05-40-59_2__segment1.wav,3,1,1,2,2022-07-06 5:40:59,20.83,46.19,Queen_Accepted
../archive/sound_files/sound_files/2022-07-12--14-14-09_2__segment3.wav,3,1,1,2,2022-07-12 14:14:09,37.35,24.16,Queen_Accepted
../archive/sound_files/sound_files/2022-06-24--18-55-41_2__segment1.wav,0,1,1,2,2022-06-24 18:55:41,29.74,32.4,Queenright
../archive/sound_files/sound_files/2022-06-29--09-18-09_2__segment1.wav,2,1,1,2,2022-06-29 9:18:09,41.06,28.84,Queen_New
../archive/sound_files/sound_files/2022-06-29--04-21-17_2__segment1.wav,2,1,1,2,2022-06-29 4:21:17,19.27,31.81,Queen_New
../archive/sound_files/sound_files/2022-07-15--04-07-19_2__segment0.wav,3,1,1,2,2022-07-15 4:07:19,16.78,36.61,Queen_Accepted
../archive/sound_files/sound_files/2022-06-27--04-33-32_2__segment4.wav,1,0,1,2,2022-06-27 4:33:32,20.93,40.51,Queenless
../archive/sound_files/sound_files/2022-06-28--23-25-29_2__segment3.wav,2,1,1,2,2022-06-28 23:25:29,20.32,32.28,Queen_New
../archive/sound_files/sound_files/2022-07-08--20-08-46_2__segment1.wav,3,1,1,2,2022-07-08 20:08:46,23.42,37.2,Queen_Accepted
../archive/sound_files/sound_files/2022-06-28--12-13-12_2__segment5.wav,2,1,1,2,2022-06-28 12:13:12,43.92,16.7,Queen_New
../archive/sound_files/sound_files/2022-06-26--18-41-57_2__segment2.wav,1,0,1,2,2022-06-26 18:41:57,28.79,31.9,Queenless
../archive/sound_files/sound_files/2022-07-14--16-02-50_2__segment3.wav,3,1,1,2,2022-07-14 16:02:50,31.02,29.69,Queen_Accepted
../archive/sound_files/sound_files/2022-06-14--21-15-24_2__segment4.wav,0,1,1,2,2022-06-14 21:15:24,22.62,25.4,Queenright
../archive/sound_files/sound_files/2022-07-15--07-05-32_2__segment3.wav,3,1,1,2,2022-07-15 7:05:32,21.19,37.7,Queen_Accepted
../archive/sound_files/sound_files/2022-07-07--10-20-57_2__segment4.wav,3,1,1,2,2022-07-07 10:20:57,44.57,28.45,Queen_Accepted
../archive/sound_files/sound_files/2022-07-14--19-59-41_2__segment5.wav,3,1,1,2,2022-07-14 19:59:41,23.56,36.16,Queen_Accepted
../archive/sound_files/sound_files/2022-07-15--15-28-21_2__segment1.wav,3,1,1,2,2022-07-15 15:28:21,31.55,27.9,Queen_Accepted
../archive/sound_files/sound_files/2022-06-16--01-18-24_2__segment5.wav,0,1,1,2,2022-06-16 1:18:24,18.82,24.42,Queenright
../archive/sound_files/sound_files/2022-07-09--07-57-34_2__segment2.wav,3,1,1,2,2022-07-09 7:57:34,29.22,43.75,Queen_Accepted
../archive/sound_files/sound_files/2022-06-29--03-22-07_2__segment4.wav,2,1,1,2,2022-06-29 3:22:07,19.09,32.3,Queen_New
../archive/sound_files/sound_files/2022-06-30--03-50-31_2__segment5.wav,2,1,1,2,2022-06-30 3:50:31,21.16,32.39,Queen_New
../archive/sound_files/sound_files/2022-07-15--13-25-58_2__segment2.wav,3,1,1,2,2022-07-15 13:25:58,45.83,15.36,Queen_Accepted
../archive/sound_files/sound_files/2022-07-05--10-50-37_2__segment0.wav,3,1,1,2,2022-07-05 10:50:37,46.88,24.73,Queen_Accepted
../archive/sound_files/sound_files/2022-06-27--14-16-54_2__segment5.wav,1,0,1,2,2022-06-27 14:16:54,38.37,21.08,Queenless
../archive/sound_files/sound_files/2022-06-24--17-56-42_2__segment3.wav,0,1,1,2,2022-06-24 17:56:42,31.6,30.14,Queenright
../archive/sound_files/sound_files/2022-06-25--23-56-42_2__segment3.wav,1,0,1,2,2022-06-25 23:56:42,19.75,39.09,Queenless
../archive/sound_files/sound_files/2022-07-03--20-09-13_2__segment5.wav,3,1,1,2,2022-07-03 20:09:13,20.76,35.78,Queen_Accepted
../archive/sound_files/sound_files/2022-07-04--18-53-55_2__segment0.wav,3,1,1,2,2022-07-04 18:53:55,28.48,34.59,Queen_Accepted
../archive/sound_files/sound_files/2022-06-16--16-05-45_2__segment1.wav,0,1,1,2,2022-06-16 16:05:45,28.39,24.82,Queenright
../archive/sound_files/sound_files/2022-07-04--04-02-43_2__segment1.wav,3,1,1,2,2022-07-04 4:02:43,19.09,35.37,Queen_Accepted
../archive/sound_files/sound_files/2022-06-29--02-22-58_2__segment4.wav,2,1,1,2,2022-06-29 2:22:58,19.32,31.59,Queen_New
../archive/sound_files/sound_files/2022-06-28--18-29-56_2__segment1.wav,2,1,1,2,2022-06-28 18:29:56,28.86,30.01,Queen_New
../archive/sound_files/sound_files/2022-06-15--05-32-54_2__segment1.wav,0,1,1,2,2022-06-15 5:32:54,18.69,26.58,Queenright
../archive/sound_files/sound_files/2022-07-05--04-55-09_2__segment2.wav,3,1,1,2,2022-07-05 4:55:09,20.48,48.12,Queen_Accepted
../archive/sound_files/sound_files/2022-07-09--23-49-27_2__segment3.wav,3,1,1,2,2022-07-09 23:49:27,18.41,42.65,Queen_Accepted
../archive/sound_files/sound_files/2022-06-27--11-19-45_2__segment3.wav,1,0,1,2,2022-06-27 11:19:45,49.66,15.37,Queenless
../archive/sound_files/sound_files/2022-07-11--04-29-25_2__segment5.wav,3,1,1,2,2022-07-11 4:29:25,18.14,42.8,Queen_Accepted
../archive/sound_files/sound_files/2022-07-04--08-58-57_2__segment4.wav,3,1,1,2,2022-07-04 8:58:57,38.43,33.57,Queen_Accepted
../archive/sound_files/sound_files/2022-07-11--08-28-20_2__segment0.wav,3,1,1,2,2022-07-11 8:28:20,37.45,35.05,Queen_Accepted
../archive/sound_files/sound_files/2022-07-08--01-14-07_2__segment0.wav,3,1,1,2,2022-07-08 1:14:07,17.98,38.02,Queen_Accepted
../archive/sound_files/sound_files/2022-07-12--14-14-09_2__segment0.wav,3,1,1,2,2022-07-12 14:14:09,37.35,24.16,Queen_Accepted
../archive/sound_files/sound_files/2022-07-03--07-15-14_2__segment4.wav,3,1,1,2,2022-07-03 7:15:14,21.77,34.96,Queen_Accepted
../archive/sound_files/sound_files/2022-07-03--02-19-13_2__segment3.wav,3,1,1,2,2022-07-03 2:19:13,20.76,35.58,Queen_Accepted
../archive/sound_files/sound_files/2022-06-27--12-18-31_2__segment5.wav,1,0,1,2,2022-06-27 12:18:31,49.2,13.94,Queenless
../archive/sound_files/sound_files/2022-06-27--07-31-07_2__segment2.wav,1,0,1,2,2022-06-27 7:31:07,23.83,40.34,Queenless
../archive/sound_files/sound_files/2022-07-03--04-17-36_2__segment5.wav,3,1,1,2,2022-07-03 4:17:36,20.56,34.4,Queen_Accepted
../archive/sound_files/sound_files/2022-06-26--20-40-03_2__segment0.wav,1,0,1,2,2022-06-26 20:40:03,22.72,37.79,Queenless
../archive/sound_files/sound_files/2022-06-24--15-58-28_2__segment0.wav,0,1,1,2,2022-06-24 15:58:28,34.42,26.91,Queenright
../archive/sound_files/sound_files/2022-07-14--21-57-19_2__segment3.wav,3,1,1,2,2022-07-14 21:57:19,19.97,36.82,Queen_Accepted
../archive/sound_files/sound_files/2022-07-03--05-16-49_2__segment5.wav,3,1,1,2,2022-07-03 5:16:49,20.59,34.48,Queen_Accepted
../archive/sound_files/sound_files/2022-07-10--17-38-05_2__segment1.wav,3,1,1,2,2022-07-10 17:38:05,33.44,26.54,Queen_Accepted
../archive/sound_files/sound_files/2022-07-03--01-20-01_2__segment4.wav,3,1,1,2,2022-07-03 1:20:01,20.72,36.32,Queen_Accepted
../archive/sound_files/sound_files/2022-07-10--20-35-10_2__segment3.wav,3,1,1,2,2022-07-10 20:35:10,26.23,37.57,Queen_Accepted
../archive/sound_files/sound_files/2022-06-15--06-32-29_2__segment5.wav,0,1,1,2,2022-06-15 6:32:29,19.55,26.89,Queenright
../archive/sound_files/sound_files/2022-07-12--18-09-43_2__segment0.wav,3,1,1,2,2022-07-12 18:09:43,30.62,33.8,Queen_Accepted
../archive/sound_files/sound_files/2022-06-16--11-11-23_2__segment3.wav,0,1,1,2,2022-06-16 11:11:23,48.31,11.94,Queenright
../archive/sound_files/sound_files/2022-07-05--09-50-55_2__segment5.wav,3,1,1,2,2022-07-05 9:50:55,40.32,35.47,Queen_Accepted
../archive/sound_files/sound_files/2022-06-27--13-17-43_2__segment1.wav,1,0,1,2,2022-06-27 13:17:43,46.04,14.71,Queenless
../archive/sound_files/sound_files/2022-06-24--21-52-53_2__segment3.wav,0,1,1,2,2022-06-24 21:52:53,23.77,37.53,Queenright
../archive/sound_files/sound_files/2022-07-10--01-47-45_2__segment4.wav,3,1,1,2,2022-07-10 1:47:45,17.36,43.66,Queen_Accepted
../archive/sound_files/sound_files/2022-07-06--20-28-23_2__segment1.wav,3,1,1,2,2022-07-06 20:28:23,21.67,42.24,Queen_Accepted
../archive/sound_files/sound_files/2022-07-12--08-19-19_2__segment5.wav,3,1,1,2,2022-07-12 8:19:19,28.08,44.63,Queen_Accepted
../archive/sound_files/sound_files/2022-07-05--15-45-44_2__segment2.wav,3,1,1,2,2022-07-05 15:45:44,32.53,33.34,Queen_Accepted
../archive/sound_files/sound_files/2022-06-29--05-20-23_2__segment1.wav,2,1,1,2,2022-06-29 5:20:23,18.63,33.68,Queen_New
../archive/sound_files/sound_files/2022-07-09--13-58-05_2__segment2.wav,3,1,1,2,2022-07-09 13:58:05,37.67,22.82,Queen_Accepted
../archive/sound_files/sound_files/2022-07-11--03-30-14_2__segment3.wav,3,1,1,2,2022-07-11 3:30:14,18.75,43.49,Queen_Accepted
../archive/sound_files/sound_files/2022-06-14--21-15-24_2__segment2.wav,0,1,1,2,2022-06-14 21:15:24,22.62,25.4,Queenright
../archive/sound_files/sound_files/2022-07-09--11-58-41_2__segment2.wav,3,1,1,2,2022-07-09 11:58:41,49.85,13.11,Queen_Accepted
../archive/sound_files/sound_files/2022-06-24--20-53-47_2__segment1.wav,0,1,1,2,2022-06-24 20:53:47,25.31,38.76,Queenright
../archive/sound_files/sound_files/2022-06-30--15-41-07_2__segment4.wav,2,1,1,2,2022-06-30 15:41:07,29.21,25.46,Queen_New
../archive/sound_files/sound_files/2022-07-09--08-57-12_2__segment1.wav,3,1,1,2,2022-07-09 8:57:12,37.87,32.38,Queen_Accepted
../archive/sound_files/sound_files/2022-06-29--13-15-40_2__segment0.wav,2,1,1,2,2022-06-29 13:15:40,47.73,13.95,Queen_New
../archive/sound_files/sound_files/2022-06-28--19-29-03_2__segment3.wav,2,1,1,2,2022-06-28 19:29:03,26.09,30.45,Queen_New
../archive/sound_files/sound_files/2022-06-15--16-25-56_2__segment5.wav,0,1,1,2,2022-06-15 16:25:56,30.07,25.94,Queenright
../archive/sound_files/sound_files/2022-07-13--00-08-52_2__segment3.wav,3,1,1,2,2022-07-13 0:08:52,19.06,46.28,Queen_Accepted
../archive/sound_files/sound_files/2022-07-13--01-08-06_2__segment1.wav,3,1,1,2,2022-07-13 1:08:06,18.76,45.95,Queen_Accepted
../archive/sound_files/sound_files/2022-07-06--07-39-26_2__segment2.wav,3,1,1,2,2022-07-06 7:39:26,22.69,46.5,Queen_Accepted
../archive/sound_files/sound_files/2022-06-28--22-26-20_2__segment4.wav,2,1,1,2,2022-06-28 22:26:20,20.86,33.01,Queen_New
../archive/sound_files/sound_files/2022-06-16--14-07-27_2__segment3.wav,0,1,1,2,2022-06-16 14:07:27,37.18,18.71,Queenright
../archive/sound_files/sound_files/2022-07-04--02-04-13_2__segment0.wav,3,1,1,2,2022-07-04 2:04:13,17.8,34.25,Queen_Accepted
../archive/sound_files/sound_files/2022-06-25--00-50-22_2__segment1.wav,0,1,1,2,2022-06-25 0:50:22,22.68,35.77,Queenright
../archive/sound_files/sound_files/2022-07-12--21-07-38_2__segment4.wav,3,1,1,2,2022-07-12 21:07:38,22.38,47.82,Queen_Accepted
../archive/sound_files/sound_files/2022-07-04--08-58-57_2__segment5.wav,3,1,1,2,2022-07-04 8:58:57,38.43,33.57,Queen_Accepted
../archive/sound_files/sound_files/2022-07-11--10-27-12_2__segment2.wav,3,1,1,2,2022-07-11 10:27:12,50.72,13.82,Queen_Accepted
../archive/sound_files/sound_files/2022-07-04--01-05-00_2__segment0.wav,3,1,1,2,2022-07-04 1:05:00,17.41,33.21,Queen_Accepted
../archive/sound_files/sound_files/2022-06-29--03-22-07_2__segment5.wav,2,1,1,2,2022-06-29 3:22:07,19.09,32.3,Queen_New
../archive/sound_files/sound_files/2022-07-14--21-57-19_2__segment1.wav,3,1,1,2,2022-07-14 21:57:19,19.97,36.82,Queen_Accepted
../archive/sound_files/sound_files/2022-07-05--09-50-55_2__segment1.wav,3,1,1,2,2022-07-05 9:50:55,40.32,35.47,Queen_Accepted
../archive/sound_files/sound_files/2022-07-06--22-26-45_2__segment2.wav,3,1,1,2,2022-07-06 22:26:45,19.04,43.69,Queen_Accepted
../archive/sound_files/sound_files/2022-06-29--03-22-07_2__segment1.wav,2,1,1,2,2022-06-29 3:22:07,19.09,32.3,Queen_New
../archive/sound_files/sound_files/2022-06-28--21-27-16_2__segment2.wav,2,1,1,2,2022-06-28 21:27:16,22.07,32.26,Queen_New
../archive/sound_files/sound_files/2022-07-06--14-34-31_2__segment2.wav,3,1,1,2,2022-07-06 14:34:31,32.75,26.68,Queen_Accepted
../archive/sound_files/sound_files/2022-07-04--12-56-11_2__segment1.wav,3,1,1,2,2022-07-04 12:56:11,41.35,24.12,Queen_Accepted
../archive/sound_files/sound_files/2022-07-06--07-39-26_2__segment4.wav,3,1,1,2,2022-07-06 7:39:26,22.69,46.5,Queen_Accepted
../archive/sound_files/sound_files/2022-07-07--07-22-56_2__segment1.wav,3,1,1,2,2022-07-07 7:22:56,21.88,44.94,Queen_Accepted
../archive/sound_files/sound_files/2022-07-04--04-02-43_2__segment4.wav,3,1,1,2,2022-07-04 4:02:43,19.09,35.37,Queen_Accepted
../archive/sound_files/sound_files/2022-06-30--17-39-21_2__segment4.wav,2,1,1,2,2022-06-30 17:39:21,25.77,30.54,Queen_New
../archive/sound_files/sound_files/2022-06-28--21-27-16_2__segment0.wav,2,1,1,2,2022-06-28 21:27:16,22.07,32.26,Queen_New
../archive/sound_files/sound_files/2022-07-09--06-58-12_2__segment3.wav,3,1,1,2,2022-07-09 6:58:12,19.67,43.19,Queen_Accepted
../archive/sound_files/sound_files/2022-06-28--17-07-45_2__segment3.wav,2,1,1,2,2022-06-28 17:07:45,29.51,28.16,Queen_New
../archive/sound_files/sound_files/2022-06-30--10-46-15_2__segment5.wav,2,1,1,2,2022-06-30 10:46:15,48.21,23.85,Queen_New
../archive/sound_files/sound_files/2022-07-11--16-23-12_2__segment5.wav,3,1,1,2,2022-07-11 16:23:12,34.0,27.66,Queen_Accepted
../archive/sound_files/sound_files/2022-07-11--14-23-58_2__segment4.wav,3,1,1,2,2022-07-11 14:23:58,37.86,21.88,Queen_Accepted
../archive/sound_files/sound_files/2022-07-04--20-52-03_2__segment4.wav,3,1,1,2,2022-07-04 20:52:03,24.03,44.74,Queen_Accepted
../archive/sound_files/sound_files/2022-06-28--02-19-17_2__segment1.wav,2,1,1,2,2022-06-28 2:19:17,19.61,55.96,Queen_New
../archive/sound_files/sound_files/2022-06-29--04-21-17_2__segment0.wav,2,1,1,2,2022-06-29 4:21:17,19.27,31.81,Queen_New
../archive/sound_files/sound_files/2022-07-06--00-42-40_2__segment1.wav,3,1,1,2,2022-07-06 0:42:40,20.61,45.04,Queen_Accepted
../archive/sound_files/sound_files/2022-06-25--19-01-01_2__segment5.wav,1,0,1,2,2022-06-25 19:01:01,27.72,32.47,Queenless
../archive/sound_files/sound_files/2022-06-15--01-26-10_2__segment3.wav,0,1,1,2,2022-06-15 1:26:10,20.05,24.86,Queenright
../archive/sound_files/sound_files/2022-06-27--23-21-51_2__segment3.wav,2,1,1,2,2022-06-27 23:21:51,20.35,54.25,Queen_New
../archive/sound_files/sound_files/2022-07-13--02-07-17_2__segment2.wav,3,1,1,2,2022-07-13 2:07:17,18.32,44.55,Queen_Accepted
../archive/sound_files/sound_files/2022-07-07--10-20-57_2__segment0.wav,3,1,1,2,2022-07-07 10:20:57,44.57,28.45,Queen_Accepted
../archive/sound_files/sound_files/2022-06-25--05-46-18_2__segment3.wav,0,1,1,2,2022-06-25 5:46:18,20.74,35.79,Queenright
../archive/sound_files/sound_files/2022-07-05--07-52-11_2__segment3.wav,3,1,1,2,2022-07-05 7:52:11,28.64,47.74,Queen_Accepted
../archive/sound_files/sound_files/2022-07-10--09-43-41_2__segment3.wav,3,1,1,2,2022-07-10 9:43:41,44.41,25.42,Queen_Accepted
../archive/sound_files/sound_files/2022-07-10--17-38-05_2__segment0.wav,3,1,1,2,2022-07-10 17:38:05,33.44,26.54,Queen_Accepted
../archive/sound_files/sound_files/2022-07-15--02-05-35_2__segment1.wav,3,1,1,2,2022-07-15 2:05:35,17.77,35.55,Queen_Accepted
../archive/sound_files/sound_files/2022-06-28--11-13-54_2__segment4.wav,2,1,1,2,2022-06-28 11:13:54,43.52,17.67,Queen_New
../archive/sound_files/sound_files/2022-07-07--12-21-08_2__segment4.wav,3,1,1,2,2022-07-07 12:21:08,49.82,16.03,Queen_Accepted
../archive/sound_files/sound_files/2022-06-28--22-26-20_2__segment5.wav,2,1,1,2,2022-06-28 22:26:20,20.86,33.01,Queen_New
../archive/sound_files/sound_files/2022-07-05--11-49-30_2__segment4.wav,3,1,1,2,2022-07-05 11:49:30,44.58,24.31,Queen_Accepted
../archive/sound_files/sound_files/2022-06-29--15-12-27_2__segment4.wav,2,1,1,2,2022-06-29 15:12:27,30.99,25.97,Queen_New
../archive/sound_files/sound_files/2022-07-14--13-01-08_2__segment5.wav,3,1,1,2,2022-07-14 13:01:08,47.59,14.63,Queen_Accepted
../archive/sound_files/sound_files/2022-07-04--06-01-05_2__segment0.wav,3,1,1,2,2022-07-04 6:01:05,19.58,54.38,Queen_Accepted
../archive/sound_files/sound_files/2022-06-16--15-06-34_2__segment1.wav,0,1,1,2,2022-06-16 15:06:34,29.73,25.75,Queenright
../archive/sound_files/sound_files/2022-07-11--12-25-43_2__segment0.wav,3,1,1,2,2022-07-11 12:25:43,49.28,13.71,Queen_Accepted
../archive/sound_files/sound_files/2022-07-09--07-57-34_2__segment1.wav,3,1,1,2,2022-07-09 7:57:34,29.22,43.75,Queen_Accepted
../archive/sound_files/sound_files/2022-06-29--15-12-27_2__segment2.wav,2,1,1,2,2022-06-29 15:12:27,30.99,25.97,Queen_New
../archive/sound_files/sound_files/2022-07-12--11-18-02_2__segment4.wav,3,1,1,2,2022-07-12 11:18:02,51.57,15.2,Queen_Accepted
../archive/sound_files/sound_files/2022-07-14--19-00-10_2__segment0.wav,3,1,1,2,2022-07-14 19:00:10,25.97,33.42,Queen_Accepted
../archive/sound_files/sound_files/2022-06-25--09-43-58_2__segment4.wav,0,1,1,2,2022-06-25 9:43:58,31.81,36.64,Queenright
../archive/sound_files/sound_files/2022-06-24--13-01-17_2__segment1.wav,0,1,1,2,2022-06-24 13:01:17,39.65,21.54,Queenright
../archive/sound_files/sound_files/2022-07-11--07-27-46_2__segment1.wav,3,1,1,2,2022-07-11 7:27:46,27.42,43.79,Queen_Accepted
../archive/sound_files/sound_files/2022-06-16--21-01-03_2__segment0.wav,0,1,1,2,2022-06-16 21:01:03,20.02,43.7,Queenright
../archive/sound_files/sound_files/2022-07-05--07-52-11_2__segment4.wav,3,1,1,2,2022-07-05 7:52:11,28.64,47.74,Queen_Accepted
../archive/sound_files/sound_files/2022-07-07--20-16-51_2__segment5.wav,3,1,1,2,2022-07-07 20:16:51,22.86,35.2,Queen_Accepted
../archive/sound_files/sound_files/2022-06-30--03-50-31_2__segment0.wav,2,1,1,2,2022-06-30 3:50:31,21.16,32.39,Queen_New
../archive/sound_files/sound_files/2022-07-14--19-59-41_2__segment1.wav,3,1,1,2,2022-07-14 19:59:41,23.56,36.16,Queen_Accepted
../archive/sound_files/sound_files/2022-06-25--00-50-22_2__segment5.wav,0,1,1,2,2022-06-25 0:50:22,22.68,35.77,Queenright
../archive/sound_files/sound_files/2022-06-26--11-47-55_2__segment1.wav,1,0,1,2,2022-06-26 11:47:55,51.97,12.14,Queenless
../archive/sound_files/sound_files/2022-06-24--14-59-22_2__segment2.wav,0,1,1,2,2022-06-24 14:59:22,35.06,25.9,Queenright
../archive/sound_files/sound_files/2022-07-03--00-20-49_2__segment0.wav,3,1,1,2,2022-07-03 0:20:49,20.45,36.34,Queen_Accepted
../archive/sound_files/sound_files/2022-07-14--19-59-41_2__segment4.wav,3,1,1,2,2022-07-14 19:59:41,23.56,36.16,Queen_Accepted
../archive/sound_files/sound_files/2022-07-03--15-08-57_2__segment1.wav,3,1,1,2,2022-07-03 15:08:57,28.84,29.18,Queen_Accepted
../archive/sound_files/sound_files/2022-07-07--19-17-27_2__segment4.wav,3,1,1,2,2022-07-07 19:17:27,24.89,34.76,Queen_Accepted
../archive/sound_files/sound_files/2022-07-10--09-43-41_2__segment4.wav,3,1,1,2,2022-07-10 9:43:41,44.41,25.42,Queen_Accepted
../archive/sound_files/sound_files/2022-06-27--14-16-54_2__segment2.wav,1,0,1,2,2022-06-27 14:16:54,38.37,21.08,Queenless
../archive/sound_files/sound_files/2022-06-28--06-16-00_2__segment5.wav,2,1,1,2,2022-06-28 6:16:00,20.53,52.56,Queen_New
../archive/sound_files/sound_files/2022-07-14--14-01-51_2__segment1.wav,3,1,1,2,2022-07-14 14:01:51,38.75,22.6,Queen_Accepted
../archive/sound_files/sound_files/2022-06-30--01-52-10_2__segment3.wav,2,1,1,2,2022-06-30 1:52:10,21.22,31.72,Queen_New
../archive/sound_files/sound_files/2022-07-08--20-08-46_2__segment5.wav,3,1,1,2,2022-07-08 20:08:46,23.42,37.2,Queen_Accepted
../archive/sound_files/sound_files/2022-06-27--04-33-32_2__segment2.wav,1,0,1,2,2022-06-27 4:33:32,20.93,40.51,Queenless
../archive/sound_files/sound_files/2022-07-09--18-54-22_2__segment4.wav,3,1,1,2,2022-07-09 18:54:22,26.77,35.04,Queen_Accepted
../archive/sound_files/sound_files/2022-07-08--22-06-22_2__segment5.wav,3,1,1,2,2022-07-08 22:06:22,19.83,40.09,Queen_Accepted
../archive/sound_files/sound_files/2022-07-12--14-14-09_2__segment4.wav,3,1,1,2,2022-07-12 14:14:09,37.35,24.16,Queen_Accepted
../archive/sound_files/sound_files/2022-07-11--13-24-24_2__segment2.wav,3,1,1,2,2022-07-11 13:24:24,45.5,15.02,Queen_Accepted
../archive/sound_files/sound_files/2022-06-30--16-40-15_2__segment5.wav,2,1,1,2,2022-06-30 16:40:15,27.66,28.39,Queen_New
../archive/sound_files/sound_files/2022-06-26--10-48-36_2__segment4.wav,1,0,1,2,2022-06-26 10:48:36,49.68,15.42,Queenless
../archive/sound_files/sound_files/2022-07-13--09-02-04_2__segment1.wav,3,1,1,2,2022-07-13 9:02:04,36.91,38.12,Queen_Accepted
../archive/sound_files/sound_files/2022-07-03--19-10-34_2__segment1.wav,3,1,1,2,2022-07-03 19:10:34,23.02,35.64,Queen_Accepted
../archive/sound_files/sound_files/2022-07-04--19-52-59_2__segment4.wav,3,1,1,2,2022-07-04 19:52:59,26.55,38.84,Queen_Accepted
../archive/sound_files/sound_files/2022-07-05--11-49-30_2__segment1.wav,3,1,1,2,2022-07-05 11:49:30,44.58,24.31,Queen_Accepted
../archive/sound_files/sound_files/2022-07-09--12-59-39_2__segment2.wav,3,1,1,2,2022-07-09 12:59:39,47.17,15.58,Queen_Accepted
../archive/sound_files/sound_files/2022-07-12--05-21-31_2__segment3.wav,3,1,1,2,2022-07-12 5:21:31,17.9,46.58,Queen_Accepted
../archive/sound_files/sound_files/2022-06-26--08-49-43_2__segment3.wav,1,0,1,2,2022-06-26 8:49:43,37.48,36.42,Queenless
../archive/sound_files/sound_files/2022-07-14--14-01-51_2__segment4.wav,3,1,1,2,2022-07-14 14:01:51,38.75,22.6,Queen_Accepted
../archive/sound_files/sound_files/2022-07-12--19-08-31_2__segment1.wav,3,1,1,2,2022-07-12 19:08:31,26.91,37.45,Queen_Accepted
../archive/sound_files/sound_files/2022-07-04--20-52-03_2__segment5.wav,3,1,1,2,2022-07-04 20:52:03,24.03,44.74,Queen_Accepted
../archive/sound_files/sound_files/2022-06-26--09-49-13_2__segment4.wav,1,0,1,2,2022-06-26 9:49:13,45.21,23.14,Queenless
../archive/sound_files/sound_files/2022-06-15--13-28-45_2__segment4.wav,0,1,1,2,2022-06-15 13:28:45,45.29,12.58,Queenright
../archive/sound_files/sound_files/2022-07-02--19-24-53_2__segment1.wav,3,1,1,2,2022-07-02 19:24:53,22.68,40.04,Queen_Accepted
../archive/sound_files/sound_files/2022-07-08--16-07-49_2__segment4.wav,3,1,1,2,2022-07-08 16:07:49,31.01,28.25,Queen_Accepted
../archive/sound_files/sound_files/2022-06-25--03-47-58_2__segment3.wav,0,1,1,2,2022-06-25 3:47:58,21.56,35.97,Queenright
../archive/sound_files/sound_files/2022-07-09--02-02-58_2__segment5.wav,3,1,1,2,2022-07-09 2:02:58,17.3,40.26,Queen_Accepted
../archive/sound_files/sound_files/2022-06-15--12-30-15_2__segment1.wav,0,1,1,2,2022-06-15 12:30:15,49.86,10.31,Queenright
../archive/sound_files/sound_files/2022-07-05--04-55-09_2__segment3.wav,3,1,1,2,2022-07-05 4:55:09,20.48,48.12,Queen_Accepted
../archive/sound_files/sound_files/2022-06-16--22-59-34_2__segment2.wav,0,1,1,2,2022-06-16 22:59:34,19.91,52.48,Queenright
../archive/sound_files/sound_files/2022-07-11--08-28-20_2__segment2.wav,3,1,1,2,2022-07-11 8:28:20,37.45,35.05,Queen_Accepted
../archive/sound_files/sound_files/2022-06-29--04-21-17_2__segment4.wav,2,1,1,2,2022-06-29 4:21:17,19.27,31.81,Queen_New
../archive/sound_files/sound_files/2022-07-06--10-37-58_2__segment3.wav,3,1,1,2,2022-07-06 10:37:58,41.14,30.87,Queen_Accepted
../archive/sound_files/sound_files/2022-07-02--19-24-53_2__segment0.wav,3,1,1,2,2022-07-02 19:24:53,22.68,40.04,Queen_Accepted
../archive/sound_files/sound_files/2022-07-12--19-08-31_2__segment4.wav,3,1,1,2,2022-07-12 19:08:31,26.91,37.45,Queen_Accepted
../archive/sound_files/sound_files/2022-07-12--07-20-17_2__segment1.wav,3,1,1,2,2022-07-12 7:20:17,20.77,47.87,Queen_Accepted
../archive/sound_files/sound_files/2022-07-07--22-14-11_2__segment4.wav,3,1,1,2,2022-07-07 22:14:11,20.07,38.2,Queen_Accepted
../archive/sound_files/sound_files/2022-06-26--05-51-56_2__segment0.wav,1,0,1,2,2022-06-26 5:51:56,20.54,40.56,Queenless
../archive/sound_files/sound_files/2022-07-06--08-38-42_2__segment2.wav,3,1,1,2,2022-07-06 8:38:42,24.75,45.41,Queen_Accepted
../archive/sound_files/sound_files/2022-06-25--15-04-33_2__segment0.wav,1,0,1,2,2022-06-25 15:04:33,35.83,22.89,Queenless
../archive/sound_files/sound_files/2022-06-30--00-53-00_2__segment4.wav,2,1,1,2,2022-06-30 0:53:00,21.02,31.28,Queen_New
../archive/sound_files/sound_files/2022-07-09--06-58-12_2__segment0.wav,3,1,1,2,2022-07-09 6:58:12,19.67,43.19,Queen_Accepted
../archive/sound_files/sound_files/2022-07-04--21-51-47_2__segment1.wav,3,1,1,2,2022-07-04 21:51:47,23.03,43.37,Queen_Accepted
../archive/sound_files/sound_files/2022-07-11--00-32-00_2__segment4.wav,3,1,1,2,2022-07-11 0:32:00,20.61,44.98,Queen_Accepted
../archive/sound_files/sound_files/2022-07-08--18-10-05_2__segment5.wav,3,1,1,2,2022-07-08 18:10:05,29.45,31.29,Queen_Accepted
../archive/sound_files/sound_files/2022-07-13--03-06-31_2__segment0.wav,3,1,1,2,2022-07-13 3:06:31,17.72,46.17,Queen_Accepted
../archive/sound_files/sound_files/2022-06-25--02-48-45_2__segment5.wav,0,1,1,2,2022-06-25 2:48:45,21.74,36.03,Queenright
../archive/sound_files/sound_files/2022-07-06--20-28-23_2__segment3.wav,3,1,1,2,2022-07-06 20:28:23,21.67,42.24,Queen_Accepted
../archive/sound_files/sound_files/2022-06-16--18-04-02_2__segment1.wav,0,1,1,2,2022-06-16 18:04:02,26.73,24.63,Queenright
../archive/sound_files/sound_files/2022-06-25--10-43-26_2__segment1.wav,0,1,1,2,2022-06-25 10:43:26,35.38,30.17,Queenright
../archive/sound_files/sound_files/2022-07-07--11-20-34_2__segment4.wav,3,1,1,2,2022-07-07 11:20:34,48.39,19.94,Queen_Accepted
../archive/sound_files/sound_files/2022-07-05--07-52-11_2__segment0.wav,3,1,1,2,2022-07-05 7:52:11,28.64,47.74,Queen_Accepted
../archive/sound_files/sound_files/2022-07-10--05-44-39_2__segment3.wav,3,1,1,2,2022-07-10 5:44:39,15.5,44.33,Queen_Accepted
../archive/sound_files/sound_files/2022-07-10--00-48-36_2__segment2.wav,3,1,1,2,2022-07-10 0:48:36,17.84,42.91,Queen_Accepted
../archive/sound_files/sound_files/2022-07-12--15-12-56_2__segment5.wav,3,1,1,2,2022-07-12 15:12:56,32.89,29.52,Queen_Accepted
../archive/sound_files/sound_files/2022-06-25--06-45-34_2__segment3.wav,0,1,1,2,2022-06-25 6:45:34,21.44,36.4,Queenright
../archive/sound_files/sound_files/2022-07-11--15-24-07_2__segment3.wav,3,1,1,2,2022-07-11 15:24:07,35.07,25.15,Queen_Accepted
../archive/sound_files/sound_files/2022-06-25--20-00-05_2__segment0.wav,1,0,1,2,2022-06-25 20:00:05,25.02,35.65,Queenless
../archive/sound_files/sound_files/2022-07-15--03-08-59_2__segment0.wav,3,1,1,2,2022-07-15 3:08:59,17.17,36.95,Queen_Accepted
../archive/sound_files/sound_files/2022-07-06--16-32-31_2__segment0.wav,3,1,1,2,2022-07-06 16:32:31,28.36,32.17,Queen_Accepted
../archive/sound_files/sound_files/2022-07-03--20-09-13_2__segment2.wav,3,1,1,2,2022-07-03 20:09:13,20.76,35.78,Queen_Accepted
../archive/sound_files/sound_files/2022-06-15--05-32-54_2__segment5.wav,0,1,1,2,2022-06-15 5:32:54,18.69,26.58,Queenright
../archive/sound_files/sound_files/2022-06-29--09-18-09_2__segment2.wav,2,1,1,2,2022-06-29 9:18:09,41.06,28.84,Queen_New
../archive/sound_files/sound_files/2022-07-04--08-58-57_2__segment2.wav,3,1,1,2,2022-07-04 8:58:57,38.43,33.57,Queen_Accepted
../archive/sound_files/sound_files/2022-07-06--01-41-53_2__segment2.wav,3,1,1,2,2022-07-06 1:41:53,21.05,45.47,Queen_Accepted
../archive/sound_files/sound_files/2022-07-14--22-57-30_2__segment1.wav,3,1,1,2,2022-07-14 22:57:30,19.12,35.58,Queen_Accepted
../archive/sound_files/sound_files/2022-07-14--19-00-10_2__segment1.wav,3,1,1,2,2022-07-14 19:00:10,25.97,33.42,Queen_Accepted
../archive/sound_files/sound_files/2022-06-28--16-08-41_2__segment4.wav,2,1,1,2,2022-06-28 16:08:41,31.31,28.2,Queen_New
../archive/sound_files/sound_files/2022-07-03--22-07-30_2__segment2.wav,3,1,1,2,2022-07-03 22:07:30,18.37,34.11,Queen_Accepted
../archive/sound_files/sound_files/2022-07-12--06-20-44_2__segment2.wav,3,1,1,2,2022-07-12 6:20:44,18.47,47.31,Queen_Accepted
../archive/sound_files/sound_files/2022-07-09--00-04-21_2__segment5.wav,3,1,1,2,2022-07-09 0:04:21,18.42,39.55,Queen_Accepted
../archive/sound_files/sound_files/2022-07-06--21-27-33_2__segment3.wav,3,1,1,2,2022-07-06 21:27:33,19.83,42.31,Queen_Accepted
../archive/sound_files/sound_files/2022-07-10--04-45-13_2__segment0.wav,3,1,1,2,2022-07-10 4:45:13,16.08,43.41,Queen_Accepted
../archive/sound_files/sound_files/2022-06-24--10-03-17_2__segment4.wav,0,1,1,2,2022-06-24 10:03:17,33.81,31.83,Queenright
../archive/sound_files/sound_files/2022-07-14--17-01-03_2__segment0.wav,3,1,1,2,2022-07-14 17:01:03,29.35,31.42,Queen_Accepted
../archive/sound_files/sound_files/2022-06-29--23-53-49_2__segment1.wav,2,1,1,2,2022-06-29 23:53:49,20.79,31.62,Queen_New
../archive/sound_files/sound_files/2022-06-15--12-30-15_2__segment2.wav,0,1,1,2,2022-06-15 12:30:15,49.86,10.31,Queenright
../archive/sound_files/sound_files/2022-06-28--23-25-29_2__segment4.wav,2,1,1,2,2022-06-28 23:25:29,20.32,32.28,Queen_New
../archive/sound_files/sound_files/2022-06-16--12-10-39_2__segment3.wav,0,1,1,2,2022-06-16 12:10:39,49.45,10.93,Queenright
../archive/sound_files/sound_files/2022-07-09--05-58-53_2__segment5.wav,3,1,1,2,2022-07-09 5:58:53,16.07,41.39,Queen_Accepted
../archive/sound_files/sound_files/2022-07-14--19-00-10_2__segment3.wav,3,1,1,2,2022-07-14 19:00:10,25.97,33.42,Queen_Accepted
../archive/sound_files/sound_files/2022-06-26--11-47-55_2__segment2.wav,1,0,1,2,2022-06-26 11:47:55,51.97,12.14,Queenless
../archive/sound_files/sound_files/2022-07-10--06-43-27_2__segment5.wav,3,1,1,2,2022-07-10 6:43:27,17.09,44.29,Queen_Accepted
../archive/sound_files/sound_files/2022-07-15--06-05-42_2__segment2.wav,3,1,1,2,2022-07-15 6:05:42,16.38,35.82,Queen_Accepted
../archive/sound_files/sound_files/2022-06-16--11-11-23_2__segment2.wav,0,1,1,2,2022-06-16 11:11:23,48.31,11.94,Queenright
../archive/sound_files/sound_files/2022-07-06--00-42-40_2__segment2.wav,3,1,1,2,2022-07-06 0:42:40,20.61,45.04,Queen_Accepted
../archive/sound_files/sound_files/2022-07-10--17-38-05_2__segment2.wav,3,1,1,2,2022-07-10 17:38:05,33.44,26.54,Queen_Accepted
../archive/sound_files/sound_files/2022-07-07--15-17-36_2__segment1.wav,3,1,1,2,2022-07-07 15:17:36,30.64,28.17,Queen_Accepted
../archive/sound_files/sound_files/2022-06-24--23-51-12_2__segment0.wav,0,1,1,2,2022-06-24 23:51:12,22.85,35.81,Queenright
../archive/sound_files/sound_files/2022-07-09--18-54-22_2__segment3.wav,3,1,1,2,2022-07-09 18:54:22,26.77,35.04,Queen_Accepted
../archive/sound_files/sound_files/2022-07-11--15-24-07_2__segment0.wav,3,1,1,2,2022-07-11 15:24:07,35.07,25.15,Queen_Accepted
../archive/sound_files/sound_files/2022-07-14--19-00-10_2__segment5.wav,3,1,1,2,2022-07-14 19:00:10,25.97,33.42,Queen_Accepted
../archive/sound_files/sound_files/2022-06-25--18-01-55_2__segment1.wav,1,0,1,2,2022-06-25 18:01:55,30.93,29.56,Queenless
../archive/sound_files/sound_files/2022-07-11--05-28-37_2__segment3.wav,3,1,1,2,2022-07-11 5:28:37,17.57,43.28,Queen_Accepted
../archive/sound_files/sound_files/2022-07-07--06-24-26_2__segment2.wav,3,1,1,2,2022-07-07 6:24:26,19.9,45.26,Queen_Accepted
../archive/sound_files/sound_files/2022-07-06--18-30-44_2__segment2.wav,3,1,1,2,2022-07-06 18:30:44,26.96,34.53,Queen_Accepted
../archive/sound_files/sound_files/2022-07-04--09-58-25_2__segment2.wav,3,1,1,2,2022-07-04 9:58:25,40.42,27.3,Queen_Accepted
../archive/sound_files/sound_files/2022-07-09--07-57-34_2__segment0.wav,3,1,1,2,2022-07-09 7:57:34,29.22,43.75,Queen_Accepted
../archive/sound_files/sound_files/2022-07-09--15-56-25_2__segment2.wav,3,1,1,2,2022-07-09 15:56:25,30.34,29.93,Queen_Accepted
../archive/sound_files/sound_files/2022-07-09--17-55-02_2__segment1.wav,3,1,1,2,2022-07-09 17:55:02,29.01,32.94,Queen_Accepted
../archive/sound_files/sound_files/2022-07-06--10-37-58_2__segment1.wav,3,1,1,2,2022-07-06 10:37:58,41.14,30.87,Queen_Accepted
../archive/sound_files/sound_files/2022-07-06--14-34-31_2__segment5.wav,3,1,1,2,2022-07-06 14:34:31,32.75,26.68,Queen_Accepted
../archive/sound_files/sound_files/2022-07-03--16-08-07_2__segment5.wav,3,1,1,2,2022-07-03 16:08:07,27.56,33.38,Queen_Accepted
../archive/sound_files/sound_files/2022-06-27--00-36-44_2__segment2.wav,1,0,1,2,2022-06-27 0:36:44,18.72,38.71,Queenless
../archive/sound_files/sound_files/2022-06-16--22-59-34_2__segment1.wav,0,1,1,2,2022-06-16 22:59:34,19.91,52.48,Queenright
../archive/sound_files/sound_files/2022-07-14--19-00-10_2__segment2.wav,3,1,1,2,2022-07-14 19:00:10,25.97,33.42,Queen_Accepted
../archive/sound_files/sound_files/2022-07-11--06-28-05_2__segment5.wav,3,1,1,2,2022-07-11 6:28:05,17.9,42.76,Queen_Accepted
../archive/sound_files/sound_files/2022-07-10--12-42-27_2__segment2.wav,3,1,1,2,2022-07-10 12:42:27,50.9,11.05,Queen_Accepted
../archive/sound_files/sound_files/2022-07-12--07-20-17_2__segment2.wav,3,1,1,2,2022-07-12 7:20:17,20.77,47.87,Queen_Accepted
../archive/sound_files/sound_files/2022-07-06--03-42-38_2__segment0.wav,3,1,1,2,2022-07-06 3:42:38,21.11,45.57,Queen_Accepted
../archive/sound_files/sound_files/2022-06-24--11-02-54_2__segment5.wav,0,1,1,2,2022-06-24 11:02:54,37.56,22.52,Queenright
../archive/sound_files/sound_files/2022-07-04--13-55-26_2__segment1.wav,3,1,1,2,2022-07-04 13:55:26,41.01,23.72,Queen_Accepted
../archive/sound_files/sound_files/2022-06-26--18-41-57_2__segment3.wav,1,0,1,2,2022-06-26 18:41:57,28.79,31.9,Queenless
../archive/sound_files/sound_files/2022-06-15--13-28-45_2__segment2.wav,0,1,1,2,2022-06-15 13:28:45,45.29,12.58,Queenright
../archive/sound_files/sound_files/2022-06-25--07-45-01_2__segment5.wav,0,1,1,2,2022-06-25 7:45:01,24.69,40.72,Queenright
../archive/sound_files/sound_files/2022-07-10--01-47-45_2__segment2.wav,3,1,1,2,2022-07-10 1:47:45,17.36,43.66,Queen_Accepted
../archive/sound_files/sound_files/2022-06-27--07-31-07_2__segment4.wav,1,0,1,2,2022-06-27 7:31:07,23.83,40.34,Queenless
../archive/sound_files/sound_files/2022-06-28--13-12-04_2__segment4.wav,2,1,1,2,2022-06-28 13:12:04,41.65,17.4,Queen_New
../archive/sound_files/sound_files/2022-07-05--05-53-35_2__segment0.wav,3,1,1,2,2022-07-05 5:53:35,20.43,47.58,Queen_Accepted
../archive/sound_files/sound_files/2022-06-26--03-53-30_2__segment2.wav,1,0,1,2,2022-06-26 3:53:30,18.24,40.26,Queenless
../archive/sound_files/sound_files/2022-06-15--17-24-59_2__segment0.wav,0,1,1,2,2022-06-15 17:24:59,27.84,26.83,Queenright
../archive/sound_files/sound_files/2022-06-25--15-04-33_2__segment1.wav,1,0,1,2,2022-06-25 15:04:33,35.83,22.89,Queenless
../archive/sound_files/sound_files/2022-07-10--17-38-05_2__segment4.wav,3,1,1,2,2022-07-10 17:38:05,33.44,26.54,Queen_Accepted
../archive/sound_files/sound_files/2022-06-16--23-58-21_2__segment3.wav,0,1,1,2,2022-06-16 23:58:21,19.45,34.28,Queenright
../archive/sound_files/sound_files/2022-07-10--10-42-52_2__segment0.wav,3,1,1,2,2022-07-10 10:42:52,49.27,16.78,Queen_Accepted
../archive/sound_files/sound_files/2022-07-12--16-12-07_2__segment5.wav,3,1,1,2,2022-07-12 16:12:07,31.73,31.83,Queen_Accepted
../archive/sound_files/sound_files/2022-07-09--19-53-03_2__segment5.wav,3,1,1,2,2022-07-09 19:53:03,24.36,40.24,Queen_Accepted
../archive/sound_files/sound_files/2022-06-16--05-15-11_2__segment1.wav,0,1,1,2,2022-06-16 5:15:11,17.78,26.32,Queenright
../archive/sound_files/sound_files/2022-07-04--18-53-55_2__segment5.wav,3,1,1,2,2022-07-04 18:53:55,28.48,34.59,Queen_Accepted
../archive/sound_files/sound_files/2022-07-07--12-21-08_2__segment1.wav,3,1,1,2,2022-07-07 12:21:08,49.82,16.03,Queen_Accepted
../archive/sound_files/sound_files/2022-07-04--13-55-26_2__segment5.wav,3,1,1,2,2022-07-04 13:55:26,41.01,23.72,Queen_Accepted
../archive/sound_files/sound_files/2022-06-26--20-40-03_2__segment5.wav,1,0,1,2,2022-06-26 20:40:03,22.72,37.79,Queenless
../archive/sound_files/sound_files/2022-07-08--08-08-29_2__segment5.wav,3,1,1,2,2022-07-08 8:08:29,31.91,40.08,Queen_Accepted
../archive/sound_files/sound_files/2022-07-09--16-55-44_2__segment3.wav,3,1,1,2,2022-07-09 16:55:44,29.91,32.08,Queen_Accepted
../archive/sound_files/sound_files/2022-07-15--04-07-19_2__segment1.wav,3,1,1,2,2022-07-15 4:07:19,16.78,36.61,Queen_Accepted
../archive/sound_files/sound_files/2022-06-27--00-36-44_2__segment4.wav,1,0,1,2,2022-06-27 0:36:44,18.72,38.71,Queenless
../archive/sound_files/sound_files/2022-07-12--16-12-07_2__segment1.wav,3,1,1,2,2022-07-12 16:12:07,31.73,31.83,Queen_Accepted
../archive/sound_files/sound_files/2022-06-16--22-00-08_2__segment5.wav,0,1,1,2,2022-06-16 22:00:08,21.18,62.27,Queenright
../archive/sound_files/sound_files/2022-06-29--13-15-40_2__segment2.wav,2,1,1,2,2022-06-29 13:15:40,47.73,13.95,Queen_New
../archive/sound_files/sound_files/2022-07-14--10-54-43_2__segment2.wav,3,1,1,2,2022-07-14 10:54:43,49.88,14.82,Queen_Accepted
../archive/sound_files/sound_files/2022-06-25--03-47-58_2__segment0.wav,0,1,1,2,2022-06-25 3:47:58,21.56,35.97,Queenright
../archive/sound_files/sound_files/2022-06-16--12-10-39_2__segment4.wav,0,1,1,2,2022-06-16 12:10:39,49.45,10.93,Queenright
../archive/sound_files/sound_files/2022-06-16--19-02-57_2__segment1.wav,0,1,1,2,2022-06-16 19:02:57,23.41,35.28,Queenright
../archive/sound_files/sound_files/2022-07-07--08-22-13_2__segment0.wav,3,1,1,2,2022-07-07 8:22:13,25.35,44.73,Queen_Accepted
../archive/sound_files/sound_files/2022-06-29--15-12-27_2__segment0.wav,2,1,1,2,2022-06-29 15:12:27,30.99,25.97,Queen_New
../archive/sound_files/sound_files/2022-07-04--21-51-47_2__segment0.wav,3,1,1,2,2022-07-04 21:51:47,23.03,43.37,Queen_Accepted
../archive/sound_files/sound_files/2022-07-04--14-54-34_2__segment1.wav,3,1,1,2,2022-07-04 14:54:34,37.14,25.03,Queen_Accepted
../archive/sound_files/sound_files/2022-06-16--12-10-39_2__segment1.wav,0,1,1,2,2022-06-16 12:10:39,49.45,10.93,Queenright
../archive/sound_files/sound_files/2022-07-12--11-18-02_2__segment3.wav,3,1,1,2,2022-07-12 11:18:02,51.57,15.2,Queen_Accepted
../archive/sound_files/sound_files/2022-07-04--07-59-42_2__segment3.wav,3,1,1,2,2022-07-04 7:59:42,30.82,40.18,Queen_Accepted
../archive/sound_files/sound_files/2022-07-04--16-55-37_2__segment1.wav,3,1,1,2,2022-07-04 16:55:37,32.19,30.05,Queen_Accepted
../archive/sound_files/sound_files/2022-07-03--18-11-20_2__segment4.wav,3,1,1,2,2022-07-03 18:11:20,25.88,31.7,Queen_Accepted
../archive/sound_files/sound_files/2022-07-10--06-43-27_2__segment4.wav,3,1,1,2,2022-07-10 6:43:27,17.09,44.29,Queen_Accepted
../archive/sound_files/sound_files/2022-07-06--13-35-01_2__segment1.wav,3,1,1,2,2022-07-06 13:35:01,41.34,23.89,Queen_Accepted
../archive/sound_files/sound_files/2022-07-04--23-58-17_2__segment4.wav,3,1,1,2,2022-07-04 23:58:17,22.45,46.22,Queen_Accepted
../archive/sound_files/sound_files/2022-06-30--08-46-38_2__segment4.wav,2,1,1,2,2022-06-30 8:46:38,27.36,39.05,Queen_New
../archive/sound_files/sound_files/2022-07-09--08-57-12_2__segment5.wav,3,1,1,2,2022-07-09 8:57:12,37.87,32.38,Queen_Accepted
../archive/sound_files/sound_files/2022-06-25--12-41-58_2__segment2.wav,0,1,1,2,2022-06-25 12:41:58,38.29,24.52,Queenright
../archive/sound_files/sound_files/2022-07-03--15-08-57_2__segment3.wav,3,1,1,2,2022-07-03 15:08:57,28.84,29.18,Queen_Accepted
../archive/sound_files/sound_files/2022-07-06--11-36-55_2__segment3.wav,3,1,1,2,2022-07-06 11:36:55,42.4,26.67,Queen_Accepted
../archive/sound_files/sound_files/2022-07-15--05-06-30_2__segment4.wav,3,1,1,2,2022-07-15 5:06:30,16.43,36.07,Queen_Accepted
../archive/sound_files/sound_files/2022-06-25--03-47-58_2__segment1.wav,0,1,1,2,2022-06-25 3:47:58,21.56,35.97,Queenright
../archive/sound_files/sound_files/2022-07-11--22-20-49_2__segment4.wav,3,1,1,2,2022-07-11 22:20:49,21.2,48.67,Queen_Accepted
../archive/sound_files/sound_files/2022-06-16--09-12-24_2__segment3.wav,0,1,1,2,2022-06-16 9:12:24,41.15,20.1,Queenright
../archive/sound_files/sound_files/2022-06-28--16-08-41_2__segment0.wav,2,1,1,2,2022-06-28 16:08:41,31.31,28.2,Queen_New
../archive/sound_files/sound_files/2022-07-06--15-33-11_2__segment2.wav,3,1,1,2,2022-07-06 15:33:11,29.7,30.73,Queen_Accepted
../archive/sound_files/sound_files/2022-07-07--04-25-29_2__segment3.wav,3,1,1,2,2022-07-07 4:25:29,19.83,43.43,Queen_Accepted
../archive/sound_files/sound_files/2022-07-07--18-16-21_2__segment4.wav,3,1,1,2,2022-07-07 18:16:21,28.76,31.03,Queen_Accepted
../archive/sound_files/sound_files/2022-06-26--17-42-54_2__segment3.wav,1,0,1,2,2022-06-26 17:42:54,30.13,32.93,Queenless
../archive/sound_files/sound_files/2022-06-29--11-17-07_2__segment5.wav,2,1,1,2,2022-06-29 11:17:07,49.82,13.2,Queen_New
../archive/sound_files/sound_files/2022-07-15--02-05-35_2__segment3.wav,3,1,1,2,2022-07-15 2:05:35,17.77,35.55,Queen_Accepted
../archive/sound_files/sound_files/2022-07-05--19-42-23_2__segment1.wav,3,1,1,2,2022-07-05 19:42:23,24.18,40.45,Queen_Accepted
../archive/sound_files/sound_files/2022-07-05--20-41-12_2__segment1.wav,3,1,1,2,2022-07-05 20:41:12,21.9,44.23,Queen_Accepted
../archive/sound_files/sound_files/2022-07-04--21-51-47_2__segment3.wav,3,1,1,2,2022-07-04 21:51:47,23.03,43.37,Queen_Accepted
../archive/sound_files/sound_files/2022-06-27--12-18-31_2__segment4.wav,1,0,1,2,2022-06-27 12:18:31,49.2,13.94,Queenless
../archive/sound_files/sound_files/2022-07-08--00-14-56_2__segment0.wav,3,1,1,2,2022-07-08 0:14:56,18.42,38.43,Queen_Accepted
../archive/sound_files/sound_files/2022-07-08--21-07-28_2__segment4.wav,3,1,1,2,2022-07-08 21:07:28,21.11,40.02,Queen_Accepted
../archive/sound_files/sound_files/2022-07-10--12-42-27_2__segment0.wav,3,1,1,2,2022-07-10 12:42:27,50.9,11.05,Queen_Accepted
../archive/sound_files/sound_files/2022-06-16--23-58-21_2__segment2.wav,0,1,1,2,2022-06-16 23:58:21,19.45,34.28,Queenright
../archive/sound_files/sound_files/2022-06-29--18-58-09_2__segment2.wav,2,1,1,2,2022-06-29 18:58:09,25.12,30.95,Queen_New
../archive/sound_files/sound_files/2022-06-26--02-54-17_2__segment4.wav,1,0,1,2,2022-06-26 2:54:17,18.68,40.1,Queenless
../archive/sound_files/sound_files/2022-06-26--11-47-55_2__segment4.wav,1,0,1,2,2022-06-26 11:47:55,51.97,12.14,Queenless
../archive/sound_files/sound_files/2022-07-05--12-48-30_2__segment2.wav,3,1,1,2,2022-07-05 12:48:30,43.06,21.86,Queen_Accepted
../archive/sound_files/sound_files/2022-07-06--12-36-36_2__segment2.wav,3,1,1,2,2022-07-06 12:36:36,47.4,17.72,Queen_Accepted
../archive/sound_files/sound_files/2022-07-11--02-31-03_2__segment4.wav,3,1,1,2,2022-07-11 2:31:03,19.26,43.44,Queen_Accepted
../archive/sound_files/sound_files/2022-07-12--08-19-19_2__segment1.wav,3,1,1,2,2022-07-12 8:19:19,28.08,44.63,Queen_Accepted
../archive/sound_files/sound_files/2022-06-25--19-01-01_2__segment4.wav,1,0,1,2,2022-06-25 19:01:01,27.72,32.47,Queenless
../archive/sound_files/sound_files/2022-06-25--04-47-09_2__segment4.wav,0,1,1,2,2022-06-25 4:47:09,21.09,36.26,Queenright
../archive/sound_files/sound_files/2022-06-28--22-26-20_2__segment1.wav,2,1,1,2,2022-06-28 22:26:20,20.86,33.01,Queen_New
../archive/sound_files/sound_files/2022-06-26--16-43-49_2__segment4.wav,1,0,1,2,2022-06-26 16:43:49,31.93,30.42,Queenless
../archive/sound_files/sound_files/2022-06-29--06-19-34_2__segment5.wav,2,1,1,2,2022-06-29 6:19:34,19.05,31.05,Queen_New
../archive/sound_files/sound_files/2022-07-08--03-12-29_2__segment2.wav,3,1,1,2,2022-07-08 3:12:29,16.94,39.01,Queen_Accepted
../archive/sound_files/sound_files/2022-06-28--22-26-20_2__segment0.wav,2,1,1,2,2022-06-28 22:26:20,20.86,33.01,Queen_New
../archive/sound_files/sound_files/2022-07-05--22-44-10_2__segment2.wav,3,1,1,2,2022-07-05 22:44:10,19.76,45.01,Queen_Accepted
../archive/sound_files/sound_files/2022-06-25--22-57-32_2__segment1.wav,1,0,1,2,2022-06-25 22:57:32,20.25,38.57,Queenless
../archive/sound_files/sound_files/2022-06-30--07-47-14_2__segment1.wav,2,1,1,2,2022-06-30 7:47:14,22.82,42.49,Queen_New
../archive/sound_files/sound_files/2022-07-09--00-04-21_2__segment4.wav,3,1,1,2,2022-07-09 0:04:21,18.42,39.55,Queen_Accepted
../archive/sound_files/sound_files/2022-06-24--15-58-28_2__segment1.wav,0,1,1,2,2022-06-24 15:58:28,34.42,26.91,Queenright
../archive/sound_files/sound_files/2022-06-26--19-41-01_2__segment1.wav,1,0,1,2,2022-06-26 19:41:01,25.62,36.42,Queenless
../archive/sound_files/sound_files/2022-06-16--18-04-02_2__segment2.wav,0,1,1,2,2022-06-16 18:04:02,26.73,24.63,Queenright
../archive/sound_files/sound_files/2022-06-15--01-26-10_2__segment5.wav,0,1,1,2,2022-06-15 1:26:10,20.05,24.86,Queenright
../archive/sound_files/sound_files/2022-07-11--09-27-27_2__segment1.wav,3,1,1,2,2022-07-11 9:27:27,45.13,23.73,Queen_Accepted
../archive/sound_files/sound_files/2022-07-07--11-20-34_2__segment0.wav,3,1,1,2,2022-07-07 11:20:34,48.39,19.94,Queen_Accepted
../archive/sound_files/sound_files/2022-06-29--02-22-58_2__segment1.wav,2,1,1,2,2022-06-29 2:22:58,19.32,31.59,Queen_New
../archive/sound_files/sound_files/2022-07-12--03-23-08_2__segment2.wav,3,1,1,2,2022-07-12 3:23:08,18.44,46.12,Queen_Accepted
../archive/sound_files/sound_files/2022-07-04--15-56-31_2__segment3.wav,3,1,1,2,2022-07-04 15:56:31,35.54,27.01,Queen_Accepted
../archive/sound_files/sound_files/2022-07-07--04-25-29_2__segment2.wav,3,1,1,2,2022-07-07 4:25:29,19.83,43.43,Queen_Accepted
../archive/sound_files/sound_files/2022-07-09--05-58-53_2__segment2.wav,3,1,1,2,2022-07-09 5:58:53,16.07,41.39,Queen_Accepted
../archive/sound_files/sound_files/2022-06-27--18-13-28_2__segment2.wav,1,0,1,2,2022-06-27 18:13:28,30.71,27.77,Queenless
../archive/sound_files/sound_files/2022-07-10--13-40-52_2__segment3.wav,3,1,1,2,2022-07-10 13:40:52,43.21,14.48,Queen_Accepted
../archive/sound_files/sound_files/2022-06-27--03-34-20_2__segment1.wav,1,0,1,2,2022-06-27 3:34:20,20.15,40.98,Queenless
../archive/sound_files/sound_files/2022-07-09--03-02-18_2__segment4.wav,3,1,1,2,2022-07-09 3:02:18,17.04,41.03,Queen_Accepted
../archive/sound_files/sound_files/2022-06-26--12-47-08_2__segment0.wav,1,0,1,2,2022-06-26 12:47:08,47.65,13.97,Queenless
../archive/sound_files/sound_files/2022-07-05--00-57-29_2__segment5.wav,3,1,1,2,2022-07-05 0:57:29,21.89,47.73,Queen_Accepted
../archive/sound_files/sound_files/2022-07-11--17-21-59_2__segment5.wav,3,1,1,2,2022-07-11 17:21:59,32.11,28.71,Queen_Accepted
../archive/sound_files/sound_files/2022-07-10--10-42-52_2__segment1.wav,3,1,1,2,2022-07-10 10:42:52,49.27,16.78,Queen_Accepted
../archive/sound_files/sound_files/2022-07-12--21-07-38_2__segment2.wav,3,1,1,2,2022-07-12 21:07:38,22.38,47.82,Queen_Accepted
../archive/sound_files/sound_files/2022-06-27--13-17-43_2__segment4.wav,1,0,1,2,2022-06-27 13:17:43,46.04,14.71,Queenless
../archive/sound_files/sound_files/2022-07-03--18-11-20_2__segment3.wav,3,1,1,2,2022-07-03 18:11:20,25.88,31.7,Queen_Accepted
../archive/sound_files/sound_files/2022-07-04--00-05-51_2__segment1.wav,3,1,1,2,2022-07-04 0:05:51,17.71,33.19,Queen_Accepted
../archive/sound_files/sound_files/2022-07-12--02-23-55_2__segment0.wav,3,1,1,2,2022-07-12 2:23:55,18.56,45.74,Queen_Accepted
../archive/sound_files/sound_files/2022-06-16--01-18-24_2__segment1.wav,0,1,1,2,2022-06-16 1:18:24,18.82,24.42,Queenright
../archive/sound_files/sound_files/2022-07-06--02-40-55_2__segment1.wav,3,1,1,2,2022-07-06 2:40:55,21.04,45.49,Queen_Accepted
../archive/sound_files/sound_files/2022-06-27--01-35-57_2__segment5.wav,1,0,1,2,2022-06-27 1:35:57,18.54,39.48,Queenless
../archive/sound_files/sound_files/2022-07-04--13-55-26_2__segment4.wav,3,1,1,2,2022-07-04 13:55:26,41.01,23.72,Queen_Accepted
../archive/sound_files/sound_files/2022-06-27--00-36-44_2__segment0.wav,1,0,1,2,2022-06-27 0:36:44,18.72,38.71,Queenless
../archive/sound_files/sound_files/2022-06-30--00-53-00_2__segment3.wav,2,1,1,2,2022-06-30 0:53:00,21.02,31.28,Queen_New
../archive/sound_files/sound_files/2022-07-07--00-28-35_2__segment2.wav,3,1,1,2,2022-07-07 0:28:35,19.49,43.08,Queen_Accepted
../archive/sound_files/sound_files/2022-06-25--20-59-10_2__segment0.wav,1,0,1,2,2022-06-25 20:59:10,22.5,39.9,Queenless
../archive/sound_files/sound_files/2022-07-13--02-07-17_2__segment1.wav,3,1,1,2,2022-07-13 2:07:17,18.32,44.55,Queen_Accepted
../archive/sound_files/sound_files/2022-06-30--11-45-41_2__segment0.wav,2,1,1,2,2022-06-30 11:45:41,51.28,16.81,Queen_New
../archive/sound_files/sound_files/2022-06-26--11-47-55_2__segment0.wav,1,0,1,2,2022-06-26 11:47:55,51.97,12.14,Queenless
../archive/sound_files/sound_files/2022-06-27--15-16-06_2__segment3.wav,1,0,1,2,2022-06-27 15:16:06,33.24,26.21,Queenless
../archive/sound_files/sound_files/2022-07-05--04-55-09_2__segment4.wav,3,1,1,2,2022-07-05 4:55:09,20.48,48.12,Queen_Accepted
../archive/sound_files/sound_files/2022-07-05--13-47-17_2__segment1.wav,3,1,1,2,2022-07-05 13:47:17,34.24,30.73,Queen_Accepted
../archive/sound_files/sound_files/2022-07-06--18-30-44_2__segment5.wav,3,1,1,2,2022-07-06 18:30:44,26.96,34.53,Queen_Accepted
../archive/sound_files/sound_files/2022-06-26--18-41-57_2__segment4.wav,1,0,1,2,2022-06-26 18:41:57,28.79,31.9,Queenless
../archive/sound_files/sound_files/2022-07-11--12-25-43_2__segment3.wav,3,1,1,2,2022-07-11 12:25:43,49.28,13.71,Queen_Accepted
../archive/sound_files/sound_files/2022-07-08--04-12-14_2__segment3.wav,3,1,1,2,2022-07-08 4:12:14,16.31,39.17,Queen_Accepted
../archive/sound_files/sound_files/2022-06-25--22-57-32_2__segment0.wav,1,0,1,2,2022-06-25 22:57:32,20.25,38.57,Queenless
../archive/sound_files/sound_files/2022-07-10--08-42-54_2__segment3.wav,3,1,1,2,2022-07-10 8:42:54,37.07,36.85,Queen_Accepted
../archive/sound_files/sound_files/2022-06-15--20-22-19_2__segment5.wav,0,1,1,2,2022-06-15 20:22:19,21.15,26.68,Queenright
../archive/sound_files/sound_files/2022-06-24--14-00-20_2__segment2.wav,0,1,1,2,2022-06-24 14:00:20,37.16,24.09,Queenright
../archive/sound_files/sound_files/2022-07-04--03-03-26_2__segment1.wav,3,1,1,2,2022-07-04 3:03:26,18.53,35.13,Queen_Accepted
../archive/sound_files/sound_files/2022-07-08--02-13-18_2__segment5.wav,3,1,1,2,2022-07-08 2:13:18,17.46,38.83,Queen_Accepted
../archive/sound_files/sound_files/2022-06-28--05-16-46_2__segment2.wav,2,1,1,2,2022-06-28 5:16:46,18.88,55.16,Queen_New
../archive/sound_files/sound_files/2022-07-07--01-27-48_2__segment2.wav,3,1,1,2,2022-07-07 1:27:48,19.8,43.08,Queen_Accepted
../archive/sound_files/sound_files/2022-06-27--17-14-23_2__segment0.wav,1,0,1,2,2022-06-27 17:14:23,31.02,28.46,Queenless
../archive/sound_files/sound_files/2022-07-03--08-14-28_2__segment3.wav,3,1,1,2,2022-07-03 8:14:28,23.09,36.99,Queen_Accepted
../archive/sound_files/sound_files/2022-07-12--12-17-36_2__segment5.wav,3,1,1,2,2022-07-12 12:17:36,51.89,11.99,Queen_Accepted
../archive/sound_files/sound_files/2022-07-03--12-11-40_2__segment3.wav,3,1,1,2,2022-07-03 12:11:40,34.19,37.72,Queen_Accepted
../archive/sound_files/sound_files/2022-07-11--07-27-46_2__segment0.wav,3,1,1,2,2022-07-11 7:27:46,27.42,43.79,Queen_Accepted
../archive/sound_files/sound_files/2022-07-15--06-05-42_2__segment4.wav,3,1,1,2,2022-07-15 6:05:42,16.38,35.82,Queen_Accepted
../archive/sound_files/sound_files/2022-07-03--03-18-24_2__segment3.wav,3,1,1,2,2022-07-03 3:18:24,20.6,39.08,Queen_Accepted
../archive/sound_files/sound_files/2022-07-09--12-59-39_2__segment3.wav,3,1,1,2,2022-07-09 12:59:39,47.17,15.58,Queen_Accepted
../archive/sound_files/sound_files/2022-06-28--01-20-09_2__segment1.wav,2,1,1,2,2022-06-28 1:20:09,19.7,57.18,Queen_New
../archive/sound_files/sound_files/2022-07-15--04-07-19_2__segment4.wav,3,1,1,2,2022-07-15 4:07:19,16.78,36.61,Queen_Accepted
../archive/sound_files/sound_files/2022-07-03--16-08-07_2__segment2.wav,3,1,1,2,2022-07-03 16:08:07,27.56,33.38,Queen_Accepted
../archive/sound_files/sound_files/2022-06-15--21-21-25_2__segment1.wav,0,1,1,2,2022-06-15 21:21:25,20.03,26.78,Queenright
../archive/sound_files/sound_files/2022-06-27--09-22-28_2__segment2.wav,1,0,1,2,2022-06-27 9:22:28,37.83,34.44,Queenless
../archive/sound_files/sound_files/2022-07-05--18-43-04_2__segment3.wav,3,1,1,2,2022-07-05 18:43:04,27.06,37.59,Queen_Accepted
../archive/sound_files/sound_files/2022-07-06--23-29-23_2__segment3.wav,3,1,1,2,2022-07-06 23:29:23,18.43,42.26,Queen_Accepted
../archive/sound_files/sound_files/2022-06-30--06-47-59_2__segment1.wav,2,1,1,2,2022-06-30 6:47:59,21.47,51.1,Queen_New
../archive/sound_files/sound_files/2022-07-13--01-08-06_2__segment2.wav,3,1,1,2,2022-07-13 1:08:06,18.76,45.95,Queen_Accepted
../archive/sound_files/sound_files/2022-07-06--01-41-53_2__segment4.wav,3,1,1,2,2022-07-06 1:41:53,21.05,45.47,Queen_Accepted
../archive/sound_files/sound_files/2022-07-03--07-15-14_2__segment5.wav,3,1,1,2,2022-07-03 7:15:14,21.77,34.96,Queen_Accepted
../archive/sound_files/sound_files/2022-07-08--11-08-46_2__segment0.wav,3,1,1,2,2022-07-08 11:08:46,50.36,15.41,Queen_Accepted
../archive/sound_files/sound_files/2022-06-24--20-53-47_2__segment3.wav,0,1,1,2,2022-06-24 20:53:47,25.31,38.76,Queenright
../archive/sound_files/sound_files/2022-07-14--11-57-48_2__segment4.wav,3,1,1,2,2022-07-14 11:57:48,49.97,12.98,Queen_Accepted
../archive/sound_files/sound_files/2022-06-16--11-11-23_2__segment1.wav,0,1,1,2,2022-06-16 11:11:23,48.31,11.94,Queenright
../archive/sound_files/sound_files/2022-06-27--19-25-32_2__segment5.wav,2,1,1,2,2022-06-27 19:25:32,26.43,40.55,Queen_New
../archive/sound_files/sound_files/2022-06-28--16-08-41_2__segment3.wav,2,1,1,2,2022-06-28 16:08:41,31.31,28.2,Queen_New
../archive/sound_files/sound_files/2022-06-29--07-19-04_2__segment0.wav,2,1,1,2,2022-06-29 7:19:04,23.38,33.83,Queen_New
../archive/sound_files/sound_files/2022-06-29--11-17-07_2__segment4.wav,2,1,1,2,2022-06-29 11:17:07,49.82,13.2,Queen_New
../archive/sound_files/sound_files/2022-06-27--23-21-51_2__segment4.wav,2,1,1,2,2022-06-27 23:21:51,20.35,54.25,Queen_New
../archive/sound_files/sound_files/2022-07-03--03-18-24_2__segment2.wav,3,1,1,2,2022-07-03 3:18:24,20.6,39.08,Queen_Accepted
../archive/sound_files/sound_files/2022-06-29--20-56-16_2__segment3.wav,2,1,1,2,2022-06-29 20:56:16,19.98,35.85,Queen_New
../archive/sound_files/sound_files/2022-06-15--22-20-36_2__segment2.wav,0,1,1,2,2022-06-15 22:20:36,19.15,25.71,Queenright
../archive/sound_files/sound_files/2022-07-07--16-17-49_2__segment4.wav,3,1,1,2,2022-07-07 16:17:49,29.92,30.17,Queen_Accepted
../archive/sound_files/sound_files/2022-07-07--10-20-57_2__segment2.wav,3,1,1,2,2022-07-07 10:20:57,44.57,28.45,Queen_Accepted
../archive/sound_files/sound_files/2022-07-03--13-11-29_2__segment1.wav,3,1,1,2,2022-07-03 13:11:29,39.0,30.46,Queen_Accepted
../archive/sound_files/sound_files/2022-06-24--10-03-17_2__segment0.wav,0,1,1,2,2022-06-24 10:03:17,33.81,31.83,Queenright
../archive/sound_files/sound_files/2022-07-11--15-24-07_2__segment2.wav,3,1,1,2,2022-07-11 15:24:07,35.07,25.15,Queen_Accepted
../archive/sound_files/sound_files/2022-06-30--05-48-50_2__segment2.wav,2,1,1,2,2022-06-30 5:48:50,21.11,41.29,Queen_New
../archive/sound_files/sound_files/2022-07-04--16-55-37_2__segment4.wav,3,1,1,2,2022-07-04 16:55:37,32.19,30.05,Queen_Accepted
../archive/sound_files/sound_files/2022-06-16--17-04-50_2__segment5.wav,0,1,1,2,2022-06-16 17:04:50,27.24,24.77,Queenright
../archive/sound_files/sound_files/2022-06-27--17-14-23_2__segment4.wav,1,0,1,2,2022-06-27 17:14:23,31.02,28.46,Queenless
../archive/sound_files/sound_files/2022-06-25--15-04-33_2__segment4.wav,1,0,1,2,2022-06-25 15:04:33,35.83,22.89,Queenless
../archive/sound_files/sound_files/2022-07-12--10-18-46_2__segment4.wav,3,1,1,2,2022-07-12 10:18:46,46.26,23.11,Queen_Accepted
../archive/sound_files/sound_files/2022-06-25--03-47-58_2__segment4.wav,0,1,1,2,2022-06-25 3:47:58,21.56,35.97,Queenright
../archive/sound_files/sound_files/2022-06-15--23-19-48_2__segment1.wav,0,1,1,2,2022-06-15 23:19:48,19.13,24.49,Queenright
../archive/sound_files/sound_files/2022-06-24--21-52-53_2__segment1.wav,0,1,1,2,2022-06-24 21:52:53,23.77,37.53,Queenright
../archive/sound_files/sound_files/2022-06-29--15-12-27_2__segment3.wav,2,1,1,2,2022-06-29 15:12:27,30.99,25.97,Queen_New
../archive/sound_files/sound_files/2022-06-26--07-50-20_2__segment1.wav,1,0,1,2,2022-06-26 7:50:20,25.52,41.71,Queenless
../archive/sound_files/sound_files/2022-07-03--21-08-19_2__segment3.wav,3,1,1,2,2022-07-03 21:08:19,19.1,35.51,Queen_Accepted
../archive/sound_files/sound_files/2022-06-16--22-59-34_2__segment5.wav,0,1,1,2,2022-06-16 22:59:34,19.91,52.48,Queenright
../archive/sound_files/sound_files/2022-06-30--01-52-10_2__segment2.wav,2,1,1,2,2022-06-30 1:52:10,21.22,31.72,Queen_New
../archive/sound_files/sound_files/2022-07-06--01-41-53_2__segment5.wav,3,1,1,2,2022-07-06 1:41:53,21.05,45.47,Queen_Accepted
../archive/sound_files/sound_files/2022-07-13--01-08-06_2__segment3.wav,3,1,1,2,2022-07-13 1:08:06,18.76,45.95,Queen_Accepted
../archive/sound_files/sound_files/2022-07-15--01-05-24_2__segment4.wav,3,1,1,2,2022-07-15 1:05:24,17.91,35.78,Queen_Accepted
../archive/sound_files/sound_files/2022-07-10--16-38-56_2__segment0.wav,3,1,1,2,2022-07-10 16:38:56,35.06,22.36,Queen_Accepted
../archive/sound_files/sound_files/2022-07-12--17-10-55_2__segment3.wav,3,1,1,2,2022-07-12 17:10:55,30.11,33.57,Queen_Accepted
../archive/sound_files/sound_files/2022-06-30--16-40-15_2__segment3.wav,2,1,1,2,2022-06-30 16:40:15,27.66,28.39,Queen_New
../archive/sound_files/sound_files/2022-07-14--10-54-43_2__segment0.wav,3,1,1,2,2022-07-14 10:54:43,49.88,14.82,Queen_Accepted
../archive/sound_files/sound_files/2022-07-08--01-14-07_2__segment4.wav,3,1,1,2,2022-07-08 1:14:07,17.98,38.02,Queen_Accepted
../archive/sound_files/sound_files/2022-06-28--06-16-00_2__segment3.wav,2,1,1,2,2022-06-28 6:16:00,20.53,52.56,Queen_New
../archive/sound_files/sound_files/2022-07-11--12-25-43_2__segment4.wav,3,1,1,2,2022-07-11 12:25:43,49.28,13.71,Queen_Accepted
../archive/sound_files/sound_files/2022-06-28--06-16-00_2__segment1.wav,2,1,1,2,2022-06-28 6:16:00,20.53,52.56,Queen_New
../archive/sound_files/sound_files/2022-07-11--16-23-12_2__segment3.wav,3,1,1,2,2022-07-11 16:23:12,34.0,27.66,Queen_Accepted
../archive/sound_files/sound_files/2022-07-05--16-45-15_2__segment2.wav,3,1,1,2,2022-07-05 16:45:15,31.7,34.27,Queen_Accepted
../archive/sound_files/sound_files/2022-06-30--15-41-07_2__segment2.wav,2,1,1,2,2022-06-30 15:41:07,29.21,25.46,Queen_New
../archive/sound_files/sound_files/2022-06-25--00-50-22_2__segment2.wav,0,1,1,2,2022-06-25 0:50:22,22.68,35.77,Queenright
../archive/sound_files/sound_files/2022-07-08--18-10-05_2__segment2.wav,3,1,1,2,2022-07-08 18:10:05,29.45,31.29,Queen_Accepted
../archive/sound_files/sound_files/2022-06-24--17-56-42_2__segment1.wav,0,1,1,2,2022-06-24 17:56:42,31.6,30.14,Queenright
../archive/sound_files/sound_files/2022-06-29--19-57-13_2__segment4.wav,2,1,1,2,2022-06-29 19:57:13,22.31,32.63,Queen_New
../archive/sound_files/sound_files/2022-06-26--09-49-13_2__segment1.wav,1,0,1,2,2022-06-26 9:49:13,45.21,23.14,Queenless
../archive/sound_files/sound_files/2022-06-28--19-29-03_2__segment4.wav,2,1,1,2,2022-06-28 19:29:03,26.09,30.45,Queen_New
../archive/sound_files/sound_files/2022-06-27--04-33-32_2__segment3.wav,1,0,1,2,2022-06-27 4:33:32,20.93,40.51,Queenless
../archive/sound_files/sound_files/2022-07-08--22-06-22_2__segment4.wav,3,1,1,2,2022-07-08 22:06:22,19.83,40.09,Queen_Accepted
../archive/sound_files/sound_files/2022-06-27--03-34-20_2__segment3.wav,1,0,1,2,2022-06-27 3:34:20,20.15,40.98,Queenless
../archive/sound_files/sound_files/2022-07-08--13-06-47_2__segment2.wav,3,1,1,2,2022-07-08 13:06:47,47.88,13.37,Queen_Accepted
../archive/sound_files/sound_files/2022-07-07--17-16-34_2__segment5.wav,3,1,1,2,2022-07-07 17:16:34,28.78,32.1,Queen_Accepted
../archive/sound_files/sound_files/2022-06-16--04-15-43_2__segment4.wav,0,1,1,2,2022-06-16 4:15:43,18.9,47.49,Queenright
../archive/sound_files/sound_files/2022-06-26--10-48-36_2__segment1.wav,1,0,1,2,2022-06-26 10:48:36,49.68,15.42,Queenless
../archive/sound_files/sound_files/2022-07-05--03-54-55_2__segment3.wav,3,1,1,2,2022-07-05 3:54:55,21.05,48.32,Queen_Accepted
../archive/sound_files/sound_files/2022-07-03--09-13-44_2__segment4.wav,3,1,1,2,2022-07-03 9:13:44,24.77,37.28,Queen_Accepted
../archive/sound_files/sound_files/2022-06-27--11-19-45_2__segment0.wav,1,0,1,2,2022-06-27 11:19:45,49.66,15.37,Queenless
../archive/sound_files/sound_files/2022-06-24--23-51-12_2__segment5.wav,0,1,1,2,2022-06-24 23:51:12,22.85,35.81,Queenright
../archive/sound_files/sound_files/2022-06-24--14-00-20_2__segment1.wav,0,1,1,2,2022-06-24 14:00:20,37.16,24.09,Queenright
../archive/sound_files/sound_files/2022-07-10--04-45-13_2__segment4.wav,3,1,1,2,2022-07-10 4:45:13,16.08,43.41,Queen_Accepted
../archive/sound_files/sound_files/2022-06-25--01-49-33_2__segment5.wav,0,1,1,2,2022-06-25 1:49:33,22.16,35.65,Queenright
../archive/sound_files/sound_files/2022-07-02--18-25-48_2__segment3.wav,3,1,1,2,2022-07-02 18:25:48,24.86,37.26,Queen_Accepted
../archive/sound_files/sound_files/2022-07-08--05-10-39_2__segment5.wav,3,1,1,2,2022-07-08 5:10:39,16.69,37.21,Queen_Accepted
../archive/sound_files/sound_files/2022-07-05--13-47-17_2__segment4.wav,3,1,1,2,2022-07-05 13:47:17,34.24,30.73,Queen_Accepted
../archive/sound_files/sound_files/2022-06-29--22-54-35_2__segment1.wav,2,1,1,2,2022-06-29 22:54:35,20.73,45.57,Queen_New
../archive/sound_files/sound_files/2022-06-28--23-25-29_2__segment2.wav,2,1,1,2,2022-06-28 23:25:29,20.32,32.28,Queen_New
../archive/sound_files/sound_files/2022-07-03--19-10-34_2__segment3.wav,3,1,1,2,2022-07-03 19:10:34,23.02,35.64,Queen_Accepted
../archive/sound_files/sound_files/2022-06-30--04-49-40_2__segment4.wav,2,1,1,2,2022-06-30 4:49:40,21.21,39.84,Queen_New
../archive/sound_files/sound_files/2022-06-16--03-16-35_2__segment5.wav,0,1,1,2,2022-06-16 3:16:35,18.34,25.22,Queenright
../archive/sound_files/sound_files/2022-06-27--17-14-23_2__segment5.wav,1,0,1,2,2022-06-27 17:14:23,31.02,28.46,Queenless
../archive/sound_files/sound_files/2022-07-12--22-07-06_2__segment0.wav,3,1,1,2,2022-07-12 22:07:06,20.46,48.0,Queen_Accepted
../archive/sound_files/sound_files/2022-07-04--15-56-31_2__segment0.wav,3,1,1,2,2022-07-04 15:56:31,35.54,27.01,Queen_Accepted
../archive/sound_files/sound_files/2022-06-27--18-13-28_2__segment3.wav,1,0,1,2,2022-06-27 18:13:28,30.71,27.77,Queenless
../archive/sound_files/sound_files/2022-07-05--08-51-36_2__segment2.wav,3,1,1,2,2022-07-05 8:51:36,34.54,39.37,Queen_Accepted
../archive/sound_files/sound_files/2022-06-26--16-43-49_2__segment5.wav,1,0,1,2,2022-06-26 16:43:49,31.93,30.42,Queenless
../archive/sound_files/sound_files/2022-07-05--10-50-37_2__segment2.wav,3,1,1,2,2022-07-05 10:50:37,46.88,24.73,Queen_Accepted
../archive/sound_files/sound_files/2022-06-30--05-48-50_2__segment3.wav,2,1,1,2,2022-06-30 5:48:50,21.11,41.29,Queen_New
../archive/sound_files/sound_files/2022-07-10--18-36-58_2__segment3.wav,3,1,1,2,2022-07-10 18:36:58,31.8,29.24,Queen_Accepted
../archive/sound_files/sound_files/2022-06-26--12-47-08_2__segment2.wav,1,0,1,2,2022-06-26 12:47:08,47.65,13.97,Queenless
../archive/sound_files/sound_files/2022-07-10--06-43-27_2__segment3.wav,3,1,1,2,2022-07-10 6:43:27,17.09,44.29,Queen_Accepted
../archive/sound_files/sound_files/2022-07-11--08-28-20_2__segment1.wav,3,1,1,2,2022-07-11 8:28:20,37.45,35.05,Queen_Accepted
../archive/sound_files/sound_files/2022-07-10--11-43-06_2__segment0.wav,3,1,1,2,2022-07-10 11:43:06,52.58,11.23,Queen_Accepted
../archive/sound_files/sound_files/2022-06-15--22-20-36_2__segment1.wav,0,1,1,2,2022-06-15 22:20:36,19.15,25.71,Queenright
../archive/sound_files/sound_files/2022-06-25--19-01-01_2__segment2.wav,1,0,1,2,2022-06-25 19:01:01,27.72,32.47,Queenless
../archive/sound_files/sound_files/2022-07-10--12-42-27_2__segment1.wav,3,1,1,2,2022-07-10 12:42:27,50.9,11.05,Queen_Accepted
../archive/sound_files/sound_files/2022-06-30--10-46-15_2__segment2.wav,2,1,1,2,2022-06-30 10:46:15,48.21,23.85,Queen_New
../archive/sound_files/sound_files/2022-07-15--06-05-42_2__segment5.wav,3,1,1,2,2022-07-15 6:05:42,16.38,35.82,Queen_Accepted
../archive/sound_files/sound_files/2022-07-06--23-29-23_2__segment0.wav,3,1,1,2,2022-07-06 23:29:23,18.43,42.26,Queen_Accepted
../archive/sound_files/sound_files/2022-07-08--06-09-51_2__segment0.wav,3,1,1,2,2022-07-08 6:09:51,16.16,38.48,Queen_Accepted
../archive/sound_files/sound_files/2022-07-04--12-56-11_2__segment0.wav,3,1,1,2,2022-07-04 12:56:11,41.35,24.12,Queen_Accepted
../archive/sound_files/sound_files/2022-07-05--20-41-12_2__segment3.wav,3,1,1,2,2022-07-05 20:41:12,21.9,44.23,Queen_Accepted
../archive/sound_files/sound_files/2022-07-05--04-55-09_2__segment0.wav,3,1,1,2,2022-07-05 4:55:09,20.48,48.12,Queen_Accepted
../archive/sound_files/sound_files/2022-07-11--19-20-32_2__segment0.wav,3,1,1,2,2022-07-11 19:20:32,28.34,36.04,Queen_Accepted
../archive/sound_files/sound_files/2022-06-26--18-41-57_2__segment5.wav,1,0,1,2,2022-06-26 18:41:57,28.79,31.9,Queenless
../archive/sound_files/sound_files/2022-06-25--05-46-18_2__segment5.wav,0,1,1,2,2022-06-25 5:46:18,20.74,35.79,Queenright
../archive/sound_files/sound_files/2022-06-26--21-39-11_2__segment1.wav,1,0,1,2,2022-06-26 21:39:11,20.47,41.57,Queenless
../archive/sound_files/sound_files/2022-07-10--03-45-59_2__segment4.wav,3,1,1,2,2022-07-10 3:45:59,16.38,43.76,Queen_Accepted
../archive/sound_files/sound_files/2022-07-12--21-07-38_2__segment5.wav,3,1,1,2,2022-07-12 21:07:38,22.38,47.82,Queen_Accepted
../archive/sound_files/sound_files/2022-06-28--09-14-48_2__segment4.wav,2,1,1,2,2022-06-28 9:14:48,38.48,23.56,Queen_New
../archive/sound_files/sound_files/2022-07-13--04-05-58_2__segment1.wav,3,1,1,2,2022-07-13 4:05:58,17.9,52.29,Queen_Accepted
../archive/sound_files/sound_files/2022-07-10--13-40-52_2__segment0.wav,3,1,1,2,2022-07-10 13:40:52,43.21,14.48,Queen_Accepted
../archive/sound_files/sound_files/2022-06-24--20-53-47_2__segment4.wav,0,1,1,2,2022-06-24 20:53:47,25.31,38.76,Queenright
../archive/sound_files/sound_files/2022-06-29--18-58-09_2__segment0.wav,2,1,1,2,2022-06-29 18:58:09,25.12,30.95,Queen_New
../archive/sound_files/sound_files/2022-07-09--13-58-05_2__segment5.wav,3,1,1,2,2022-07-09 13:58:05,37.67,22.82,Queen_Accepted
../archive/sound_files/sound_files/2022-07-12--23-09-41_2__segment4.wav,3,1,1,2,2022-07-12 23:09:41,19.65,46.3,Queen_Accepted
../archive/sound_files/sound_files/2022-07-04--16-55-37_2__segment2.wav,3,1,1,2,2022-07-04 16:55:37,32.19,30.05,Queen_Accepted
../archive/sound_files/sound_files/2022-07-06--08-38-42_2__segment3.wav,3,1,1,2,2022-07-06 8:38:42,24.75,45.41,Queen_Accepted
../archive/sound_files/sound_files/2022-06-29--13-15-40_2__segment5.wav,2,1,1,2,2022-06-29 13:15:40,47.73,13.95,Queen_New
../archive/sound_files/sound_files/2022-06-29--16-11-32_2__segment0.wav,2,1,1,2,2022-06-29 16:11:32,29.76,27.72,Queen_New
../archive/sound_files/sound_files/2022-06-25--16-03-37_2__segment4.wav,1,0,1,2,2022-06-25 16:03:37,32.64,26.27,Queenless
../archive/sound_files/sound_files/2022-07-04--01-05-00_2__segment4.wav,3,1,1,2,2022-07-04 1:05:00,17.41,33.21,Queen_Accepted
../archive/sound_files/sound_files/2022-06-16--14-07-27_2__segment0.wav,0,1,1,2,2022-06-16 14:07:27,37.18,18.71,Queenright
../archive/sound_files/sound_files/2022-07-07--12-21-08_2__segment5.wav,3,1,1,2,2022-07-07 12:21:08,49.82,16.03,Queen_Accepted
../archive/sound_files/sound_files/2022-07-07--04-25-29_2__segment4.wav,3,1,1,2,2022-07-07 4:25:29,19.83,43.43,Queen_Accepted
../archive/sound_files/sound_files/2022-06-24--17-56-42_2__segment5.wav,0,1,1,2,2022-06-24 17:56:42,31.6,30.14,Queenright
../archive/sound_files/sound_files/2022-07-07--01-27-48_2__segment1.wav,3,1,1,2,2022-07-07 1:27:48,19.8,43.08,Queen_Accepted
../archive/sound_files/sound_files/2022-07-10--18-36-58_2__segment2.wav,3,1,1,2,2022-07-10 18:36:58,31.8,29.24,Queen_Accepted
../archive/sound_files/sound_files/2022-06-15--10-31-40_2__segment5.wav,0,1,1,2,2022-06-15 10:31:40,49.67,12.38,Queenright
../archive/sound_files/sound_files/2022-07-11--00-32-00_2__segment2.wav,3,1,1,2,2022-07-11 0:32:00,20.61,44.98,Queen_Accepted
../archive/sound_files/sound_files/2022-06-16--08-12-31_2__segment0.wav,0,1,1,2,2022-06-16 8:12:31,33.74,30.06,Queenright
../archive/sound_files/sound_files/2022-07-10--20-35-10_2__segment1.wav,3,1,1,2,2022-07-10 20:35:10,26.23,37.57,Queen_Accepted
../archive/sound_files/sound_files/2022-06-27--04-33-32_2__segment0.wav,1,0,1,2,2022-06-27 4:33:32,20.93,40.51,Queenless
../archive/sound_files/sound_files/2022-07-12--00-25-33_2__segment3.wav,3,1,1,2,2022-07-12 0:25:33,19.55,46.22,Queen_Accepted
../archive/sound_files/sound_files/2022-07-11--19-20-32_2__segment1.wav,3,1,1,2,2022-07-11 19:20:32,28.34,36.04,Queen_Accepted
../archive/sound_files/sound_files/2022-07-12--11-18-02_2__segment0.wav,3,1,1,2,2022-07-12 11:18:02,51.57,15.2,Queen_Accepted
../archive/sound_files/sound_files/2022-06-29--00-24-37_2__segment1.wav,2,1,1,2,2022-06-29 0:24:37,19.78,32.12,Queen_New
../archive/sound_files/sound_files/2022-07-07--07-22-56_2__segment4.wav,3,1,1,2,2022-07-07 7:22:56,21.88,44.94,Queen_Accepted
../archive/sound_files/sound_files/2022-06-26--00-55-53_2__segment2.wav,1,0,1,2,2022-06-26 0:55:53,19.34,39.6,Queenless
../archive/sound_files/sound_files/2022-06-29--22-54-35_2__segment0.wav,2,1,1,2,2022-06-29 22:54:35,20.73,45.57,Queen_New
../archive/sound_files/sound_files/2022-06-26--19-41-01_2__segment2.wav,1,0,1,2,2022-06-26 19:41:01,25.62,36.42,Queenless
../archive/sound_files/sound_files/2022-06-29--19-57-13_2__segment2.wav,2,1,1,2,2022-06-29 19:57:13,22.31,32.63,Queen_New
../archive/sound_files/sound_files/2022-07-12--12-17-36_2__segment2.wav,3,1,1,2,2022-07-12 12:17:36,51.89,11.99,Queen_Accepted
../archive/sound_files/sound_files/2022-07-12--00-25-33_2__segment1.wav,3,1,1,2,2022-07-12 0:25:33,19.55,46.22,Queen_Accepted
../archive/sound_files/sound_files/2022-07-04--04-02-43_2__segment5.wav,3,1,1,2,2022-07-04 4:02:43,19.09,35.37,Queen_Accepted
../archive/sound_files/sound_files/2022-06-25--03-47-58_2__segment2.wav,0,1,1,2,2022-06-25 3:47:58,21.56,35.97,Queenright
../archive/sound_files/sound_files/2022-06-25--23-56-42_2__segment4.wav,1,0,1,2,2022-06-25 23:56:42,19.75,39.09,Queenless
../archive/sound_files/sound_files/2022-06-28--14-10-34_2__segment1.wav,2,1,1,2,2022-06-28 14:10:34,36.22,22.69,Queen_New
../archive/sound_files/sound_files/2022-07-09--19-53-03_2__segment4.wav,3,1,1,2,2022-07-09 19:53:03,24.36,40.24,Queen_Accepted
../archive/sound_files/sound_files/2022-07-04--17-54-47_2__segment3.wav,3,1,1,2,2022-07-04 17:54:47,30.79,32.24,Queen_Accepted
../archive/sound_files/sound_files/2022-06-15--01-26-10_2__segment0.wav,0,1,1,2,2022-06-15 1:26:10,20.05,24.86,Queenright
../archive/sound_files/sound_files/2022-06-15--09-32-36_2__segment0.wav,0,1,1,2,2022-06-15 9:32:36,45.68,18.99,Queenright
../archive/sound_files/sound_files/2022-07-08--19-09-34_2__segment0.wav,3,1,1,2,2022-07-08 19:09:34,25.77,34.68,Queen_Accepted
../archive/sound_files/sound_files/2022-06-29--09-18-09_2__segment3.wav,2,1,1,2,2022-06-29 9:18:09,41.06,28.84,Queen_New
../archive/sound_files/sound_files/2022-06-25--18-01-55_2__segment3.wav,1,0,1,2,2022-06-25 18:01:55,30.93,29.56,Queenless
../archive/sound_files/sound_files/2022-06-26--06-51-07_2__segment0.wav,1,0,1,2,2022-06-26 6:51:07,22.47,40.91,Queenless
../archive/sound_files/sound_files/2022-07-13--01-08-06_2__segment5.wav,3,1,1,2,2022-07-13 1:08:06,18.76,45.95,Queen_Accepted
../archive/sound_files/sound_files/2022-07-12--12-17-36_2__segment3.wav,3,1,1,2,2022-07-12 12:17:36,51.89,11.99,Queen_Accepted
../archive/sound_files/sound_files/2022-07-05--13-47-17_2__segment0.wav,3,1,1,2,2022-07-05 13:47:17,34.24,30.73,Queen_Accepted
../archive/sound_files/sound_files/2022-07-06--23-29-23_2__segment4.wav,3,1,1,2,2022-07-06 23:29:23,18.43,42.26,Queen_Accepted
../archive/sound_files/sound_files/2022-06-30--10-46-15_2__segment1.wav,2,1,1,2,2022-06-30 10:46:15,48.21,23.85,Queen_New
../archive/sound_files/sound_files/2022-06-27--17-14-23_2__segment1.wav,1,0,1,2,2022-06-27 17:14:23,31.02,28.46,Queenless
../archive/sound_files/sound_files/2022-07-05--01-56-38_2__segment5.wav,3,1,1,2,2022-07-05 1:56:38,21.76,48.74,Queen_Accepted
../archive/sound_files/sound_files/2022-06-25--04-47-09_2__segment3.wav,0,1,1,2,2022-06-25 4:47:09,21.09,36.26,Queenright
../archive/sound_files/sound_files/2022-07-09--01-03-30_2__segment3.wav,3,1,1,2,2022-07-09 1:03:30,17.88,40.1,Queen_Accepted
../archive/sound_files/sound_files/2022-06-25--09-43-58_2__segment0.wav,0,1,1,2,2022-06-25 9:43:58,31.81,36.64,Queenright
../archive/sound_files/sound_files/2022-07-13--08-02-57_2__segment1.wav,3,1,1,2,2022-07-13 8:02:57,27.53,45.87,Queen_Accepted
../archive/sound_files/sound_files/2022-07-08--12-08-53_2__segment0.wav,3,1,1,2,2022-07-08 12:08:53,51.02,12.37,Queen_Accepted
../archive/sound_files/sound_files/2022-07-14--20-58-44_2__segment3.wav,3,1,1,2,2022-07-14 20:58:44,21.42,36.22,Queen_Accepted
../archive/sound_files/sound_files/2022-07-11--09-27-27_2__segment4.wav,3,1,1,2,2022-07-11 9:27:27,45.13,23.73,Queen_Accepted
../archive/sound_files/sound_files/2022-07-10--07-43-18_2__segment2.wav,3,1,1,2,2022-07-10 7:43:18,26.87,46.52,Queen_Accepted
../archive/sound_files/sound_files/2022-06-26--01-55-04_2__segment1.wav,1,0,1,2,2022-06-26 1:55:04,19.07,39.14,Queenless
../archive/sound_files/sound_files/2022-07-12--04-22-20_2__segment3.wav,3,1,1,2,2022-07-12 4:22:20,18.28,47.01,Queen_Accepted
../archive/sound_files/sound_files/2022-07-11--14-23-58_2__segment2.wav,3,1,1,2,2022-07-11 14:23:58,37.86,21.88,Queen_Accepted
../archive/sound_files/sound_files/2022-07-12--00-25-33_2__segment5.wav,3,1,1,2,2022-07-12 0:25:33,19.55,46.22,Queen_Accepted
../archive/sound_files/sound_files/2022-07-12--10-18-46_2__segment2.wav,3,1,1,2,2022-07-12 10:18:46,46.26,23.11,Queen_Accepted
../archive/sound_files/sound_files/2022-06-26--05-51-56_2__segment1.wav,1,0,1,2,2022-06-26 5:51:56,20.54,40.56,Queenless
../archive/sound_files/sound_files/2022-07-10--01-47-45_2__segment5.wav,3,1,1,2,2022-07-10 1:47:45,17.36,43.66,Queen_Accepted
../archive/sound_files/sound_files/2022-07-11--01-31-46_2__segment0.wav,3,1,1,2,2022-07-11 1:31:46,19.74,43.84,Queen_Accepted
../archive/sound_files/sound_files/2022-07-08--14-09-50_2__segment2.wav,3,1,1,2,2022-07-08 14:09:50,37.7,22.08,Queen_Accepted
../archive/sound_files/sound_files/2022-07-14--15-03-25_2__segment4.wav,3,1,1,2,2022-07-14 15:03:25,32.99,28.95,Queen_Accepted
../archive/sound_files/sound_files/2022-06-26--23-37-32_2__segment0.wav,1,0,1,2,2022-06-26 23:37:32,19.05,38.38,Queenless
../archive/sound_files/sound_files/2022-07-04--20-52-03_2__segment2.wav,3,1,1,2,2022-07-04 20:52:03,24.03,44.74,Queen_Accepted
../archive/sound_files/sound_files/2022-07-07--03-26-13_2__segment0.wav,3,1,1,2,2022-07-07 3:26:13,19.82,43.83,Queen_Accepted
../archive/sound_files/sound_files/2022-06-25--20-59-10_2__segment5.wav,1,0,1,2,2022-06-25 20:59:10,22.5,39.9,Queenless
../archive/sound_files/sound_files/2022-06-15--15-26-47_2__segment4.wav,0,1,1,2,2022-06-15 15:26:47,31.43,25.73,Queenright
../archive/sound_files/sound_files/2022-07-11--17-21-59_2__segment3.wav,3,1,1,2,2022-07-11 17:21:59,32.11,28.71,Queen_Accepted
../archive/sound_files/sound_files/2022-06-27--04-33-32_2__segment5.wav,1,0,1,2,2022-06-27 4:33:32,20.93,40.51,Queenless
../archive/sound_files/sound_files/2022-07-05--12-48-30_2__segment5.wav,3,1,1,2,2022-07-05 12:48:30,43.06,21.86,Queen_Accepted
../archive/sound_files/sound_files/2022-06-28--03-18-26_2__segment3.wav,2,1,1,2,2022-06-28 3:18:26,19.5,54.71,Queen_New
../archive/sound_files/sound_files/2022-07-10--13-40-52_2__segment5.wav,3,1,1,2,2022-07-10 13:40:52,43.21,14.48,Queen_Accepted
../archive/sound_files/sound_files/2022-06-15--07-32-56_2__segment2.wav,0,1,1,2,2022-06-15 7:32:56,28.26,31.72,Queenright
../archive/sound_files/sound_files/2022-06-15--01-26-10_2__segment2.wav,0,1,1,2,2022-06-15 1:26:10,20.05,24.86,Queenright
../archive/sound_files/sound_files/2022-07-08--14-09-50_2__segment4.wav,3,1,1,2,2022-07-08 14:09:50,37.7,22.08,Queen_Accepted
../archive/sound_files/sound_files/2022-06-30--14-42-07_2__segment5.wav,2,1,1,2,2022-06-30 14:42:07,32.97,24.07,Queen_New
../archive/sound_files/sound_files/2022-06-24--15-58-28_2__segment2.wav,0,1,1,2,2022-06-24 15:58:28,34.42,26.91,Queenright
../archive/sound_files/sound_files/2022-06-29--08-18-26_2__segment4.wav,2,1,1,2,2022-06-29 8:18:26,30.38,35.78,Queen_New
../archive/sound_files/sound_files/2022-07-10--13-40-52_2__segment4.wav,3,1,1,2,2022-07-10 13:40:52,43.21,14.48,Queen_Accepted
../archive/sound_files/sound_files/2022-06-15--05-32-54_2__segment2.wav,0,1,1,2,2022-06-15 5:32:54,18.69,26.58,Queenright
../archive/sound_files/sound_files/2022-07-10--09-43-41_2__segment2.wav,3,1,1,2,2022-07-10 9:43:41,44.41,25.42,Queen_Accepted
../archive/sound_files/sound_files/2022-07-14--13-01-08_2__segment0.wav,3,1,1,2,2022-07-14 13:01:08,47.59,14.63,Queen_Accepted
../archive/sound_files/sound_files/2022-07-07--16-17-49_2__segment2.wav,3,1,1,2,2022-07-07 16:17:49,29.92,30.17,Queen_Accepted
../archive/sound_files/sound_files/2022-07-04--07-59-42_2__segment2.wav,3,1,1,2,2022-07-04 7:59:42,30.82,40.18,Queen_Accepted
../archive/sound_files/sound_files/2022-07-04--13-55-26_2__segment2.wav,3,1,1,2,2022-07-04 13:55:26,41.01,23.72,Queen_Accepted
../archive/sound_files/sound_files/2022-06-15--16-25-56_2__segment1.wav,0,1,1,2,2022-06-15 16:25:56,30.07,25.94,Queenright
../archive/sound_files/sound_files/2022-07-13--04-05-58_2__segment0.wav,3,1,1,2,2022-07-13 4:05:58,17.9,52.29,Queen_Accepted
../archive/sound_files/sound_files/2022-06-28--14-10-34_2__segment5.wav,2,1,1,2,2022-06-28 14:10:34,36.22,22.69,Queen_New
../archive/sound_files/sound_files/2022-07-07--06-24-26_2__segment4.wav,3,1,1,2,2022-07-07 6:24:26,19.9,45.26,Queen_Accepted
../archive/sound_files/sound_files/2022-07-09--15-56-25_2__segment4.wav,3,1,1,2,2022-07-09 15:56:25,30.34,29.93,Queen_Accepted
../archive/sound_files/sound_files/2022-06-27--03-34-20_2__segment4.wav,1,0,1,2,2022-06-27 3:34:20,20.15,40.98,Queenless
../archive/sound_files/sound_files/2022-06-25--07-45-01_2__segment2.wav,0,1,1,2,2022-06-25 7:45:01,24.69,40.72,Queenright
../archive/sound_files/sound_files/2022-07-11--09-27-27_2__segment0.wav,3,1,1,2,2022-07-11 9:27:27,45.13,23.73,Queen_Accepted
../archive/sound_files/sound_files/2022-07-11--04-29-25_2__segment1.wav,3,1,1,2,2022-07-11 4:29:25,18.14,42.8,Queen_Accepted
../archive/sound_files/sound_files/2022-07-13--02-07-17_2__segment4.wav,3,1,1,2,2022-07-13 2:07:17,18.32,44.55,Queen_Accepted
../archive/sound_files/sound_files/2022-07-11--16-23-12_2__segment2.wav,3,1,1,2,2022-07-11 16:23:12,34.0,27.66,Queen_Accepted
../archive/sound_files/sound_files/2022-07-15--05-06-30_2__segment2.wav,3,1,1,2,2022-07-15 5:06:30,16.43,36.07,Queen_Accepted
../archive/sound_files/sound_files/2022-06-15--18-24-11_2__segment3.wav,0,1,1,2,2022-06-15 18:24:11,26.56,27.68,Queenright
../archive/sound_files/sound_files/2022-07-08--03-12-29_2__segment5.wav,3,1,1,2,2022-07-08 3:12:29,16.94,39.01,Queen_Accepted
../archive/sound_files/sound_files/2022-07-05--17-43-58_2__segment2.wav,3,1,1,2,2022-07-05 17:43:58,29.09,36.25,Queen_Accepted
../archive/sound_files/sound_files/2022-07-07--03-26-13_2__segment1.wav,3,1,1,2,2022-07-07 3:26:13,19.82,43.83,Queen_Accepted
../archive/sound_files/sound_files/2022-07-07--00-28-35_2__segment4.wav,3,1,1,2,2022-07-07 0:28:35,19.49,43.08,Queen_Accepted
../archive/sound_files/sound_files/2022-07-04--07-00-21_2__segment1.wav,3,1,1,2,2022-07-04 7:00:21,21.7,36.69,Queen_Accepted
../archive/sound_files/sound_files/2022-07-13--08-02-57_2__segment5.wav,3,1,1,2,2022-07-13 8:02:57,27.53,45.87,Queen_Accepted
../archive/sound_files/sound_files/2022-06-28--04-17-36_2__segment5.wav,2,1,1,2,2022-06-28 4:17:36,19.44,53.94,Queen_New
../archive/sound_files/sound_files/2022-06-29--22-54-35_2__segment5.wav,2,1,1,2,2022-06-29 22:54:35,20.73,45.57,Queen_New
../archive/sound_files/sound_files/2022-06-16--00-18-58_2__segment1.wav,0,1,1,2,2022-06-16 0:18:58,19.23,43.47,Queenright
../archive/sound_files/sound_files/2022-06-27--20-24-33_2__segment4.wav,2,1,1,2,2022-06-27 20:24:33,24.26,42.74,Queen_New
../archive/sound_files/sound_files/2022-07-10--21-34-27_2__segment3.wav,3,1,1,2,2022-07-10 21:34:27,23.94,39.18,Queen_Accepted
../archive/sound_files/sound_files/2022-06-15--19-23-14_2__segment4.wav,0,1,1,2,2022-06-15 19:23:14,23.54,27.34,Queenright
../archive/sound_files/sound_files/2022-06-26--13-46-18_2__segment1.wav,1,0,1,2,2022-06-26 13:46:18,42.36,17.97,Queenless
../archive/sound_files/sound_files/2022-06-16--15-06-34_2__segment2.wav,0,1,1,2,2022-06-16 15:06:34,29.73,25.75,Queenright
../archive/sound_files/sound_files/2022-07-06--21-27-33_2__segment2.wav,3,1,1,2,2022-07-06 21:27:33,19.83,42.31,Queen_Accepted
../archive/sound_files/sound_files/2022-06-12--22-58-10_2__segment2.wav,2,1,3,2,2022-06-12 22:58:10,20.0,41.63,Queen_New
../archive/sound_files/sound_files/2022-06-09--02-14-21_2__segment1.wav,1,0,3,2,2022-06-09 2:14:21,17.37,51.26,Queenless
../archive/sound_files/sound_files/2022-06-11--10-33-55_2__segment5.wav,2,1,3,2,2022-06-11 10:33:55,55.62,10.27,Queen_New
../archive/sound_files/sound_files/2022-06-11--17-44-04_2__segment5.wav,2,1,3,2,2022-06-11 17:44:04,32.22,35.5,Queen_New
../archive/sound_files/sound_files/2022-06-09--16-04-05_2__segment3.wav,1,0,3,2,2022-06-09 16:04:05,33.79,20.7,Queenless
../archive/sound_files/sound_files/2022-06-07--16-04-24_2__segment4.wav,0,1,3,2,2022-06-07 16:04:24,28.32,33.41,Queenright
../archive/sound_files/sound_files/2022-06-10--10-37-17_2__segment3.wav,2,1,3,2,2022-06-10 10:37:17,53.66,11.04,Queen_New
../archive/sound_files/sound_files/2022-06-05--20-38-25_2__segment0.wav,0,1,3,2,2022-06-05 20:38:25,25.42,47.82,Queenright
../archive/sound_files/sound_files/2022-06-07--21-59-10_2__segment5.wav,0,1,3,2,2022-06-07 21:59:10,20.73,34.23,Queenright
../archive/sound_files/sound_files/2022-06-13--08-50-45_2__segment3.wav,2,1,3,2,2022-06-13 8:50:45,38.05,30.18,Queen_New
../archive/sound_files/sound_files/2022-06-09--00-15-57_2__segment1.wav,1,0,3,2,2022-06-09 0:15:57,18.52,47.68,Queenless
../archive/sound_files/sound_files/2022-06-09--21-46-45_2__segment2.wav,2,1,3,2,2022-06-09 21:46:45,24.21,34.94,Queen_New
../archive/sound_files/sound_files/2022-06-08--05-52-54_2__segment1.wav,0,1,3,2,2022-06-08 5:52:54,18.73,38.15,Queenright
../archive/sound_files/sound_files/2022-06-08--20-19-23_2__segment4.wav,1,0,3,2,2022-06-08 20:19:23,23.82,44.76,Queenless
../archive/sound_files/sound_files/2022-06-11--12-32-18_2__segment5.wav,2,1,3,2,2022-06-11 12:32:18,51.84,7.23,Queen_New
../archive/sound_files/sound_files/2022-06-10--20-42-55_2__segment4.wav,2,1,3,2,2022-06-10 20:42:55,27.0,38.0,Queen_New
../archive/sound_files/sound_files/2022-06-10--13-35-11_2__segment5.wav,2,1,3,2,2022-06-10 13:35:11,48.63,11.15,Queen_New
../archive/sound_files/sound_files/2022-06-10--03-41-56_2__segment2.wav,2,1,3,2,2022-06-10 3:41:56,19.39,52.17,Queen_New
../archive/sound_files/sound_files/2022-06-12--10-30-28_2__segment3.wav,2,1,3,2,2022-06-12 10:30:28,49.19,18.15,Queen_New
../archive/sound_files/sound_files/2022-06-09--04-12-46_2__segment4.wav,1,0,3,2,2022-06-09 4:12:46,15.9,59.0,Queenless
../archive/sound_files/sound_files/2022-06-10--08-38-22_2__segment0.wav,2,1,3,2,2022-06-10 8:38:22,40.89,26.57,Queen_New
../archive/sound_files/sound_files/2022-06-12--00-37-49_2__segment5.wav,2,1,3,2,2022-06-12 0:37:49,22.28,58.4,Queen_New
../archive/sound_files/sound_files/2022-06-06--08-29-16_2__segment5.wav,0,1,3,2,2022-06-06 8:29:16,24.62,49.4,Queenright
../archive/sound_files/sound_files/2022-06-06--10-27-52_2__segment2.wav,0,1,3,2,2022-06-06 10:27:52,29.25,44.66,Queenright
../archive/sound_files/sound_files/2022-06-10--02-42-41_2__segment1.wav,2,1,3,2,2022-06-10 2:42:41,20.16,48.19,Queen_New
../archive/sound_files/sound_files/2022-06-08--06-52-11_2__segment0.wav,0,1,3,2,2022-06-08 6:52:11,19.14,39.1,Queenright
../archive/sound_files/sound_files/2022-06-08--01-55-59_2__segment5.wav,0,1,3,2,2022-06-08 1:55:59,19.07,36.97,Queenright
../archive/sound_files/sound_files/2022-06-06--19-20-21_2__segment1.wav,0,1,3,2,2022-06-06 19:20:21,24.73,36.9,Queenright
../archive/sound_files/sound_files/2022-06-12--22-58-10_2__segment0.wav,2,1,3,2,2022-06-12 22:58:10,20.0,41.63,Queen_New
../archive/sound_files/sound_files/2022-06-11--22-39-24_2__segment5.wav,2,1,3,2,2022-06-11 22:39:24,22.73,54.89,Queen_New
../archive/sound_files/sound_files/2022-06-12--18-02-29_2__segment3.wav,2,1,3,2,2022-06-12 18:02:29,27.73,38.21,Queen_New
../archive/sound_files/sound_files/2022-06-08--15-51-41_2__segment3.wav,1,0,3,2,2022-06-08 15:51:41,33.64,32.71,Queenless
../archive/sound_files/sound_files/2022-06-11--02-37-45_2__segment3.wav,2,1,3,2,2022-06-11 2:37:45,19.69,51.26,Queen_New
../archive/sound_files/sound_files/2022-06-11--12-32-18_2__segment2.wav,2,1,3,2,2022-06-11 12:32:18,51.84,7.23,Queen_New
../archive/sound_files/sound_files/2022-06-06--03-32-49_2__segment4.wav,0,1,3,2,2022-06-06 3:32:49,19.76,49.97,Queenright
../archive/sound_files/sound_files/2022-06-11--00-39-26_2__segment3.wav,2,1,3,2,2022-06-11 0:39:26,21.73,54.6,Queen_New
../archive/sound_files/sound_files/2022-06-06--23-16-56_2__segment1.wav,0,1,3,2,2022-06-06 23:16:56,20.68,41.97,Queenright
../archive/sound_files/sound_files/2022-06-10--03-41-56_2__segment1.wav,2,1,3,2,2022-06-10 3:41:56,19.39,52.17,Queen_New
../archive/sound_files/sound_files/2022-06-08--04-53-41_2__segment3.wav,0,1,3,2,2022-06-08 4:53:41,18.77,37.37,Queenright
../archive/sound_files/sound_files/2022-06-09--03-13-33_2__segment3.wav,1,0,3,2,2022-06-09 3:13:33,16.58,56.87,Queenless
../archive/sound_files/sound_files/2022-06-09--20-47-36_2__segment1.wav,2,1,3,2,2022-06-09 20:47:36,26.05,31.58,Queen_New
../archive/sound_files/sound_files/2022-06-09--00-15-57_2__segment2.wav,1,0,3,2,2022-06-09 0:15:57,18.52,47.68,Queenless
../archive/sound_files/sound_files/2022-06-08--21-18-28_2__segment5.wav,1,0,3,2,2022-06-08 21:18:28,21.13,46.68,Queenless
../archive/sound_files/sound_files/2022-06-05--19-39-14_2__segment4.wav,0,1,3,2,2022-06-05 19:39:14,26.52,46.6,Queenright
../archive/sound_files/sound_files/2022-06-12--06-33-03_2__segment3.wav,2,1,3,2,2022-06-12 6:33:03,21.3,57.32,Queen_New
../archive/sound_files/sound_files/2022-06-09--14-05-39_2__segment3.wav,1,0,3,2,2022-06-09 14:05:39,43.17,11.51,Queenless
../archive/sound_files/sound_files/2022-06-10--21-42-01_2__segment3.wav,2,1,3,2,2022-06-10 21:42:01,25.08,39.16,Queen_New
../archive/sound_files/sound_files/2022-06-08--23-16-48_2__segment1.wav,1,0,3,2,2022-06-08 23:16:48,19.15,47.73,Queenless
../archive/sound_files/sound_files/2022-06-09--12-07-14_2__segment1.wav,1,0,3,2,2022-06-09 12:07:14,53.76,10.59,Queenless
../archive/sound_files/sound_files/2022-06-05--20-38-25_2__segment1.wav,0,1,3,2,2022-06-05 20:38:25,25.42,47.82,Queenright
../archive/sound_files/sound_files/2022-06-06--12-26-27_2__segment3.wav,0,1,3,2,2022-06-06 12:26:27,32.03,40.32,Queenright
../archive/sound_files/sound_files/2022-06-11--07-34-47_2__segment5.wav,2,1,3,2,2022-06-11 7:34:47,26.9,48.8,Queen_New
../archive/sound_files/sound_files/2022-06-10--16-32-41_2__segment3.wav,2,1,3,2,2022-06-10 16:32:41,36.18,24.95,Queen_New
../archive/sound_files/sound_files/2022-06-09--19-48-31_2__segment5.wav,2,1,3,2,2022-06-09 19:48:31,28.52,27.96,Queen_New
../archive/sound_files/sound_files/2022-06-06--21-18-35_2__segment5.wav,0,1,3,2,2022-06-06 21:18:35,22.26,39.23,Queenright
../archive/sound_files/sound_files/2022-06-07--03-13-45_2__segment5.wav,0,1,3,2,2022-06-07 3:13:45,18.29,42.46,Queenright
../archive/sound_files/sound_files/2022-06-09--23-45-06_2__segment4.wav,2,1,3,2,2022-06-09 23:45:06,22.03,41.05,Queen_New
../archive/sound_files/sound_files/2022-06-10--01-43-29_2__segment2.wav,2,1,3,2,2022-06-10 1:43:29,20.54,45.69,Queen_New
../archive/sound_files/sound_files/2022-06-13--08-50-45_2__segment4.wav,2,1,3,2,2022-06-13 8:50:45,38.05,30.18,Queen_New
../archive/sound_files/sound_files/2022-06-13--11-48-58_2__segment3.wav,2,1,3,2,2022-06-13 11:48:58,51.82,11.7,Queen_New
../archive/sound_files/sound_files/2022-06-13--02-55-04_2__segment1.wav,2,1,3,2,2022-06-13 2:55:04,17.24,41.13,Queen_New
../archive/sound_files/sound_files/2022-06-08--17-22-00_2__segment1.wav,1,0,3,2,2022-06-08 17:22:00,30.45,35.13,Queenless
../archive/sound_files/sound_files/2022-06-08--00-56-47_2__segment0.wav,0,1,3,2,2022-06-08 0:56:47,19.76,34.89,Queenright
../archive/sound_files/sound_files/2022-06-11--09-34-20_2__segment2.wav,2,1,3,2,2022-06-11 9:34:20,48.9,20.9,Queen_New
../archive/sound_files/sound_files/2022-06-08--03-54-28_2__segment2.wav,0,1,3,2,2022-06-08 3:54:28,18.92,39.05,Queenright
../archive/sound_files/sound_files/2022-06-11--03-36-54_2__segment0.wav,2,1,3,2,2022-06-11 3:36:54,19.45,51.11,Queen_New
../archive/sound_files/sound_files/2022-06-07--13-07-01_2__segment2.wav,0,1,3,2,2022-06-07 13:07:01,32.67,35.86,Queenright
../archive/sound_files/sound_files/2022-06-12--18-02-29_2__segment5.wav,2,1,3,2,2022-06-12 18:02:29,27.73,38.21,Queen_New
../archive/sound_files/sound_files/2022-06-11--15-28-56_2__segment1.wav,2,1,3,2,2022-06-11 15:28:56,36.04,26.58,Queen_New
../archive/sound_files/sound_files/2022-06-07--15-05-17_2__segment3.wav,0,1,3,2,2022-06-07 15:05:17,30.11,33.76,Queenright
../archive/sound_files/sound_files/2022-06-06--11-27-09_2__segment5.wav,0,1,3,2,2022-06-06 11:27:09,30.68,42.69,Queenright
../archive/sound_files/sound_files/2022-06-09--03-13-33_2__segment4.wav,1,0,3,2,2022-06-09 3:13:33,16.58,56.87,Queenless
../archive/sound_files/sound_files/2022-06-08--00-56-47_2__segment5.wav,0,1,3,2,2022-06-08 0:56:47,19.76,34.89,Queenright
../archive/sound_files/sound_files/2022-06-11--21-40-17_2__segment2.wav,2,1,3,2,2022-06-11 21:40:17,23.85,51.92,Queen_New
../archive/sound_files/sound_files/2022-06-10--00-44-16_2__segment1.wav,2,1,3,2,2022-06-10 0:44:16,21.27,45.4,Queen_New
../archive/sound_files/sound_files/2022-06-11--10-33-55_2__segment3.wav,2,1,3,2,2022-06-11 10:33:55,55.62,10.27,Queen_New
../archive/sound_files/sound_files/2022-06-05--18-40-08_2__segment5.wav,0,1,3,2,2022-06-05 18:40:08,28.14,44.7,Queenright
../archive/sound_files/sound_files/2022-06-12--04-34-37_2__segment2.wav,2,1,3,2,2022-06-12 4:34:37,20.6,58.02,Queen_New
../archive/sound_files/sound_files/2022-06-06--23-16-56_2__segment0.wav,0,1,3,2,2022-06-06 23:16:56,20.68,41.97,Queenright
../archive/sound_files/sound_files/2022-06-10--02-42-41_2__segment0.wav,2,1,3,2,2022-06-10 2:42:41,20.16,48.19,Queen_New
../archive/sound_files/sound_files/2022-06-09--17-03-21_2__segment1.wav,1,0,3,2,2022-06-09 17:03:21,32.88,20.84,Queenless
../archive/sound_files/sound_files/2022-06-10--17-45-44_2__segment0.wav,2,1,3,2,2022-06-10 17:45:44,34.47,29.92,Queen_New
../archive/sound_files/sound_files/2022-06-10--04-41-06_2__segment5.wav,2,1,3,2,2022-06-10 4:41:06,18.88,52.9,Queen_New
../archive/sound_files/sound_files/2022-06-06--17-22-09_2__segment1.wav,0,1,3,2,2022-06-06 17:22:09,27.22,32.43,Queenright
../archive/sound_files/sound_files/2022-06-13--15-45-41_2__segment4.wav,2,1,3,2,2022-06-13 15:45:41,30.43,21.06,Queen_New
../archive/sound_files/sound_files/2022-06-05--22-36-48_2__segment3.wav,0,1,3,2,2022-06-05 22:36:48,23.07,51.73,Queenright
../archive/sound_files/sound_files/2022-06-06--14-24-42_2__segment5.wav,0,1,3,2,2022-06-06 14:24:42,30.08,33.84,Queenright
../archive/sound_files/sound_files/2022-06-06--02-33-38_2__segment5.wav,0,1,3,2,2022-06-06 2:33:38,20.11,51.84,Queenright
../archive/sound_files/sound_files/2022-06-11--22-39-24_2__segment2.wav,2,1,3,2,2022-06-11 22:39:24,22.73,54.89,Queen_New
../archive/sound_files/sound_files/2022-06-13--09-50-10_2__segment2.wav,2,1,3,2,2022-06-13 9:50:10,45.11,21.89,Queen_New
../archive/sound_files/sound_files/2022-06-12--02-36-11_2__segment4.wav,2,1,3,2,2022-06-12 2:36:11,21.15,61.1,Queen_New
../archive/sound_files/sound_files/2022-06-09--16-04-05_2__segment2.wav,1,0,3,2,2022-06-09 16:04:05,33.79,20.7,Queenless
../archive/sound_files/sound_files/2022-06-12--09-31-04_2__segment3.wav,2,1,3,2,2022-06-12 9:31:04,39.37,28.99,Queen_New
../archive/sound_files/sound_files/2022-06-10--15-33-29_2__segment4.wav,2,1,3,2,2022-06-10 15:33:29,37.84,19.68,Queen_New
../archive/sound_files/sound_files/2022-06-10--17-45-44_2__segment3.wav,2,1,3,2,2022-06-10 17:45:44,34.47,29.92,Queen_New
../archive/sound_files/sound_files/2022-06-06--17-22-09_2__segment2.wav,0,1,3,2,2022-06-06 17:22:09,27.22,32.43,Queenright
../archive/sound_files/sound_files/2022-06-07--09-09-47_2__segment0.wav,0,1,3,2,2022-06-07 9:09:47,26.47,47.47,Queenright
../archive/sound_files/sound_files/2022-06-10--06-39-32_2__segment4.wav,2,1,3,2,2022-06-10 6:39:32,19.93,45.21,Queen_New
../archive/sound_files/sound_files/2022-06-12--13-28-02_2__segment2.wav,2,1,3,2,2022-06-12 13:28:02,40.52,26.63,Queen_New
../archive/sound_files/sound_files/2022-06-12--18-02-29_2__segment2.wav,2,1,3,2,2022-06-12 18:02:29,27.73,38.21,Queen_New
../archive/sound_files/sound_files/2022-06-11--06-34-28_2__segment4.wav,2,1,3,2,2022-06-11 6:34:28,19.47,49.37,Queen_New
../archive/sound_files/sound_files/2022-06-12--18-02-29_2__segment0.wav,2,1,3,2,2022-06-12 18:02:29,27.73,38.21,Queen_New
../archive/sound_files/sound_files/2022-06-10--19-43-51_2__segment3.wav,2,1,3,2,2022-06-10 19:43:51,29.14,33.74,Queen_New
../archive/sound_files/sound_files/2022-06-05--17-41-01_2__segment5.wav,0,1,3,2,2022-06-05 17:41:01,29.84,43.53,Queenright
../archive/sound_files/sound_files/2022-06-06--05-31-11_2__segment5.wav,0,1,3,2,2022-06-06 5:31:11,19.49,48.95,Queenright
../archive/sound_files/sound_files/2022-06-07--04-12-58_2__segment0.wav,0,1,3,2,2022-06-07 4:12:58,17.81,42.62,Queenright
../archive/sound_files/sound_files/2022-06-07--21-00-02_2__segment0.wav,0,1,3,2,2022-06-07 21:00:02,22.01,33.27,Queenright
../archive/sound_files/sound_files/2022-06-06--17-22-09_2__segment0.wav,0,1,3,2,2022-06-06 17:22:09,27.22,32.43,Queenright
../archive/sound_files/sound_files/2022-06-11--16-44-58_2__segment5.wav,2,1,3,2,2022-06-11 16:44:58,33.51,33.58,Queen_New
../archive/sound_files/sound_files/2022-06-11--16-44-58_2__segment4.wav,2,1,3,2,2022-06-11 16:44:58,33.51,33.58,Queen_New
../archive/sound_files/sound_files/2022-06-10--08-38-22_2__segment2.wav,2,1,3,2,2022-06-10 8:38:22,40.89,26.57,Queen_New
../archive/sound_files/sound_files/2022-06-12--02-36-11_2__segment1.wav,2,1,3,2,2022-06-12 2:36:11,21.15,61.1,Queen_New
../archive/sound_files/sound_files/2022-06-11--00-39-26_2__segment4.wav,2,1,3,2,2022-06-11 0:39:26,21.73,54.6,Queen_New
../archive/sound_files/sound_files/2022-06-10--22-41-10_2__segment2.wav,2,1,3,2,2022-06-10 22:41:10,24.14,43.81,Queen_New
../archive/sound_files/sound_files/2022-06-07--17-03-33_2__segment0.wav,0,1,3,2,2022-06-07 17:03:33,27.21,34.45,Queenright
../archive/sound_files/sound_files/2022-06-13--09-50-10_2__segment0.wav,2,1,3,2,2022-06-13 9:50:10,45.11,21.89,Queen_New
../archive/sound_files/sound_files/2022-06-07--02-14-33_2__segment0.wav,0,1,3,2,2022-06-07 2:14:33,18.73,42.65,Queenright
../archive/sound_files/sound_files/2022-06-11--14-29-57_2__segment1.wav,2,1,3,2,2022-06-11 14:29:57,39.97,19.61,Queen_New
../archive/sound_files/sound_files/2022-06-10--09-37-48_2__segment1.wav,2,1,3,2,2022-06-10 9:37:48,48.48,16.92,Queen_New
../archive/sound_files/sound_files/2022-06-13--16-45-02_2__segment5.wav,2,1,3,2,2022-06-13 16:45:02,28.0,21.39,Queen_New
../archive/sound_files/sound_files/2022-06-12--09-31-04_2__segment0.wav,2,1,3,2,2022-06-12 9:31:04,39.37,28.99,Queen_New
../archive/sound_files/sound_files/2022-06-06--13-25-30_2__segment5.wav,0,1,3,2,2022-06-06 13:25:30,31.81,36.33,Queenright
../archive/sound_files/sound_files/2022-06-08--14-52-43_2__segment3.wav,1,0,3,2,2022-06-08 14:52:43,32.09,37.1,Queenless
../archive/sound_files/sound_files/2022-06-11--11-33-12_2__segment2.wav,2,1,3,2,2022-06-11 11:33:12,54.09,7.9,Queen_New
../archive/sound_files/sound_files/2022-06-07--16-04-24_2__segment1.wav,0,1,3,2,2022-06-07 16:04:24,28.32,33.41,Queenright
../archive/sound_files/sound_files/2022-06-07--10-09-14_2__segment1.wav,0,1,3,2,2022-06-07 10:09:14,30.08,45.6,Queenright
../archive/sound_files/sound_files/2022-06-09--14-05-39_2__segment4.wav,1,0,3,2,2022-06-09 14:05:39,43.17,11.51,Queenless
../archive/sound_files/sound_files/2022-06-13--02-55-04_2__segment0.wav,2,1,3,2,2022-06-13 2:55:04,17.24,41.13,Queen_New
../archive/sound_files/sound_files/2022-06-08--15-51-41_2__segment0.wav,1,0,3,2,2022-06-08 15:51:41,33.64,32.71,Queenless
../archive/sound_files/sound_files/2022-06-07--04-12-58_2__segment5.wav,0,1,3,2,2022-06-07 4:12:58,17.81,42.62,Queenright
../archive/sound_files/sound_files/2022-06-07--11-08-36_2__segment3.wav,0,1,3,2,2022-06-07 11:08:36,32.13,41.06,Queenright
../archive/sound_files/sound_files/2022-06-12--14-27-11_2__segment2.wav,2,1,3,2,2022-06-12 14:27:11,41.1,25.31,Queen_New
../archive/sound_files/sound_files/2022-06-06--01-34-26_2__segment3.wav,0,1,3,2,2022-06-06 1:34:26,21.33,52.34,Queenright
../archive/sound_files/sound_files/2022-06-08--07-51-48_2__segment0.wav,0,1,3,2,2022-06-08 7:51:48,23.21,39.48,Queenright
../archive/sound_files/sound_files/2022-06-09--09-09-12_2__segment1.wav,1,0,3,2,2022-06-09 9:09:12,37.11,36.74,Queenless
../archive/sound_files/sound_files/2022-06-10--04-41-06_2__segment3.wav,2,1,3,2,2022-06-10 4:41:06,18.88,52.9,Queen_New
../archive/sound_files/sound_files/2022-06-07--21-00-02_2__segment2.wav,0,1,3,2,2022-06-07 21:00:02,22.01,33.27,Queenright
../archive/sound_files/sound_files/2022-06-10--14-34-20_2__segment0.wav,2,1,3,2,2022-06-10 14:34:20,41.36,13.25,Queen_New
../archive/sound_files/sound_files/2022-06-05--19-39-14_2__segment0.wav,0,1,3,2,2022-06-05 19:39:14,26.52,46.6,Queenright
../archive/sound_files/sound_files/2022-06-07--22-58-20_2__segment1.wav,0,1,3,2,2022-06-07 22:58:20,19.57,35.4,Queenright
../archive/sound_files/sound_files/2022-06-06--21-18-35_2__segment4.wav,0,1,3,2,2022-06-06 21:18:35,22.26,39.23,Queenright
../archive/sound_files/sound_files/2022-06-10--19-43-51_2__segment4.wav,2,1,3,2,2022-06-10 19:43:51,29.14,33.74,Queen_New
../archive/sound_files/sound_files/2022-06-07--14-06-09_2__segment1.wav,0,1,3,2,2022-06-07 14:06:09,31.46,34.07,Queenright
../archive/sound_files/sound_files/2022-06-12--13-28-02_2__segment1.wav,2,1,3,2,2022-06-12 13:28:02,40.52,26.63,Queen_New
../archive/sound_files/sound_files/2022-06-07--11-08-36_2__segment1.wav,0,1,3,2,2022-06-07 11:08:36,32.13,41.06,Queenright
../archive/sound_files/sound_files/2022-06-12--11-29-44_2__segment3.wav,2,1,3,2,2022-06-12 11:29:44,41.62,22.73,Queen_New
../archive/sound_files/sound_files/2022-06-13--04-53-24_2__segment0.wav,2,1,3,2,2022-06-13 4:53:24,16.65,42.53,Queen_New
../archive/sound_files/sound_files/2022-06-08--08-51-21_2__segment3.wav,0,1,3,2,2022-06-08 8:51:21,27.54,40.03,Queenright
../archive/sound_files/sound_files/2022-06-10--07-39-02_2__segment5.wav,2,1,3,2,2022-06-10 7:39:02,28.35,45.59,Queen_New
../archive/sound_files/sound_files/2022-06-08--05-52-54_2__segment0.wav,0,1,3,2,2022-06-08 5:52:54,18.73,38.15,Queenright
../archive/sound_files/sound_files/2022-06-05--22-36-48_2__segment2.wav,0,1,3,2,2022-06-05 22:36:48,23.07,51.73,Queenright
../archive/sound_files/sound_files/2022-06-10--07-39-02_2__segment3.wav,2,1,3,2,2022-06-10 7:39:02,28.35,45.59,Queen_New
../archive/sound_files/sound_files/2022-06-11--16-44-58_2__segment2.wav,2,1,3,2,2022-06-11 16:44:58,33.51,33.58,Queen_New
../archive/sound_files/sound_files/2022-06-07--10-09-14_2__segment3.wav,0,1,3,2,2022-06-07 10:09:14,30.08,45.6,Queenright
../archive/sound_files/sound_files/2022-06-07--17-03-33_2__segment3.wav,0,1,3,2,2022-06-07 17:03:33,27.21,34.45,Queenright
../archive/sound_files/sound_files/2022-06-13--07-51-24_2__segment2.wav,2,1,3,2,2022-06-13 7:51:24,28.26,44.65,Queen_New
../archive/sound_files/sound_files/2022-06-06--12-26-27_2__segment4.wav,0,1,3,2,2022-06-06 12:26:27,32.03,40.32,Queenright
../archive/sound_files/sound_files/2022-06-11--11-33-12_2__segment3.wav,2,1,3,2,2022-06-11 11:33:12,54.09,7.9,Queen_New
../archive/sound_files/sound_files/2022-06-11--04-36-04_2__segment0.wav,2,1,3,2,2022-06-11 4:36:04,18.91,52.63,Queen_New
../archive/sound_files/sound_files/2022-06-09--08-09-48_2__segment4.wav,1,0,3,2,2022-06-09 8:09:48,29.99,45.8,Queenless
../archive/sound_files/sound_files/2022-06-06--18-21-16_2__segment2.wav,0,1,3,2,2022-06-06 18:21:16,26.84,33.69,Queenright
../archive/sound_files/sound_files/2022-06-13--14-46-29_2__segment0.wav,2,1,3,2,2022-06-13 14:46:29,33.34,18.27,Queen_New
../archive/sound_files/sound_files/2022-06-12--04-34-37_2__segment0.wav,2,1,3,2,2022-06-12 4:34:37,20.6,58.02,Queen_New
../archive/sound_files/sound_files/2022-06-09--06-11-10_2__segment4.wav,1,0,3,2,2022-06-09 6:11:10,16.94,52.1,Queenless
../archive/sound_files/sound_files/2022-06-09--08-09-48_2__segment2.wav,1,0,3,2,2022-06-09 8:09:48,29.99,45.8,Queenless
../archive/sound_files/sound_files/2022-06-12--01-37-00_2__segment3.wav,2,1,3,2,2022-06-12 1:37:00,22.01,57.6,Queen_New
../archive/sound_files/sound_files/2022-06-13--12-48-18_2__segment0.wav,2,1,3,2,2022-06-13 12:48:18,47.41,9.88,Queen_New
../archive/sound_files/sound_files/2022-06-11--11-33-12_2__segment0.wav,2,1,3,2,2022-06-11 11:33:12,54.09,7.9,Queen_New
../archive/sound_files/sound_files/2022-06-06--22-17-46_2__segment1.wav,0,1,3,2,2022-06-06 22:17:46,22.07,38.44,Queenright
../archive/sound_files/sound_files/2022-06-09--15-04-51_2__segment4.wav,1,0,3,2,2022-06-09 15:04:51,35.28,20.01,Queenless
../archive/sound_files/sound_files/2022-06-08--22-17-37_2__segment3.wav,1,0,3,2,2022-06-08 22:17:37,20.07,44.8,Queenless
../archive/sound_files/sound_files/2022-06-07--12-07-57_2__segment0.wav,0,1,3,2,2022-06-07 12:07:57,33.16,37.31,Queenright
../archive/sound_files/sound_files/2022-06-07--01-15-21_2__segment3.wav,0,1,3,2,2022-06-07 1:15:21,19.43,41.75,Queenright
../archive/sound_files/sound_files/2022-06-08--02-55-11_2__segment4.wav,0,1,3,2,2022-06-08 2:55:11,18.71,37.25,Queenright
../archive/sound_files/sound_files/2022-06-12--14-27-11_2__segment3.wav,2,1,3,2,2022-06-12 14:27:11,41.1,25.31,Queen_New
../archive/sound_files/sound_files/2022-06-12--21-59-01_2__segment3.wav,2,1,3,2,2022-06-12 21:59:01,20.35,38.89,Queen_New
../archive/sound_files/sound_files/2022-06-10--23-40-18_2__segment0.wav,2,1,3,2,2022-06-10 23:40:18,22.86,49.8,Queen_New
../archive/sound_files/sound_files/2022-06-06--16-22-57_2__segment4.wav,0,1,3,2,2022-06-06 16:22:57,28.07,33.75,Queenright
../archive/sound_files/sound_files/2022-06-07--08-10-22_2__segment5.wav,0,1,3,2,2022-06-07 8:10:22,23.2,45.39,Queenright
../archive/sound_files/sound_files/2022-06-09--18-49-20_2__segment5.wav,2,1,3,2,2022-06-09 18:49:20,35.93,20.73,Queen_New
../archive/sound_files/sound_files/2022-06-11--16-44-58_2__segment3.wav,2,1,3,2,2022-06-11 16:44:58,33.51,33.58,Queen_New
../archive/sound_files/sound_files/2022-06-07--16-04-24_2__segment3.wav,0,1,3,2,2022-06-07 16:04:24,28.32,33.41,Queenright
../archive/sound_files/sound_files/2022-06-07--03-13-45_2__segment2.wav,0,1,3,2,2022-06-07 3:13:45,18.29,42.46,Queenright
../archive/sound_files/sound_files/2022-06-12--04-34-37_2__segment1.wav,2,1,3,2,2022-06-12 4:34:37,20.6,58.02,Queen_New
../archive/sound_files/sound_files/2022-06-08--03-54-28_2__segment0.wav,0,1,3,2,2022-06-08 3:54:28,18.92,39.05,Queenright
../archive/sound_files/sound_files/2022-06-06--11-27-09_2__segment0.wav,0,1,3,2,2022-06-06 11:27:09,30.68,42.69,Queenright
../archive/sound_files/sound_files/2022-06-10--14-34-20_2__segment3.wav,2,1,3,2,2022-06-10 14:34:20,41.36,13.25,Queen_New
../archive/sound_files/sound_files/2022-06-09--04-12-46_2__segment2.wav,1,0,3,2,2022-06-09 4:12:46,15.9,59.0,Queenless
../archive/sound_files/sound_files/2022-06-09--11-07-46_2__segment2.wav,1,0,3,2,2022-06-09 11:07:46,50.28,16.65,Queenless
../archive/sound_files/sound_files/2022-06-13--06-51-50_2__segment2.wav,2,1,3,2,2022-06-13 6:51:50,18.13,44.52,Queen_New
../archive/sound_files/sound_files/2022-06-07--14-06-09_2__segment5.wav,0,1,3,2,2022-06-07 14:06:09,31.46,34.07,Queenright
../archive/sound_files/sound_files/2022-06-08--04-53-41_2__segment5.wav,0,1,3,2,2022-06-08 4:53:41,18.77,37.37,Queenright
../archive/sound_files/sound_files/2022-06-13--00-56-42_2__segment5.wav,2,1,3,2,2022-06-13 0:56:42,18.43,38.09,Queen_New
../archive/sound_files/sound_files/2022-06-11--07-34-47_2__segment3.wav,2,1,3,2,2022-06-11 7:34:47,26.9,48.8,Queen_New
../archive/sound_files/sound_files/2022-06-10--04-41-06_2__segment2.wav,2,1,3,2,2022-06-10 4:41:06,18.88,52.9,Queen_New
../archive/sound_files/sound_files/2022-06-08--06-52-11_2__segment1.wav,0,1,3,2,2022-06-08 6:52:11,19.14,39.1,Queenright
../archive/sound_files/sound_files/2022-06-09--19-48-31_2__segment3.wav,2,1,3,2,2022-06-09 19:48:31,28.52,27.96,Queen_New
../archive/sound_files/sound_files/2022-06-11--05-35-14_2__segment5.wav,2,1,3,2,2022-06-11 5:35:14,18.64,50.79,Queen_New
../archive/sound_files/sound_files/2022-06-08--23-16-48_2__segment5.wav,1,0,3,2,2022-06-08 23:16:48,19.15,47.73,Queenless
../archive/sound_files/sound_files/2022-06-07--06-11-25_2__segment0.wav,0,1,3,2,2022-06-07 6:11:25,18.65,46.35,Queenright
../archive/sound_files/sound_files/2022-06-13--04-53-24_2__segment3.wav,2,1,3,2,2022-06-13 4:53:24,16.65,42.53,Queen_New
../archive/sound_files/sound_files/2022-06-09--23-45-06_2__segment2.wav,2,1,3,2,2022-06-09 23:45:06,22.03,41.05,Queen_New
../archive/sound_files/sound_files/2022-06-12--14-27-11_2__segment5.wav,2,1,3,2,2022-06-12 14:27:11,41.1,25.31,Queen_New
../archive/sound_files/sound_files/2022-06-13--13-47-23_2__segment5.wav,2,1,3,2,2022-06-13 13:47:23,41.9,12.83,Queen_New
../archive/sound_files/sound_files/2022-06-06--20-19-29_2__segment0.wav,0,1,3,2,2022-06-06 20:19:29,22.91,39.32,Queenright
../archive/sound_files/sound_files/2022-06-06--08-29-16_2__segment2.wav,0,1,3,2,2022-06-06 8:29:16,24.62,49.4,Queenright
../archive/sound_files/sound_files/2022-06-11--16-44-58_2__segment0.wav,2,1,3,2,2022-06-11 16:44:58,33.51,33.58,Queen_New
../archive/sound_files/sound_files/2022-06-07--13-07-01_2__segment1.wav,0,1,3,2,2022-06-07 13:07:01,32.67,35.86,Queenright
../archive/sound_files/sound_files/2022-06-08--09-50-41_2__segment2.wav,0,1,3,2,2022-06-08 9:50:41,29.78,38.38,Queenright
../archive/sound_files/sound_files/2022-06-07--21-59-10_2__segment3.wav,0,1,3,2,2022-06-07 21:59:10,20.73,34.23,Queenright
../archive/sound_files/sound_files/2022-06-09--01-15-07_2__segment4.wav,1,0,3,2,2022-06-09 1:15:07,19.25,52.87,Queenless
../archive/sound_files/sound_files/2022-06-13--12-48-18_2__segment5.wav,2,1,3,2,2022-06-13 12:48:18,47.41,9.88,Queen_New
../archive/sound_files/sound_files/2022-06-09--09-09-12_2__segment4.wav,1,0,3,2,2022-06-09 9:09:12,37.11,36.74,Queenless
../archive/sound_files/sound_files/2022-06-06--15-23-51_2__segment3.wav,0,1,3,2,2022-06-06 15:23:51,28.82,33.46,Queenright
../archive/sound_files/sound_files/2022-06-10--17-45-44_2__segment4.wav,2,1,3,2,2022-06-10 17:45:44,34.47,29.92,Queen_New
../archive/sound_files/sound_files/2022-06-07--20-00-55_2__segment5.wav,0,1,3,2,2022-06-07 20:00:55,22.81,33.93,Queenright
../archive/sound_files/sound_files/2022-06-11--01-38-34_2__segment1.wav,2,1,3,2,2022-06-11 1:38:34,20.7,53.99,Queen_New
../archive/sound_files/sound_files/2022-06-11--20-41-11_2__segment5.wav,2,1,3,2,2022-06-11 20:41:11,25.55,49.6,Queen_New
../archive/sound_files/sound_files/2022-06-07--09-09-47_2__segment2.wav,0,1,3,2,2022-06-07 9:09:47,26.47,47.47,Queenright
../archive/sound_files/sound_files/2022-06-08--21-18-28_2__segment0.wav,1,0,3,2,2022-06-08 21:18:28,21.13,46.68,Queenless
../archive/sound_files/sound_files/2022-06-08--00-56-47_2__segment1.wav,0,1,3,2,2022-06-08 0:56:47,19.76,34.89,Queenright
../archive/sound_files/sound_files/2022-06-06--05-31-11_2__segment0.wav,0,1,3,2,2022-06-06 5:31:11,19.49,48.95,Queenright
../archive/sound_files/sound_files/2022-06-06--14-24-42_2__segment3.wav,0,1,3,2,2022-06-06 14:24:42,30.08,33.84,Queenright
../archive/sound_files/sound_files/2022-06-13--10-49-36_2__segment4.wav,2,1,3,2,2022-06-13 10:49:36,49.96,13.64,Queen_New
../archive/sound_files/sound_files/2022-06-12--01-37-00_2__segment5.wav,2,1,3,2,2022-06-12 1:37:00,22.01,57.6,Queen_New
../archive/sound_files/sound_files/2022-06-10--06-39-32_2__segment2.wav,2,1,3,2,2022-06-10 6:39:32,19.93,45.21,Queen_New
../archive/sound_files/sound_files/2022-06-13--01-55-53_2__segment3.wav,2,1,3,2,2022-06-13 1:55:53,17.72,42.44,Queen_New
../archive/sound_files/sound_files/2022-06-06--08-29-16_2__segment4.wav,0,1,3,2,2022-06-06 8:29:16,24.62,49.4,Queenright
../archive/sound_files/sound_files/2022-06-10--18-44-45_2__segment0.wav,2,1,3,2,2022-06-10 18:44:45,30.91,34.46,Queen_New
../archive/sound_files/sound_files/2022-06-09--11-07-46_2__segment4.wav,1,0,3,2,2022-06-09 11:07:46,50.28,16.65,Queenless
../archive/sound_files/sound_files/2022-06-06--02-33-38_2__segment2.wav,0,1,3,2,2022-06-06 2:33:38,20.11,51.84,Queenright
../archive/sound_files/sound_files/2022-06-11--07-34-47_2__segment1.wav,2,1,3,2,2022-06-11 7:34:47,26.9,48.8,Queen_New
../archive/sound_files/sound_files/2022-06-09--07-10-29_2__segment1.wav,1,0,3,2,2022-06-09 7:10:29,21.38,52.66,Queenless
../archive/sound_files/sound_files/2022-06-12--21-59-01_2__segment5.wav,2,1,3,2,2022-06-12 21:59:01,20.35,38.89,Queen_New
../archive/sound_files/sound_files/2022-06-12--01-37-00_2__segment4.wav,2,1,3,2,2022-06-12 1:37:00,22.01,57.6,Queen_New
../archive/sound_files/sound_files/2022-06-09--04-12-46_2__segment3.wav,1,0,3,2,2022-06-09 4:12:46,15.9,59.0,Queenless
../archive/sound_files/sound_files/2022-06-10--12-36-00_2__segment2.wav,2,1,3,2,2022-06-10 12:36:00,51.96,10.38,Queen_New
../archive/sound_files/sound_files/2022-06-13--04-53-24_2__segment4.wav,2,1,3,2,2022-06-13 4:53:24,16.65,42.53,Queen_New
../archive/sound_files/sound_files/2022-06-11--13-30-47_2__segment1.wav,2,1,3,2,2022-06-11 13:30:47,47.36,12.57,Queen_New
../archive/sound_files/sound_files/2022-06-06--20-19-29_2__segment2.wav,0,1,3,2,2022-06-06 20:19:29,22.91,39.32,Queenright
../archive/sound_files/sound_files/2022-06-10--05-40-19_2__segment0.wav,2,1,3,2,2022-06-10 5:40:19,18.67,45.91,Queen_New
../archive/sound_files/sound_files/2022-06-12--19-01-33_2__segment1.wav,2,1,3,2,2022-06-12 19:01:33,25.94,40.62,Queen_New
../archive/sound_files/sound_files/2022-06-08--19-20-13_2__segment2.wav,1,0,3,2,2022-06-08 19:20:13,25.74,40.11,Queenless
../archive/sound_files/sound_files/2022-06-06--21-18-35_2__segment2.wav,0,1,3,2,2022-06-06 21:18:35,22.26,39.23,Queenright
../archive/sound_files/sound_files/2022-06-07--04-12-58_2__segment3.wav,0,1,3,2,2022-06-07 4:12:58,17.81,42.62,Queenright
../archive/sound_files/sound_files/2022-06-12--19-01-33_2__segment3.wav,2,1,3,2,2022-06-12 19:01:33,25.94,40.62,Queen_New
../archive/sound_files/sound_files/2022-06-09--10-08-31_2__segment3.wav,1,0,3,2,2022-06-09 10:08:31,41.55,23.97,Queenless
../archive/sound_files/sound_files/2022-06-08--14-52-43_2__segment0.wav,1,0,3,2,2022-06-08 14:52:43,32.09,37.1,Queenless
../archive/sound_files/sound_files/2022-06-13--07-51-24_2__segment4.wav,2,1,3,2,2022-06-13 7:51:24,28.26,44.65,Queen_New
../archive/sound_files/sound_files/2022-06-05--19-39-14_2__segment2.wav,0,1,3,2,2022-06-05 19:39:14,26.52,46.6,Queenright
../archive/sound_files/sound_files/2022-06-13--10-49-36_2__segment0.wav,2,1,3,2,2022-06-13 10:49:36,49.96,13.64,Queen_New
../archive/sound_files/sound_files/2022-06-09--20-47-36_2__segment4.wav,2,1,3,2,2022-06-09 20:47:36,26.05,31.58,Queen_New
../archive/sound_files/sound_files/2022-06-05--20-38-25_2__segment4.wav,0,1,3,2,2022-06-05 20:38:25,25.42,47.82,Queenright
../archive/sound_files/sound_files/2022-06-06--19-20-21_2__segment3.wav,0,1,3,2,2022-06-06 19:20:21,24.73,36.9,Queenright
../archive/sound_files/sound_files/2022-06-12--23-57-28_2__segment4.wav,2,1,3,2,2022-06-12 23:57:28,19.6,54.38,Queen_New
../archive/sound_files/sound_files/2022-06-13--05-52-38_2__segment0.wav,2,1,3,2,2022-06-13 5:52:38,16.66,49.9,Queen_New
../archive/sound_files/sound_files/2022-06-05--22-36-48_2__segment5.wav,0,1,3,2,2022-06-05 22:36:48,23.07,51.73,Queenright
../archive/sound_files/sound_files/2022-06-08--09-50-41_2__segment1.wav,0,1,3,2,2022-06-08 9:50:41,29.78,38.38,Queenright
../archive/sound_files/sound_files/2022-06-12--08-31-53_2__segment0.wav,2,1,3,2,2022-06-12 8:31:53,38.44,33.87,Queen_New
../archive/sound_files/sound_files/2022-06-08--04-53-41_2__segment0.wav,0,1,3,2,2022-06-08 4:53:41,18.77,37.37,Queenright
../archive/sound_files/sound_files/2022-06-12--14-27-11_2__segment1.wav,2,1,3,2,2022-06-12 14:27:11,41.1,25.31,Queen_New
../archive/sound_files/sound_files/2022-06-10--00-44-16_2__segment4.wav,2,1,3,2,2022-06-10 0:44:16,21.27,45.4,Queen_New
../archive/sound_files/sound_files/2022-06-06--18-21-16_2__segment5.wav,0,1,3,2,2022-06-06 18:21:16,26.84,33.69,Queenright
../archive/sound_files/sound_files/2022-06-13--08-50-45_2__segment1.wav,2,1,3,2,2022-06-13 8:50:45,38.05,30.18,Queen_New
../archive/sound_files/sound_files/2022-06-07--10-09-14_2__segment2.wav,0,1,3,2,2022-06-07 10:09:14,30.08,45.6,Queenright
../archive/sound_files/sound_files/2022-06-08--17-22-00_2__segment2.wav,1,0,3,2,2022-06-08 17:22:00,30.45,35.13,Queenless
../archive/sound_files/sound_files/2022-06-10--23-40-18_2__segment5.wav,2,1,3,2,2022-06-10 23:40:18,22.86,49.8,Queen_New
../archive/sound_files/sound_files/2022-06-09--04-12-46_2__segment5.wav,1,0,3,2,2022-06-09 4:12:46,15.9,59.0,Queenless
../archive/sound_files/sound_files/2022-06-12--06-33-03_2__segment2.wav,2,1,3,2,2022-06-12 6:33:03,21.3,57.32,Queen_New
../archive/sound_files/sound_files/2022-06-09--19-48-31_2__segment4.wav,2,1,3,2,2022-06-09 19:48:31,28.52,27.96,Queen_New
../archive/sound_files/sound_files/2022-06-06--06-30-21_2__segment4.wav,0,1,3,2,2022-06-06 6:30:21,19.19,48.11,Queenright
../archive/sound_files/sound_files/2022-06-06--05-31-11_2__segment4.wav,0,1,3,2,2022-06-06 5:31:11,19.49,48.95,Queenright
../archive/sound_files/sound_files/2022-06-06--02-33-38_2__segment1.wav,0,1,3,2,2022-06-06 2:33:38,20.11,51.84,Queenright
../archive/sound_files/sound_files/2022-06-11--02-37-45_2__segment4.wav,2,1,3,2,2022-06-11 2:37:45,19.69,51.26,Queen_New
../archive/sound_files/sound_files/2022-06-07--08-10-22_2__segment2.wav,0,1,3,2,2022-06-07 8:10:22,23.2,45.39,Queenright
../archive/sound_files/sound_files/2022-06-08--14-52-43_2__segment1.wav,1,0,3,2,2022-06-08 14:52:43,32.09,37.1,Queenless
../archive/sound_files/sound_files/2022-06-09--14-05-39_2__segment2.wav,1,0,3,2,2022-06-09 14:05:39,43.17,11.51,Queenless
../archive/sound_files/sound_files/2022-06-08--23-16-48_2__segment2.wav,1,0,3,2,2022-06-08 23:16:48,19.15,47.73,Queenless
../archive/sound_files/sound_files/2022-06-11--18-43-10_2__segment3.wav,2,1,3,2,2022-06-11 18:43:10,30.57,38.54,Queen_New
../archive/sound_files/sound_files/2022-06-12--20-59-54_2__segment2.wav,2,1,3,2,2022-06-12 20:59:54,21.61,38.53,Queen_New
../archive/sound_files/sound_files/2022-06-10--01-43-29_2__segment3.wav,2,1,3,2,2022-06-10 1:43:29,20.54,45.69,Queen_New
../archive/sound_files/sound_files/2022-06-11--21-40-17_2__segment0.wav,2,1,3,2,2022-06-11 21:40:17,23.85,51.92,Queen_New
../archive/sound_files/sound_files/2022-06-09--06-11-10_2__segment0.wav,1,0,3,2,2022-06-09 6:11:10,16.94,52.1,Queenless
../archive/sound_files/sound_files/2022-06-07--07-10-46_2__segment0.wav,0,1,3,2,2022-06-07 7:10:46,19.81,50.87,Queenright
../archive/sound_files/sound_files/2022-06-06--05-31-11_2__segment1.wav,0,1,3,2,2022-06-06 5:31:11,19.49,48.95,Queenright
../archive/sound_files/sound_files/2022-06-13--00-56-42_2__segment0.wav,2,1,3,2,2022-06-13 0:56:42,18.43,38.09,Queen_New
../archive/sound_files/sound_files/2022-06-10--05-40-19_2__segment5.wav,2,1,3,2,2022-06-10 5:40:19,18.67,45.91,Queen_New
../archive/sound_files/sound_files/2022-06-10--12-36-00_2__segment3.wav,2,1,3,2,2022-06-10 12:36:00,51.96,10.38,Queen_New
../archive/sound_files/sound_files/2022-06-08--18-21-07_2__segment5.wav,1,0,3,2,2022-06-08 18:21:07,27.72,37.52,Queenless
../archive/sound_files/sound_files/2022-06-08--20-19-23_2__segment2.wav,1,0,3,2,2022-06-08 20:19:23,23.82,44.76,Queenless
../archive/sound_files/sound_files/2022-06-11--10-33-55_2__segment0.wav,2,1,3,2,2022-06-11 10:33:55,55.62,10.27,Queen_New
../archive/sound_files/sound_files/2022-06-12--05-33-50_2__segment2.wav,2,1,3,2,2022-06-12 5:33:50,20.38,60.48,Queen_New
../archive/sound_files/sound_files/2022-06-06--04-32-02_2__segment3.wav,0,1,3,2,2022-06-06 4:32:02,19.9,49.61,Queenright
../archive/sound_files/sound_files/2022-06-07--19-01-46_2__segment4.wav,0,1,3,2,2022-06-07 19:01:46,24.31,34.76,Queenright
../archive/sound_files/sound_files/2022-06-10--16-32-41_2__segment4.wav,2,1,3,2,2022-06-10 16:32:41,36.18,24.95,Queen_New
../archive/sound_files/sound_files/2022-06-12--02-36-11_2__segment0.wav,2,1,3,2,2022-06-12 2:36:11,21.15,61.1,Queen_New
../archive/sound_files/sound_files/2022-06-12--20-00-44_2__segment3.wav,2,1,3,2,2022-06-12 20:00:44,24.24,38.54,Queen_New
../archive/sound_files/sound_files/2022-06-07--16-04-24_2__segment5.wav,0,1,3,2,2022-06-07 16:04:24,28.32,33.41,Queenright
../archive/sound_files/sound_files/2022-06-12--22-58-10_2__segment1.wav,2,1,3,2,2022-06-12 22:58:10,20.0,41.63,Queen_New
../archive/sound_files/sound_files/2022-06-13--15-45-41_2__segment2.wav,2,1,3,2,2022-06-13 15:45:41,30.43,21.06,Queen_New
../archive/sound_files/sound_files/2022-06-12--16-25-11_2__segment0.wav,2,1,3,2,2022-06-12 16:25:11,31.28,36.12,Queen_New
../archive/sound_files/sound_files/2022-06-11--14-29-57_2__segment2.wav,2,1,3,2,2022-06-11 14:29:57,39.97,19.61,Queen_New
../archive/sound_files/sound_files/2022-06-10--02-42-41_2__segment2.wav,2,1,3,2,2022-06-10 2:42:41,20.16,48.19,Queen_New
../archive/sound_files/sound_files/2022-06-06--20-19-29_2__segment3.wav,0,1,3,2,2022-06-06 20:19:29,22.91,39.32,Queenright
../archive/sound_files/sound_files/2022-06-09--17-03-21_2__segment2.wav,1,0,3,2,2022-06-09 17:03:21,32.88,20.84,Queenless
../archive/sound_files/sound_files/2022-06-06--07-29-46_2__segment2.wav,0,1,3,2,2022-06-06 7:29:46,21.31,48.81,Queenright
../archive/sound_files/sound_files/2022-06-07--05-12-08_2__segment4.wav,0,1,3,2,2022-06-07 5:12:08,18.15,45.43,Queenright
../archive/sound_files/sound_files/2022-06-08--08-51-21_2__segment4.wav,0,1,3,2,2022-06-08 8:51:21,27.54,40.03,Queenright
../archive/sound_files/sound_files/2022-06-13--08-50-45_2__segment0.wav,2,1,3,2,2022-06-13 8:50:45,38.05,30.18,Queen_New
../archive/sound_files/sound_files/2022-06-13--12-48-18_2__segment4.wav,2,1,3,2,2022-06-13 12:48:18,47.41,9.88,Queen_New
../archive/sound_files/sound_files/2022-06-11--06-34-28_2__segment5.wav,2,1,3,2,2022-06-11 6:34:28,19.47,49.37,Queen_New
../archive/sound_files/sound_files/2022-06-10--04-41-06_2__segment4.wav,2,1,3,2,2022-06-10 4:41:06,18.88,52.9,Queen_New
../archive/sound_files/sound_files/2022-06-13--10-49-36_2__segment1.wav,2,1,3,2,2022-06-13 10:49:36,49.96,13.64,Queen_New
../archive/sound_files/sound_files/2022-06-10--15-33-29_2__segment0.wav,2,1,3,2,2022-06-10 15:33:29,37.84,19.68,Queen_New
../archive/sound_files/sound_files/2022-06-09--18-49-20_2__segment4.wav,2,1,3,2,2022-06-09 18:49:20,35.93,20.73,Queen_New
../archive/sound_files/sound_files/2022-06-08--22-17-37_2__segment5.wav,1,0,3,2,2022-06-08 22:17:37,20.07,44.8,Queenless
../archive/sound_files/sound_files/2022-06-07--23-57-34_2__segment2.wav,0,1,3,2,2022-06-07 23:57:34,19.94,34.24,Queenright
../archive/sound_files/sound_files/2022-06-11--00-39-26_2__segment0.wav,2,1,3,2,2022-06-11 0:39:26,21.73,54.6,Queen_New
../archive/sound_files/sound_files/2022-06-11--20-41-11_2__segment3.wav,2,1,3,2,2022-06-11 20:41:11,25.55,49.6,Queen_New
../archive/sound_files/sound_files/2022-06-11--09-34-20_2__segment5.wav,2,1,3,2,2022-06-11 9:34:20,48.9,20.9,Queen_New
../archive/sound_files/sound_files/2022-06-10--11-36-39_2__segment1.wav,2,1,3,2,2022-06-10 11:36:39,51.73,10.41,Queen_New
../archive/sound_files/sound_files/2022-06-12--01-37-00_2__segment1.wav,2,1,3,2,2022-06-12 1:37:00,22.01,57.6,Queen_New
../archive/sound_files/sound_files/2022-06-12--10-30-28_2__segment4.wav,2,1,3,2,2022-06-12 10:30:28,49.19,18.15,Queen_New
../archive/sound_files/sound_files/2022-06-07--17-03-33_2__segment2.wav,0,1,3,2,2022-06-07 17:03:33,27.21,34.45,Queenright
../archive/sound_files/sound_files/2022-06-10--01-43-29_2__segment5.wav,2,1,3,2,2022-06-10 1:43:29,20.54,45.69,Queen_New
../archive/sound_files/sound_files/2022-06-09--11-07-46_2__segment5.wav,1,0,3,2,2022-06-09 11:07:46,50.28,16.65,Queenless
../archive/sound_files/sound_files/2022-06-12--07-32-30_2__segment5.wav,2,1,3,2,2022-06-12 7:32:30,26.82,55.46,Queen_New
../archive/sound_files/sound_files/2022-06-10--22-41-10_2__segment0.wav,2,1,3,2,2022-06-10 22:41:10,24.14,43.81,Queen_New
../archive/sound_files/sound_files/2022-06-06--06-30-21_2__segment0.wav,0,1,3,2,2022-06-06 6:30:21,19.19,48.11,Queenright
../archive/sound_files/sound_files/2022-06-12--20-59-54_2__segment3.wav,2,1,3,2,2022-06-12 20:59:54,21.61,38.53,Queen_New
../archive/sound_files/sound_files/2022-06-12--09-31-04_2__segment1.wav,2,1,3,2,2022-06-12 9:31:04,39.37,28.99,Queen_New
../archive/sound_files/sound_files/2022-06-11--09-34-20_2__segment1.wav,2,1,3,2,2022-06-11 9:34:20,48.9,20.9,Queen_New
../archive/sound_files/sound_files/2022-06-07--22-58-20_2__segment5.wav,0,1,3,2,2022-06-07 22:58:20,19.57,35.4,Queenright
../archive/sound_files/sound_files/2022-06-06--12-26-27_2__segment5.wav,0,1,3,2,2022-06-06 12:26:27,32.03,40.32,Queenright
../archive/sound_files/sound_files/2022-06-07--19-01-46_2__segment1.wav,0,1,3,2,2022-06-07 19:01:46,24.31,34.76,Queenright
../archive/sound_files/sound_files/2022-06-07--03-13-45_2__segment0.wav,0,1,3,2,2022-06-07 3:13:45,18.29,42.46,Queenright
../archive/sound_files/sound_files/2022-06-06--18-21-16_2__segment3.wav,0,1,3,2,2022-06-06 18:21:16,26.84,33.69,Queenright
../archive/sound_files/sound_files/2022-06-10--18-44-45_2__segment5.wav,2,1,3,2,2022-06-10 18:44:45,30.91,34.46,Queen_New
../archive/sound_files/sound_files/2022-06-08--02-55-11_2__segment5.wav,0,1,3,2,2022-06-08 2:55:11,18.71,37.25,Queenright
../archive/sound_files/sound_files/2022-06-12--16-25-11_2__segment3.wav,2,1,3,2,2022-06-12 16:25:11,31.28,36.12,Queen_New
../archive/sound_files/sound_files/2022-06-07--20-00-55_2__segment1.wav,0,1,3,2,2022-06-07 20:00:55,22.81,33.93,Queenright
../archive/sound_files/sound_files/2022-06-10--14-34-20_2__segment4.wav,2,1,3,2,2022-06-10 14:34:20,41.36,13.25,Queen_New
../archive/sound_files/sound_files/2022-06-12--11-29-44_2__segment4.wav,2,1,3,2,2022-06-12 11:29:44,41.62,22.73,Queen_New
../archive/sound_files/sound_files/2022-06-13--11-48-58_2__segment5.wav,2,1,3,2,2022-06-13 11:48:58,51.82,11.7,Queen_New
../archive/sound_files/sound_files/2022-06-12--20-00-44_2__segment5.wav,2,1,3,2,2022-06-12 20:00:44,24.24,38.54,Queen_New
../archive/sound_files/sound_files/2022-06-12--09-31-04_2__segment2.wav,2,1,3,2,2022-06-12 9:31:04,39.37,28.99,Queen_New
../archive/sound_files/sound_files/2022-06-08--08-51-21_2__segment0.wav,0,1,3,2,2022-06-08 8:51:21,27.54,40.03,Queenright
../archive/sound_files/sound_files/2022-06-06--23-16-56_2__segment2.wav,0,1,3,2,2022-06-06 23:16:56,20.68,41.97,Queenright
../archive/sound_files/sound_files/2022-06-07--06-11-25_2__segment4.wav,0,1,3,2,2022-06-07 6:11:25,18.65,46.35,Queenright
../archive/sound_files/sound_files/2022-06-11--19-42-07_2__segment0.wav,2,1,3,2,2022-06-11 19:42:07,28.5,44.04,Queen_New
../archive/sound_files/sound_files/2022-06-10--08-38-22_2__segment4.wav,2,1,3,2,2022-06-10 8:38:22,40.89,26.57,Queen_New
../archive/sound_files/sound_files/2022-06-12--17-03-34_2__segment1.wav,2,1,3,2,2022-06-12 17:03:34,27.36,45.41,Queen_New
../archive/sound_files/sound_files/2022-06-08--04-53-41_2__segment4.wav,0,1,3,2,2022-06-08 4:53:41,18.77,37.37,Queenright
../archive/sound_files/sound_files/2022-06-10--09-37-48_2__segment3.wav,2,1,3,2,2022-06-10 9:37:48,48.48,16.92,Queen_New
../archive/sound_files/sound_files/2022-06-12--00-37-49_2__segment4.wav,2,1,3,2,2022-06-12 0:37:49,22.28,58.4,Queen_New
../archive/sound_files/sound_files/2022-06-08--23-16-48_2__segment0.wav,1,0,3,2,2022-06-08 23:16:48,19.15,47.73,Queenless
../archive/sound_files/sound_files/2022-06-10--07-39-02_2__segment2.wav,2,1,3,2,2022-06-10 7:39:02,28.35,45.59,Queen_New
../archive/sound_files/sound_files/2022-06-09--03-13-33_2__segment5.wav,1,0,3,2,2022-06-09 3:13:33,16.58,56.87,Queenless
../archive/sound_files/sound_files/2022-06-11--00-39-26_2__segment2.wav,2,1,3,2,2022-06-11 0:39:26,21.73,54.6,Queen_New
../archive/sound_files/sound_files/2022-06-12--13-28-02_2__segment5.wav,2,1,3,2,2022-06-12 13:28:02,40.52,26.63,Queen_New
../archive/sound_files/sound_files/2022-06-11--02-37-45_2__segment0.wav,2,1,3,2,2022-06-11 2:37:45,19.69,51.26,Queen_New
../archive/sound_files/sound_files/2022-06-07--02-14-33_2__segment2.wav,0,1,3,2,2022-06-07 2:14:33,18.73,42.65,Queenright
../archive/sound_files/sound_files/2022-06-11--17-44-04_2__segment1.wav,2,1,3,2,2022-06-11 17:44:04,32.22,35.5,Queen_New
../archive/sound_files/sound_files/2022-06-09--01-15-07_2__segment0.wav,1,0,3,2,2022-06-09 1:15:07,19.25,52.87,Queenless
../archive/sound_files/sound_files/2022-06-11--17-44-04_2__segment0.wav,2,1,3,2,2022-06-11 17:44:04,32.22,35.5,Queen_New
../archive/sound_files/sound_files/2022-06-12--01-37-00_2__segment2.wav,2,1,3,2,2022-06-12 1:37:00,22.01,57.6,Queen_New
../archive/sound_files/sound_files/2022-06-07--19-01-46_2__segment5.wav,0,1,3,2,2022-06-07 19:01:46,24.31,34.76,Queenright
../archive/sound_files/sound_files/2022-06-07--14-06-09_2__segment2.wav,0,1,3,2,2022-06-07 14:06:09,31.46,34.07,Queenright
../archive/sound_files/sound_files/2022-06-10--03-41-56_2__segment4.wav,2,1,3,2,2022-06-10 3:41:56,19.39,52.17,Queen_New
../archive/sound_files/sound_files/2022-06-10--18-44-45_2__segment1.wav,2,1,3,2,2022-06-10 18:44:45,30.91,34.46,Queen_New
../archive/sound_files/sound_files/2022-06-13--16-45-02_2__segment3.wav,2,1,3,2,2022-06-13 16:45:02,28.0,21.39,Queen_New
../archive/sound_files/sound_files/2022-06-06--04-32-02_2__segment1.wav,0,1,3,2,2022-06-06 4:32:02,19.9,49.61,Queenright
../archive/sound_files/sound_files/2022-06-06--22-17-46_2__segment5.wav,0,1,3,2,2022-06-06 22:17:46,22.07,38.44,Queenright
../archive/sound_files/sound_files/2022-06-12--18-02-29_2__segment4.wav,2,1,3,2,2022-06-12 18:02:29,27.73,38.21,Queen_New
../archive/sound_files/sound_files/2022-06-06--23-16-56_2__segment4.wav,0,1,3,2,2022-06-06 23:16:56,20.68,41.97,Queenright
../archive/sound_files/sound_files/2022-06-10--04-41-06_2__segment0.wav,2,1,3,2,2022-06-10 4:41:06,18.88,52.9,Queen_New
../archive/sound_files/sound_files/2022-06-05--23-36-04_2__segment0.wav,0,1,3,2,2022-06-05 23:36:04,22.46,52.37,Queenright
../archive/sound_files/sound_files/2022-06-11--13-30-47_2__segment3.wav,2,1,3,2,2022-06-11 13:30:47,47.36,12.57,Queen_New
../archive/sound_files/sound_files/2022-06-12--23-57-28_2__segment5.wav,2,1,3,2,2022-06-12 23:57:28,19.6,54.38,Queen_New
../archive/sound_files/sound_files/2022-06-06--19-20-21_2__segment0.wav,0,1,3,2,2022-06-06 19:20:21,24.73,36.9,Queenright
../archive/sound_files/sound_files/2022-06-07--02-14-33_2__segment1.wav,0,1,3,2,2022-06-07 2:14:33,18.73,42.65,Queenright
../archive/sound_files/sound_files/2022-06-13--03-54-15_2__segment3.wav,2,1,3,2,2022-06-13 3:54:15,17.02,50.76,Queen_New
../archive/sound_files/sound_files/2022-06-09--05-11-59_2__segment3.wav,1,0,3,2,2022-06-09 5:11:59,15.84,55.31,Queenless
../archive/sound_files/sound_files/2022-06-10--13-35-11_2__segment0.wav,2,1,3,2,2022-06-10 13:35:11,48.63,11.15,Queen_New
../archive/sound_files/sound_files/2022-06-12--08-31-53_2__segment3.wav,2,1,3,2,2022-06-12 8:31:53,38.44,33.87,Queen_New
../archive/sound_files/sound_files/2022-06-07--21-59-10_2__segment4.wav,0,1,3,2,2022-06-07 21:59:10,20.73,34.23,Queenright
../archive/sound_files/sound_files/2022-06-08--21-18-28_2__segment4.wav,1,0,3,2,2022-06-08 21:18:28,21.13,46.68,Queenless
../archive/sound_files/sound_files/2022-06-06--21-18-35_2__segment3.wav,0,1,3,2,2022-06-06 21:18:35,22.26,39.23,Queenright
../archive/sound_files/sound_files/2022-06-09--19-48-31_2__segment0.wav,2,1,3,2,2022-06-09 19:48:31,28.52,27.96,Queen_New
../archive/sound_files/sound_files/2022-06-09--17-03-21_2__segment5.wav,1,0,3,2,2022-06-09 17:03:21,32.88,20.84,Queenless
../archive/sound_files/sound_files/2022-06-12--00-37-49_2__segment0.wav,2,1,3,2,2022-06-12 0:37:49,22.28,58.4,Queen_New
../archive/sound_files/sound_files/2022-06-05--18-40-08_2__segment3.wav,0,1,3,2,2022-06-05 18:40:08,28.14,44.7,Queenright
../archive/sound_files/sound_files/2022-06-07--07-10-46_2__segment4.wav,0,1,3,2,2022-06-07 7:10:46,19.81,50.87,Queenright
../archive/sound_files/sound_files/2022-06-05--21-37-36_2__segment0.wav,0,1,3,2,2022-06-05 21:37:36,24.54,47.87,Queenright
../archive/sound_files/sound_files/2022-06-07--06-11-25_2__segment3.wav,0,1,3,2,2022-06-07 6:11:25,18.65,46.35,Queenright
../archive/sound_files/sound_files/2022-06-10--08-38-22_2__segment1.wav,2,1,3,2,2022-06-10 8:38:22,40.89,26.57,Queen_New
../archive/sound_files/sound_files/2022-06-13--11-48-58_2__segment1.wav,2,1,3,2,2022-06-13 11:48:58,51.82,11.7,Queen_New
../archive/sound_files/sound_files/2022-06-11--13-30-47_2__segment4.wav,2,1,3,2,2022-06-11 13:30:47,47.36,12.57,Queen_New
../archive/sound_files/sound_files/2022-06-10--23-40-18_2__segment1.wav,2,1,3,2,2022-06-10 23:40:18,22.86,49.8,Queen_New
../archive/sound_files/sound_files/2022-06-07--05-12-08_2__segment3.wav,0,1,3,2,2022-06-07 5:12:08,18.15,45.43,Queenright
../archive/sound_files/sound_files/2022-06-12--22-58-10_2__segment4.wav,2,1,3,2,2022-06-12 22:58:10,20.0,41.63,Queen_New
../archive/sound_files/sound_files/2022-06-11--01-38-34_2__segment5.wav,2,1,3,2,2022-06-11 1:38:34,20.7,53.99,Queen_New
../archive/sound_files/sound_files/2022-06-07--17-03-33_2__segment4.wav,0,1,3,2,2022-06-07 17:03:33,27.21,34.45,Queenright
../archive/sound_files/sound_files/2022-06-10--13-35-11_2__segment1.wav,2,1,3,2,2022-06-10 13:35:11,48.63,11.15,Queen_New
../archive/sound_files/sound_files/2022-06-09--07-10-29_2__segment0.wav,1,0,3,2,2022-06-09 7:10:29,21.38,52.66,Queenless
../archive/sound_files/sound_files/2022-06-11--17-44-04_2__segment4.wav,2,1,3,2,2022-06-11 17:44:04,32.22,35.5,Queen_New
../archive/sound_files/sound_files/2022-06-07--15-05-17_2__segment2.wav,0,1,3,2,2022-06-07 15:05:17,30.11,33.76,Queenright
../archive/sound_files/sound_files/2022-06-12--15-26-04_2__segment5.wav,2,1,3,2,2022-06-12 15:26:04,35.0,31.38,Queen_New
../archive/sound_files/sound_files/2022-06-08--20-19-23_2__segment1.wav,1,0,3,2,2022-06-08 20:19:23,23.82,44.76,Queenless
../archive/sound_files/sound_files/2022-06-12--13-28-02_2__segment0.wav,2,1,3,2,2022-06-12 13:28:02,40.52,26.63,Queen_New
../archive/sound_files/sound_files/2022-06-11--15-28-56_2__segment2.wav,2,1,3,2,2022-06-11 15:28:56,36.04,26.58,Queen_New
../archive/sound_files/sound_files/2022-06-06--15-23-51_2__segment4.wav,0,1,3,2,2022-06-06 15:23:51,28.82,33.46,Queenright
../archive/sound_files/sound_files/2022-06-11--11-33-12_2__segment4.wav,2,1,3,2,2022-06-11 11:33:12,54.09,7.9,Queen_New
../archive/sound_files/sound_files/2022-06-06--03-32-49_2__segment5.wav,0,1,3,2,2022-06-06 3:32:49,19.76,49.97,Queenright
../archive/sound_files/sound_files/2022-06-10--07-39-02_2__segment0.wav,2,1,3,2,2022-06-10 7:39:02,28.35,45.59,Queen_New
../archive/sound_files/sound_files/2022-06-06--06-30-21_2__segment3.wav,0,1,3,2,2022-06-06 6:30:21,19.19,48.11,Queenright
../archive/sound_files/sound_files/2022-06-06--03-32-49_2__segment0.wav,0,1,3,2,2022-06-06 3:32:49,19.76,49.97,Queenright
../archive/sound_files/sound_files/2022-06-05--21-37-36_2__segment2.wav,0,1,3,2,2022-06-05 21:37:36,24.54,47.87,Queenright
../archive/sound_files/sound_files/2022-06-13--04-53-24_2__segment1.wav,2,1,3,2,2022-06-13 4:53:24,16.65,42.53,Queen_New
../archive/sound_files/sound_files/2022-06-09--21-46-45_2__segment3.wav,2,1,3,2,2022-06-09 21:46:45,24.21,34.94,Queen_New
../archive/sound_files/sound_files/2022-06-09--17-03-21_2__segment4.wav,1,0,3,2,2022-06-09 17:03:21,32.88,20.84,Queenless
../archive/sound_files/sound_files/2022-06-11--18-43-10_2__segment1.wav,2,1,3,2,2022-06-11 18:43:10,30.57,38.54,Queen_New
../archive/sound_files/sound_files/2022-06-08--07-51-48_2__segment3.wav,0,1,3,2,2022-06-08 7:51:48,23.21,39.48,Queenright
../archive/sound_files/sound_files/2022-06-13--01-55-53_2__segment0.wav,2,1,3,2,2022-06-13 1:55:53,17.72,42.44,Queen_New
../archive/sound_files/sound_files/2022-06-12--05-33-50_2__segment3.wav,2,1,3,2,2022-06-12 5:33:50,20.38,60.48,Queen_New
../archive/sound_files/sound_files/2022-06-12--17-03-34_2__segment4.wav,2,1,3,2,2022-06-12 17:03:34,27.36,45.41,Queen_New
../archive/sound_files/sound_files/2022-06-09--18-49-20_2__segment1.wav,2,1,3,2,2022-06-09 18:49:20,35.93,20.73,Queen_New
../archive/sound_files/sound_files/2022-06-07--12-07-57_2__segment2.wav,0,1,3,2,2022-06-07 12:07:57,33.16,37.31,Queenright
../archive/sound_files/sound_files/2022-06-07--08-10-22_2__segment3.wav,0,1,3,2,2022-06-07 8:10:22,23.2,45.39,Queenright
../archive/sound_files/sound_files/2022-06-13--02-55-04_2__segment3.wav,2,1,3,2,2022-06-13 2:55:04,17.24,41.13,Queen_New
../archive/sound_files/sound_files/2022-06-07--14-06-09_2__segment4.wav,0,1,3,2,2022-06-07 14:06:09,31.46,34.07,Queenright
../archive/sound_files/sound_files/2022-06-12--12-28-53_2__segment3.wav,2,1,3,2,2022-06-12 12:28:53,40.39,23.6,Queen_New
../archive/sound_files/sound_files/2022-06-05--18-40-08_2__segment1.wav,0,1,3,2,2022-06-05 18:40:08,28.14,44.7,Queenright
../archive/sound_files/sound_files/2022-06-09--15-04-51_2__segment3.wav,1,0,3,2,2022-06-09 15:04:51,35.28,20.01,Queenless
../archive/sound_files/sound_files/2022-06-06--14-24-42_2__segment0.wav,0,1,3,2,2022-06-06 14:24:42,30.08,33.84,Queenright
../archive/sound_files/sound_files/2022-06-07--19-01-46_2__segment0.wav,0,1,3,2,2022-06-07 19:01:46,24.31,34.76,Queenright
../archive/sound_files/sound_files/2022-06-09--01-15-07_2__segment3.wav,1,0,3,2,2022-06-09 1:15:07,19.25,52.87,Queenless
../archive/sound_files/sound_files/2022-06-08--19-20-13_2__segment0.wav,1,0,3,2,2022-06-08 19:20:13,25.74,40.11,Queenless
../archive/sound_files/sound_files/2022-06-07--02-14-33_2__segment5.wav,0,1,3,2,2022-06-07 2:14:33,18.73,42.65,Queenright
../archive/sound_files/sound_files/2022-06-12--17-03-34_2__segment0.wav,2,1,3,2,2022-06-12 17:03:34,27.36,45.41,Queen_New
../archive/sound_files/sound_files/2022-06-08--00-56-47_2__segment2.wav,0,1,3,2,2022-06-08 0:56:47,19.76,34.89,Queenright
../archive/sound_files/sound_files/2022-06-08--07-51-48_2__segment4.wav,0,1,3,2,2022-06-08 7:51:48,23.21,39.48,Queenright
../archive/sound_files/sound_files/2022-06-10--23-40-18_2__segment4.wav,2,1,3,2,2022-06-10 23:40:18,22.86,49.8,Queen_New
../archive/sound_files/sound_files/2022-06-05--17-41-01_2__segment4.wav,0,1,3,2,2022-06-05 17:41:01,29.84,43.53,Queenright
../archive/sound_files/sound_files/2022-06-08--20-19-23_2__segment5.wav,1,0,3,2,2022-06-08 20:19:23,23.82,44.76,Queenless
../archive/sound_files/sound_files/2022-06-07--00-16-09_2__segment0.wav,0,1,3,2,2022-06-07 0:16:09,20.28,41.31,Queenright
../archive/sound_files/sound_files/2022-06-07--18-02-41_2__segment0.wav,0,1,3,2,2022-06-07 18:02:41,26.01,34.5,Queenright
../archive/sound_files/sound_files/2022-06-05--21-37-36_2__segment4.wav,0,1,3,2,2022-06-05 21:37:36,24.54,47.87,Queenright
../archive/sound_files/sound_files/2022-06-11--19-42-07_2__segment4.wav,2,1,3,2,2022-06-11 19:42:07,28.5,44.04,Queen_New
../archive/sound_files/sound_files/2022-06-06--13-25-30_2__segment2.wav,0,1,3,2,2022-06-06 13:25:30,31.81,36.33,Queenright
../archive/sound_files/sound_files/2022-06-13--03-54-15_2__segment1.wav,2,1,3,2,2022-06-13 3:54:15,17.02,50.76,Queen_New
../archive/sound_files/sound_files/2022-06-08--08-51-21_2__segment1.wav,0,1,3,2,2022-06-08 8:51:21,27.54,40.03,Queenright
../archive/sound_files/sound_files/2022-06-13--15-45-41_2__segment5.wav,2,1,3,2,2022-06-13 15:45:41,30.43,21.06,Queen_New
../archive/sound_files/sound_files/2022-06-07--11-08-36_2__segment4.wav,0,1,3,2,2022-06-07 11:08:36,32.13,41.06,Queenright
../archive/sound_files/sound_files/2022-06-09--02-14-21_2__segment0.wav,1,0,3,2,2022-06-09 2:14:21,17.37,51.26,Queenless
../archive/sound_files/sound_files/2022-06-08--19-20-13_2__segment4.wav,1,0,3,2,2022-06-08 19:20:13,25.74,40.11,Queenless
../archive/sound_files/sound_files/2022-06-11--12-32-18_2__segment4.wav,2,1,3,2,2022-06-11 12:32:18,51.84,7.23,Queen_New
../archive/sound_files/sound_files/2022-06-09--13-06-37_2__segment3.wav,1,0,3,2,2022-06-09 13:06:37,52.26,8.93,Queenless
../archive/sound_files/sound_files/2022-06-11--20-41-11_2__segment1.wav,2,1,3,2,2022-06-11 20:41:11,25.55,49.6,Queen_New
../archive/sound_files/sound_files/2022-06-07--22-58-20_2__segment2.wav,0,1,3,2,2022-06-07 22:58:20,19.57,35.4,Queenright
../archive/sound_files/sound_files/2022-06-06--13-25-30_2__segment4.wav,0,1,3,2,2022-06-06 13:25:30,31.81,36.33,Queenright
../archive/sound_files/sound_files/2022-06-09--23-45-06_2__segment1.wav,2,1,3,2,2022-06-09 23:45:06,22.03,41.05,Queen_New
../archive/sound_files/sound_files/2022-06-10--17-45-44_2__segment1.wav,2,1,3,2,2022-06-10 17:45:44,34.47,29.92,Queen_New
../archive/sound_files/sound_files/2022-06-05--22-36-48_2__segment0.wav,0,1,3,2,2022-06-05 22:36:48,23.07,51.73,Queenright
../archive/sound_files/sound_files/2022-06-12--13-28-02_2__segment4.wav,2,1,3,2,2022-06-12 13:28:02,40.52,26.63,Queen_New
../archive/sound_files/sound_files/2022-06-09--17-03-21_2__segment0.wav,1,0,3,2,2022-06-09 17:03:21,32.88,20.84,Queenless
../archive/sound_files/sound_files/2022-06-09--22-45-55_2__segment2.wav,2,1,3,2,2022-06-09 22:45:55,22.92,39.57,Queen_New
../archive/sound_files/sound_files/2022-06-06--04-32-02_2__segment2.wav,0,1,3,2,2022-06-06 4:32:02,19.9,49.61,Queenright
../archive/sound_files/sound_files/2022-06-09--23-45-06_2__segment5.wav,2,1,3,2,2022-06-09 23:45:06,22.03,41.05,Queen_New
../archive/sound_files/sound_files/2022-06-05--23-36-04_2__segment4.wav,0,1,3,2,2022-06-05 23:36:04,22.46,52.37,Queenright
../archive/sound_files/sound_files/2022-06-08--07-51-48_2__segment5.wav,0,1,3,2,2022-06-08 7:51:48,23.21,39.48,Queenright
../archive/sound_files/sound_files/2022-06-12--05-33-50_2__segment1.wav,2,1,3,2,2022-06-12 5:33:50,20.38,60.48,Queen_New
../archive/sound_files/sound_files/2022-06-06--00-35-12_2__segment2.wav,0,1,3,2,2022-06-06 0:35:12,21.59,53.07,Queenright
../archive/sound_files/sound_files/2022-06-11--14-29-57_2__segment3.wav,2,1,3,2,2022-06-11 14:29:57,39.97,19.61,Queen_New
../archive/sound_files/sound_files/2022-06-13--06-51-50_2__segment0.wav,2,1,3,2,2022-06-13 6:51:50,18.13,44.52,Queen_New
../archive/sound_files/sound_files/2022-06-06--09-28-32_2__segment5.wav,0,1,3,2,2022-06-06 9:28:32,27.15,48.09,Queenright
../archive/sound_files/sound_files/2022-06-09--09-09-12_2__segment2.wav,1,0,3,2,2022-06-09 9:09:12,37.11,36.74,Queenless
../archive/sound_files/sound_files/2022-06-09--07-10-29_2__segment3.wav,1,0,3,2,2022-06-09 7:10:29,21.38,52.66,Queenless
../archive/sound_files/sound_files/2022-06-07--19-01-46_2__segment2.wav,0,1,3,2,2022-06-07 19:01:46,24.31,34.76,Queenright
../archive/sound_files/sound_files/2022-06-06--15-23-51_2__segment1.wav,0,1,3,2,2022-06-06 15:23:51,28.82,33.46,Queenright
../archive/sound_files/sound_files/2022-06-05--20-38-25_2__segment5.wav,0,1,3,2,2022-06-05 20:38:25,25.42,47.82,Queenright
../archive/sound_files/sound_files/2022-06-13--03-54-15_2__segment5.wav,2,1,3,2,2022-06-13 3:54:15,17.02,50.76,Queen_New
../archive/sound_files/sound_files/2022-06-08--04-53-41_2__segment2.wav,0,1,3,2,2022-06-08 4:53:41,18.77,37.37,Queenright
../archive/sound_files/sound_files/2022-06-12--08-31-53_2__segment2.wav,2,1,3,2,2022-06-12 8:31:53,38.44,33.87,Queen_New
../archive/sound_files/sound_files/2022-06-08--20-19-23_2__segment3.wav,1,0,3,2,2022-06-08 20:19:23,23.82,44.76,Queenless
../archive/sound_files/sound_files/2022-06-06--14-24-42_2__segment2.wav,0,1,3,2,2022-06-06 14:24:42,30.08,33.84,Queenright
../archive/sound_files/sound_files/2022-06-06--22-17-46_2__segment4.wav,0,1,3,2,2022-06-06 22:17:46,22.07,38.44,Queenright
../archive/sound_files/sound_files/2022-06-07--07-10-46_2__segment5.wav,0,1,3,2,2022-06-07 7:10:46,19.81,50.87,Queenright
../archive/sound_files/sound_files/2022-06-07--04-12-58_2__segment1.wav,0,1,3,2,2022-06-07 4:12:58,17.81,42.62,Queenright
../archive/sound_files/sound_files/2022-06-09--18-49-20_2__segment3.wav,2,1,3,2,2022-06-09 18:49:20,35.93,20.73,Queen_New
../archive/sound_files/sound_files/2022-06-07--02-14-33_2__segment4.wav,0,1,3,2,2022-06-07 2:14:33,18.73,42.65,Queenright
../archive/sound_files/sound_files/2022-06-09--05-11-59_2__segment4.wav,1,0,3,2,2022-06-09 5:11:59,15.84,55.31,Queenless
../archive/sound_files/sound_files/2022-06-06--12-26-27_2__segment2.wav,0,1,3,2,2022-06-06 12:26:27,32.03,40.32,Queenright
../archive/sound_files/sound_files/2022-06-11--03-36-54_2__segment2.wav,2,1,3,2,2022-06-11 3:36:54,19.45,51.11,Queen_New
../archive/sound_files/sound_files/2022-06-11--15-28-56_2__segment3.wav,2,1,3,2,2022-06-11 15:28:56,36.04,26.58,Queen_New
../archive/sound_files/sound_files/2022-06-08--14-52-43_2__segment2.wav,1,0,3,2,2022-06-08 14:52:43,32.09,37.1,Queenless
../archive/sound_files/sound_files/2022-06-10--07-39-02_2__segment4.wav,2,1,3,2,2022-06-10 7:39:02,28.35,45.59,Queen_New
../archive/sound_files/sound_files/2022-06-09--22-45-55_2__segment1.wav,2,1,3,2,2022-06-09 22:45:55,22.92,39.57,Queen_New
../archive/sound_files/sound_files/2022-06-09--18-49-20_2__segment2.wav,2,1,3,2,2022-06-09 18:49:20,35.93,20.73,Queen_New
../archive/sound_files/sound_files/2022-06-11--18-43-10_2__segment5.wav,2,1,3,2,2022-06-11 18:43:10,30.57,38.54,Queen_New
../archive/sound_files/sound_files/2022-06-13--15-45-41_2__segment3.wav,2,1,3,2,2022-06-13 15:45:41,30.43,21.06,Queen_New
../archive/sound_files/sound_files/2022-06-13--03-54-15_2__segment2.wav,2,1,3,2,2022-06-13 3:54:15,17.02,50.76,Queen_New
../archive/sound_files/sound_files/2022-06-12--12-28-53_2__segment4.wav,2,1,3,2,2022-06-12 12:28:53,40.39,23.6,Queen_New
../archive/sound_files/sound_files/2022-06-12--11-29-44_2__segment1.wav,2,1,3,2,2022-06-12 11:29:44,41.62,22.73,Queen_New
../archive/sound_files/sound_files/2022-06-12--12-28-53_2__segment2.wav,2,1,3,2,2022-06-12 12:28:53,40.39,23.6,Queen_New
../archive/sound_files/sound_files/2022-06-12--23-57-28_2__segment3.wav,2,1,3,2,2022-06-12 23:57:28,19.6,54.38,Queen_New
../archive/sound_files/sound_files/2022-06-05--21-37-36_2__segment3.wav,0,1,3,2,2022-06-05 21:37:36,24.54,47.87,Queenright
../archive/sound_files/sound_files/2022-06-09--08-09-48_2__segment1.wav,1,0,3,2,2022-06-09 8:09:48,29.99,45.8,Queenless
../archive/sound_files/sound_files/2022-06-11--01-38-34_2__segment2.wav,2,1,3,2,2022-06-11 1:38:34,20.7,53.99,Queen_New
../archive/sound_files/sound_files/2022-06-05--23-36-04_2__segment2.wav,0,1,3,2,2022-06-05 23:36:04,22.46,52.37,Queenright
../archive/sound_files/sound_files/2022-06-05--18-40-08_2__segment4.wav,0,1,3,2,2022-06-05 18:40:08,28.14,44.7,Queenright
../archive/sound_files/sound_files/2022-06-13--00-56-42_2__segment4.wav,2,1,3,2,2022-06-13 0:56:42,18.43,38.09,Queen_New
../archive/sound_files/sound_files/2022-06-10--00-44-16_2__segment3.wav,2,1,3,2,2022-06-10 0:44:16,21.27,45.4,Queen_New
../archive/sound_files/sound_files/2022-06-11--05-35-14_2__segment0.wav,2,1,3,2,2022-06-11 5:35:14,18.64,50.79,Queen_New
../archive/sound_files/sound_files/2022-06-11--07-34-47_2__segment2.wav,2,1,3,2,2022-06-11 7:34:47,26.9,48.8,Queen_New
../archive/sound_files/sound_files/2022-06-11--15-28-56_2__segment4.wav,2,1,3,2,2022-06-11 15:28:56,36.04,26.58,Queen_New
../archive/sound_files/sound_files/2022-06-06--04-32-02_2__segment0.wav,0,1,3,2,2022-06-06 4:32:02,19.9,49.61,Queenright
../archive/sound_files/sound_files/2022-06-08--06-52-11_2__segment5.wav,0,1,3,2,2022-06-08 6:52:11,19.14,39.1,Queenright
../archive/sound_files/sound_files/2022-06-08--22-17-37_2__segment0.wav,1,0,3,2,2022-06-08 22:17:37,20.07,44.8,Queenless
../archive/sound_files/sound_files/2022-06-11--18-43-10_2__segment0.wav,2,1,3,2,2022-06-11 18:43:10,30.57,38.54,Queen_New
../archive/sound_files/sound_files/2022-06-12--04-34-37_2__segment4.wav,2,1,3,2,2022-06-12 4:34:37,20.6,58.02,Queen_New
../archive/sound_files/sound_files/2022-06-06--00-35-12_2__segment3.wav,0,1,3,2,2022-06-06 0:35:12,21.59,53.07,Queenright
../archive/sound_files/sound_files/2022-06-10--05-40-19_2__segment4.wav,2,1,3,2,2022-06-10 5:40:19,18.67,45.91,Queen_New
../archive/sound_files/sound_files/2022-06-10--19-43-51_2__segment1.wav,2,1,3,2,2022-06-10 19:43:51,29.14,33.74,Queen_New
../archive/sound_files/sound_files/2022-06-06--11-27-09_2__segment3.wav,0,1,3,2,2022-06-06 11:27:09,30.68,42.69,Queenright
../archive/sound_files/sound_files/2022-06-11--04-36-04_2__segment3.wav,2,1,3,2,2022-06-11 4:36:04,18.91,52.63,Queen_New
../archive/sound_files/sound_files/2022-06-12--12-28-53_2__segment5.wav,2,1,3,2,2022-06-12 12:28:53,40.39,23.6,Queen_New
../archive/sound_files/sound_files/2022-06-07--07-10-46_2__segment1.wav,0,1,3,2,2022-06-07 7:10:46,19.81,50.87,Queenright
../archive/sound_files/sound_files/2022-06-08--18-21-07_2__segment2.wav,1,0,3,2,2022-06-08 18:21:07,27.72,37.52,Queenless
../archive/sound_files/sound_files/2022-06-06--12-26-27_2__segment0.wav,0,1,3,2,2022-06-06 12:26:27,32.03,40.32,Queenright
../archive/sound_files/sound_files/2022-06-13--12-48-18_2__segment1.wav,2,1,3,2,2022-06-13 12:48:18,47.41,9.88,Queen_New
../archive/sound_files/sound_files/2022-06-08--03-54-28_2__segment1.wav,0,1,3,2,2022-06-08 3:54:28,18.92,39.05,Queenright
../archive/sound_files/sound_files/2022-06-05--19-39-14_2__segment5.wav,0,1,3,2,2022-06-05 19:39:14,26.52,46.6,Queenright
../archive/sound_files/sound_files/2022-06-06--17-22-09_2__segment3.wav,0,1,3,2,2022-06-06 17:22:09,27.22,32.43,Queenright
../archive/sound_files/sound_files/2022-06-05--18-40-08_2__segment2.wav,0,1,3,2,2022-06-05 18:40:08,28.14,44.7,Queenright
../archive/sound_files/sound_files/2022-06-10--11-36-39_2__segment3.wav,2,1,3,2,2022-06-10 11:36:39,51.73,10.41,Queen_New
../archive/sound_files/sound_files/2022-06-11--04-36-04_2__segment4.wav,2,1,3,2,2022-06-11 4:36:04,18.91,52.63,Queen_New
../archive/sound_files/sound_files/2022-06-11--10-33-55_2__segment2.wav,2,1,3,2,2022-06-11 10:33:55,55.62,10.27,Queen_New
../archive/sound_files/sound_files/2022-06-07--21-59-10_2__segment0.wav,0,1,3,2,2022-06-07 21:59:10,20.73,34.23,Queenright
../archive/sound_files/sound_files/2022-06-12--05-33-50_2__segment4.wav,2,1,3,2,2022-06-12 5:33:50,20.38,60.48,Queen_New
../archive/sound_files/sound_files/2022-06-07--17-03-33_2__segment1.wav,0,1,3,2,2022-06-07 17:03:33,27.21,34.45,Queenright
../archive/sound_files/sound_files/2022-06-06--21-18-35_2__segment0.wav,0,1,3,2,2022-06-06 21:18:35,22.26,39.23,Queenright
../archive/sound_files/sound_files/2022-06-12--08-31-53_2__segment4.wav,2,1,3,2,2022-06-12 8:31:53,38.44,33.87,Queen_New
../archive/sound_files/sound_files/2022-06-08--00-56-47_2__segment3.wav,0,1,3,2,2022-06-08 0:56:47,19.76,34.89,Queenright
../archive/sound_files/sound_files/2022-06-09--10-08-31_2__segment0.wav,1,0,3,2,2022-06-09 10:08:31,41.55,23.97,Queenless
../archive/sound_files/sound_files/2022-06-12--18-02-29_2__segment1.wav,2,1,3,2,2022-06-12 18:02:29,27.73,38.21,Queen_New
../archive/sound_files/sound_files/2022-06-11--02-37-45_2__segment2.wav,2,1,3,2,2022-06-11 2:37:45,19.69,51.26,Queen_New
../archive/sound_files/sound_files/2022-06-09--09-09-12_2__segment3.wav,1,0,3,2,2022-06-09 9:09:12,37.11,36.74,Queenless
../archive/sound_files/sound_files/2022-06-12--07-32-30_2__segment1.wav,2,1,3,2,2022-06-12 7:32:30,26.82,55.46,Queen_New
../archive/sound_files/sound_files/2022-06-07--01-15-21_2__segment4.wav,0,1,3,2,2022-06-07 1:15:21,19.43,41.75,Queenright
../archive/sound_files/sound_files/2022-06-12--01-37-00_2__segment0.wav,2,1,3,2,2022-06-12 1:37:00,22.01,57.6,Queen_New
../archive/sound_files/sound_files/2022-06-11--05-35-14_2__segment1.wav,2,1,3,2,2022-06-11 5:35:14,18.64,50.79,Queen_New
../archive/sound_files/sound_files/2022-06-07--06-11-25_2__segment5.wav,0,1,3,2,2022-06-07 6:11:25,18.65,46.35,Queenright
../archive/sound_files/sound_files/2022-06-12--07-32-30_2__segment4.wav,2,1,3,2,2022-06-12 7:32:30,26.82,55.46,Queen_New
../archive/sound_files/sound_files/2022-06-09--17-03-21_2__segment3.wav,1,0,3,2,2022-06-09 17:03:21,32.88,20.84,Queenless
../archive/sound_files/sound_files/2022-06-08--17-22-00_2__segment3.wav,1,0,3,2,2022-06-08 17:22:00,30.45,35.13,Queenless
../archive/sound_files/sound_files/2022-06-10--06-39-32_2__segment0.wav,2,1,3,2,2022-06-10 6:39:32,19.93,45.21,Queen_New
../archive/sound_files/sound_files/2022-06-11--02-37-45_2__segment5.wav,2,1,3,2,2022-06-11 2:37:45,19.69,51.26,Queen_New
../archive/sound_files/sound_files/2022-06-09--16-04-05_2__segment0.wav,1,0,3,2,2022-06-09 16:04:05,33.79,20.7,Queenless
../archive/sound_files/sound_files/2022-06-07--18-02-41_2__segment4.wav,0,1,3,2,2022-06-07 18:02:41,26.01,34.5,Queenright
../archive/sound_files/sound_files/2022-06-08--18-21-07_2__segment3.wav,1,0,3,2,2022-06-08 18:21:07,27.72,37.52,Queenless
../archive/sound_files/sound_files/2022-06-07--12-07-57_2__segment3.wav,0,1,3,2,2022-06-07 12:07:57,33.16,37.31,Queenright
../archive/sound_files/sound_files/2022-06-07--11-08-36_2__segment2.wav,0,1,3,2,2022-06-07 11:08:36,32.13,41.06,Queenright
../archive/sound_files/sound_files/2022-06-12--20-00-44_2__segment4.wav,2,1,3,2,2022-06-12 20:00:44,24.24,38.54,Queen_New
../archive/sound_files/sound_files/2022-06-07--18-02-41_2__segment3.wav,0,1,3,2,2022-06-07 18:02:41,26.01,34.5,Queenright
../archive/sound_files/sound_files/2022-06-07--23-57-34_2__segment5.wav,0,1,3,2,2022-06-07 23:57:34,19.94,34.24,Queenright
../archive/sound_files/sound_files/2022-06-09--02-14-21_2__segment3.wav,1,0,3,2,2022-06-09 2:14:21,17.37,51.26,Queenless
../archive/sound_files/sound_files/2022-06-08--05-52-54_2__segment2.wav,0,1,3,2,2022-06-08 5:52:54,18.73,38.15,Queenright
../archive/sound_files/sound_files/2022-06-07--05-12-08_2__segment5.wav,0,1,3,2,2022-06-07 5:12:08,18.15,45.43,Queenright
../archive/sound_files/sound_files/2022-06-11--04-36-04_2__segment1.wav,2,1,3,2,2022-06-11 4:36:04,18.91,52.63,Queen_New
../archive/sound_files/sound_files/2022-06-06--04-32-02_2__segment4.wav,0,1,3,2,2022-06-06 4:32:02,19.9,49.61,Queenright
../archive/sound_files/sound_files/2022-06-06--16-22-57_2__segment2.wav,0,1,3,2,2022-06-06 16:22:57,28.07,33.75,Queenright
../archive/sound_files/sound_files/2022-06-10--11-36-39_2__segment4.wav,2,1,3,2,2022-06-10 11:36:39,51.73,10.41,Queen_New
../archive/sound_files/sound_files/2022-06-10--10-37-17_2__segment0.wav,2,1,3,2,2022-06-10 10:37:17,53.66,11.04,Queen_New
../archive/sound_files/sound_files/2022-06-13--12-48-18_2__segment3.wav,2,1,3,2,2022-06-13 12:48:18,47.41,9.88,Queen_New
../archive/sound_files/sound_files/2022-06-09--15-04-51_2__segment5.wav,1,0,3,2,2022-06-09 15:04:51,35.28,20.01,Queenless
../archive/sound_files/sound_files/2022-06-12--16-25-11_2__segment5.wav,2,1,3,2,2022-06-12 16:25:11,31.28,36.12,Queen_New
../archive/sound_files/sound_files/2022-06-10--22-41-10_2__segment3.wav,2,1,3,2,2022-06-10 22:41:10,24.14,43.81,Queen_New
../archive/sound_files/sound_files/2022-06-13--14-46-29_2__segment2.wav,2,1,3,2,2022-06-13 14:46:29,33.34,18.27,Queen_New
../archive/sound_files/sound_files/2022-06-09--15-04-51_2__segment1.wav,1,0,3,2,2022-06-09 15:04:51,35.28,20.01,Queenless
../archive/sound_files/sound_files/2022-06-12--21-59-01_2__segment0.wav,2,1,3,2,2022-06-12 21:59:01,20.35,38.89,Queen_New
../archive/sound_files/sound_files/2022-06-11--15-28-56_2__segment0.wav,2,1,3,2,2022-06-11 15:28:56,36.04,26.58,Queen_New
../archive/sound_files/sound_files/2022-06-07--08-10-22_2__segment0.wav,0,1,3,2,2022-06-07 8:10:22,23.2,45.39,Queenright
../archive/sound_files/sound_files/2022-06-09--19-48-31_2__segment1.wav,2,1,3,2,2022-06-09 19:48:31,28.52,27.96,Queen_New
../archive/sound_files/sound_files/2022-06-07--01-15-21_2__segment5.wav,0,1,3,2,2022-06-07 1:15:21,19.43,41.75,Queenright
../archive/sound_files/sound_files/2022-06-09--05-11-59_2__segment1.wav,1,0,3,2,2022-06-09 5:11:59,15.84,55.31,Queenless
../archive/sound_files/sound_files/2022-06-13--07-51-24_2__segment0.wav,2,1,3,2,2022-06-13 7:51:24,28.26,44.65,Queen_New
../archive/sound_files/sound_files/2022-06-05--18-40-08_2__segment0.wav,0,1,3,2,2022-06-05 18:40:08,28.14,44.7,Queenright
../archive/sound_files/sound_files/2022-06-13--09-50-10_2__segment3.wav,2,1,3,2,2022-06-13 9:50:10,45.11,21.89,Queen_New
../archive/sound_files/sound_files/2022-06-08--21-18-28_2__segment3.wav,1,0,3,2,2022-06-08 21:18:28,21.13,46.68,Queenless
../archive/sound_files/sound_files/2022-06-13--00-56-42_2__segment1.wav,2,1,3,2,2022-06-13 0:56:42,18.43,38.09,Queen_New
../archive/sound_files/sound_files/2022-06-08--19-20-13_2__segment1.wav,1,0,3,2,2022-06-08 19:20:13,25.74,40.11,Queenless
../archive/sound_files/sound_files/2022-06-11--09-34-20_2__segment3.wav,2,1,3,2,2022-06-11 9:34:20,48.9,20.9,Queen_New
../archive/sound_files/sound_files/2022-06-11--10-33-55_2__segment4.wav,2,1,3,2,2022-06-11 10:33:55,55.62,10.27,Queen_New
../archive/sound_files/sound_files/2022-06-06--07-29-46_2__segment0.wav,0,1,3,2,2022-06-06 7:29:46,21.31,48.81,Queenright
../archive/sound_files/sound_files/2022-06-10--23-40-18_2__segment3.wav,2,1,3,2,2022-06-10 23:40:18,22.86,49.8,Queen_New
../archive/sound_files/sound_files/2022-06-12--05-33-50_2__segment5.wav,2,1,3,2,2022-06-12 5:33:50,20.38,60.48,Queen_New
../archive/sound_files/sound_files/2022-06-10--19-43-51_2__segment2.wav,2,1,3,2,2022-06-10 19:43:51,29.14,33.74,Queen_New
../archive/sound_files/sound_files/2022-06-13--06-51-50_2__segment5.wav,2,1,3,2,2022-06-13 6:51:50,18.13,44.52,Queen_New
../archive/sound_files/sound_files/2022-06-09--01-15-07_2__segment5.wav,1,0,3,2,2022-06-09 1:15:07,19.25,52.87,Queenless
../archive/sound_files/sound_files/2022-06-12--15-26-04_2__segment4.wav,2,1,3,2,2022-06-12 15:26:04,35.0,31.38,Queen_New
../archive/sound_files/sound_files/2022-06-12--07-32-30_2__segment3.wav,2,1,3,2,2022-06-12 7:32:30,26.82,55.46,Queen_New
../archive/sound_files/sound_files/2022-06-06--03-32-49_2__segment2.wav,0,1,3,2,2022-06-06 3:32:49,19.76,49.97,Queenright
../archive/sound_files/sound_files/2022-06-08--01-55-59_2__segment3.wav,0,1,3,2,2022-06-08 1:55:59,19.07,36.97,Queenright
../archive/sound_files/sound_files/2022-06-09--16-04-05_2__segment1.wav,1,0,3,2,2022-06-09 16:04:05,33.79,20.7,Queenless
../archive/sound_files/sound_files/2022-06-13--12-48-18_2__segment2.wav,2,1,3,2,2022-06-13 12:48:18,47.41,9.88,Queen_New
../archive/sound_files/sound_files/2022-06-08--06-52-11_2__segment2.wav,0,1,3,2,2022-06-08 6:52:11,19.14,39.1,Queenright
../archive/sound_files/sound_files/2022-06-06--16-22-57_2__segment3.wav,0,1,3,2,2022-06-06 16:22:57,28.07,33.75,Queenright
../archive/sound_files/sound_files/2022-06-06--06-30-21_2__segment5.wav,0,1,3,2,2022-06-06 6:30:21,19.19,48.11,Queenright
../archive/sound_files/sound_files/2022-06-11--23-38-36_2__segment4.wav,2,1,3,2,2022-06-11 23:38:36,21.87,57.78,Queen_New
../archive/sound_files/sound_files/2022-06-09--12-07-14_2__segment4.wav,1,0,3,2,2022-06-09 12:07:14,53.76,10.59,Queenless
../archive/sound_files/sound_files/2022-06-11--22-39-24_2__segment3.wav,2,1,3,2,2022-06-11 22:39:24,22.73,54.89,Queen_New
../archive/sound_files/sound_files/2022-06-07--23-57-34_2__segment4.wav,0,1,3,2,2022-06-07 23:57:34,19.94,34.24,Queenright
../archive/sound_files/sound_files/2022-06-07--08-10-22_2__segment4.wav,0,1,3,2,2022-06-07 8:10:22,23.2,45.39,Queenright
../archive/sound_files/sound_files/2022-06-06--03-32-49_2__segment1.wav,0,1,3,2,2022-06-06 3:32:49,19.76,49.97,Queenright
../archive/sound_files/sound_files/2022-06-10--15-33-29_2__segment3.wav,2,1,3,2,2022-06-10 15:33:29,37.84,19.68,Queen_New
../archive/sound_files/sound_files/2022-06-08--22-17-37_2__segment1.wav,1,0,3,2,2022-06-08 22:17:37,20.07,44.8,Queenless
../archive/sound_files/sound_files/2022-06-08--21-18-28_2__segment2.wav,1,0,3,2,2022-06-08 21:18:28,21.13,46.68,Queenless
../archive/sound_files/sound_files/2022-06-09--03-13-33_2__segment0.wav,1,0,3,2,2022-06-09 3:13:33,16.58,56.87,Queenless
../archive/sound_files/sound_files/2022-06-13--11-48-58_2__segment4.wav,2,1,3,2,2022-06-13 11:48:58,51.82,11.7,Queen_New
../archive/sound_files/sound_files/2022-06-06--00-35-12_2__segment4.wav,0,1,3,2,2022-06-06 0:35:12,21.59,53.07,Queenright
../archive/sound_files/sound_files/2022-06-12--20-00-44_2__segment1.wav,2,1,3,2,2022-06-12 20:00:44,24.24,38.54,Queen_New
../archive/sound_files/sound_files/2022-06-09--20-47-36_2__segment3.wav,2,1,3,2,2022-06-09 20:47:36,26.05,31.58,Queen_New
../archive/sound_files/sound_files/2022-06-06--18-21-16_2__segment4.wav,0,1,3,2,2022-06-06 18:21:16,26.84,33.69,Queenright
../archive/sound_files/sound_files/2022-06-06--05-31-11_2__segment3.wav,0,1,3,2,2022-06-06 5:31:11,19.49,48.95,Queenright
../archive/sound_files/sound_files/2022-06-08--15-51-41_2__segment5.wav,1,0,3,2,2022-06-08 15:51:41,33.64,32.71,Queenless
../archive/sound_files/sound_files/2022-06-09--05-11-59_2__segment0.wav,1,0,3,2,2022-06-09 5:11:59,15.84,55.31,Queenless
../archive/sound_files/sound_files/2022-06-11--03-36-54_2__segment1.wav,2,1,3,2,2022-06-11 3:36:54,19.45,51.11,Queen_New
../archive/sound_files/sound_files/2022-06-10--09-37-48_2__segment2.wav,2,1,3,2,2022-06-10 9:37:48,48.48,16.92,Queen_New
../archive/sound_files/sound_files/2022-06-11--08-33-45_2__segment3.wav,2,1,3,2,2022-06-11 8:33:45,40.18,29.15,Queen_New
../archive/sound_files/sound_files/2022-06-07--13-07-01_2__segment4.wav,0,1,3,2,2022-06-07 13:07:01,32.67,35.86,Queenright
../archive/sound_files/sound_files/2022-06-08--19-20-13_2__segment5.wav,1,0,3,2,2022-06-08 19:20:13,25.74,40.11,Queenless
../archive/sound_files/sound_files/2022-06-06--07-29-46_2__segment1.wav,0,1,3,2,2022-06-06 7:29:46,21.31,48.81,Queenright
../archive/sound_files/sound_files/2022-06-13--06-51-50_2__segment4.wav,2,1,3,2,2022-06-13 6:51:50,18.13,44.52,Queen_New
../archive/sound_files/sound_files/2022-06-13--09-50-10_2__segment5.wav,2,1,3,2,2022-06-13 9:50:10,45.11,21.89,Queen_New
../archive/sound_files/sound_files/2022-06-12--15-26-04_2__segment1.wav,2,1,3,2,2022-06-12 15:26:04,35.0,31.38,Queen_New
../archive/sound_files/sound_files/2022-06-10--13-35-11_2__segment4.wav,2,1,3,2,2022-06-10 13:35:11,48.63,11.15,Queen_New
../archive/sound_files/sound_files/2022-06-07--01-15-21_2__segment1.wav,0,1,3,2,2022-06-07 1:15:21,19.43,41.75,Queenright
../archive/sound_files/sound_files/2022-06-06--16-22-57_2__segment5.wav,0,1,3,2,2022-06-06 16:22:57,28.07,33.75,Queenright
../archive/sound_files/sound_files/2022-06-05--22-36-48_2__segment1.wav,0,1,3,2,2022-06-05 22:36:48,23.07,51.73,Queenright
../archive/sound_files/sound_files/2022-06-11--13-30-47_2__segment0.wav,2,1,3,2,2022-06-11 13:30:47,47.36,12.57,Queen_New
../archive/sound_files/sound_files/2022-06-12--02-36-11_2__segment3.wav,2,1,3,2,2022-06-12 2:36:11,21.15,61.1,Queen_New
../archive/sound_files/sound_files/2022-06-10--02-42-41_2__segment5.wav,2,1,3,2,2022-06-10 2:42:41,20.16,48.19,Queen_New
../archive/sound_files/sound_files/2022-06-11--17-44-04_2__segment2.wav,2,1,3,2,2022-06-11 17:44:04,32.22,35.5,Queen_New
../archive/sound_files/sound_files/2022-06-12--17-03-34_2__segment5.wav,2,1,3,2,2022-06-12 17:03:34,27.36,45.41,Queen_New
../archive/sound_files/sound_files/2022-06-05--21-37-36_2__segment5.wav,0,1,3,2,2022-06-05 21:37:36,24.54,47.87,Queenright
../archive/sound_files/sound_files/2022-06-07--15-05-17_2__segment1.wav,0,1,3,2,2022-06-07 15:05:17,30.11,33.76,Queenright
../archive/sound_files/sound_files/2022-06-11--06-34-28_2__segment1.wav,2,1,3,2,2022-06-11 6:34:28,19.47,49.37,Queen_New
../archive/sound_files/sound_files/2022-06-09--23-45-06_2__segment0.wav,2,1,3,2,2022-06-09 23:45:06,22.03,41.05,Queen_New
../archive/sound_files/sound_files/2022-06-07--22-58-20_2__segment3.wav,0,1,3,2,2022-06-07 22:58:20,19.57,35.4,Queenright
../archive/sound_files/sound_files/2022-06-11--23-38-36_2__segment2.wav,2,1,3,2,2022-06-11 23:38:36,21.87,57.78,Queen_New
../archive/sound_files/sound_files/2022-06-10--10-37-17_2__segment5.wav,2,1,3,2,2022-06-10 10:37:17,53.66,11.04,Queen_New
../archive/sound_files/sound_files/2022-06-07--22-58-20_2__segment0.wav,0,1,3,2,2022-06-07 22:58:20,19.57,35.4,Queenright
../archive/sound_files/sound_files/2022-06-12--06-33-03_2__segment5.wav,2,1,3,2,2022-06-12 6:33:03,21.3,57.32,Queen_New
../archive/sound_files/sound_files/2022-06-07--01-15-21_2__segment2.wav,0,1,3,2,2022-06-07 1:15:21,19.43,41.75,Queenright
../archive/sound_files/sound_files/2022-06-10--00-44-16_2__segment0.wav,2,1,3,2,2022-06-10 0:44:16,21.27,45.4,Queen_New
../archive/sound_files/sound_files/2022-06-12--21-59-01_2__segment1.wav,2,1,3,2,2022-06-12 21:59:01,20.35,38.89,Queen_New
../archive/sound_files/sound_files/2022-06-10--12-36-00_2__segment5.wav,2,1,3,2,2022-06-10 12:36:00,51.96,10.38,Queen_New
../archive/sound_files/sound_files/2022-06-06--09-28-32_2__segment2.wav,0,1,3,2,2022-06-06 9:28:32,27.15,48.09,Queenright
../archive/sound_files/sound_files/2022-06-12--03-35-25_2__segment0.wav,2,1,3,2,2022-06-12 3:35:25,20.82,58.17,Queen_New
../archive/sound_files/sound_files/2022-06-10--15-33-29_2__segment2.wav,2,1,3,2,2022-06-10 15:33:29,37.84,19.68,Queen_New
../archive/sound_files/sound_files/2022-06-10--12-36-00_2__segment4.wav,2,1,3,2,2022-06-10 12:36:00,51.96,10.38,Queen_New
../archive/sound_files/sound_files/2022-06-07--06-11-25_2__segment2.wav,0,1,3,2,2022-06-07 6:11:25,18.65,46.35,Queenright
../archive/sound_files/sound_files/2022-06-10--10-37-17_2__segment1.wav,2,1,3,2,2022-06-10 10:37:17,53.66,11.04,Queen_New
../archive/sound_files/sound_files/2022-06-09--20-47-36_2__segment5.wav,2,1,3,2,2022-06-09 20:47:36,26.05,31.58,Queen_New
../archive/sound_files/sound_files/2022-06-10--14-34-20_2__segment1.wav,2,1,3,2,2022-06-10 14:34:20,41.36,13.25,Queen_New
../archive/sound_files/sound_files/2022-06-06--15-23-51_2__segment0.wav,0,1,3,2,2022-06-06 15:23:51,28.82,33.46,Queenright
../archive/sound_files/sound_files/2022-06-08--09-50-41_2__segment4.wav,0,1,3,2,2022-06-08 9:50:41,29.78,38.38,Queenright
../archive/sound_files/sound_files/2022-06-06--13-25-30_2__segment0.wav,0,1,3,2,2022-06-06 13:25:30,31.81,36.33,Queenright
../archive/sound_files/sound_files/2022-06-10--20-42-55_2__segment5.wav,2,1,3,2,2022-06-10 20:42:55,27.0,38.0,Queen_New
../archive/sound_files/sound_files/2022-06-11--19-42-07_2__segment2.wav,2,1,3,2,2022-06-11 19:42:07,28.5,44.04,Queen_New
../archive/sound_files/sound_files/2022-06-11--19-42-07_2__segment5.wav,2,1,3,2,2022-06-11 19:42:07,28.5,44.04,Queen_New
../archive/sound_files/sound_files/2022-06-07--05-12-08_2__segment0.wav,0,1,3,2,2022-06-07 5:12:08,18.15,45.43,Queenright
../archive/sound_files/sound_files/2022-06-12--17-03-34_2__segment2.wav,2,1,3,2,2022-06-12 17:03:34,27.36,45.41,Queen_New
../archive/sound_files/sound_files/2022-06-07--16-04-24_2__segment0.wav,0,1,3,2,2022-06-07 16:04:24,28.32,33.41,Queenright
../archive/sound_files/sound_files/2022-06-12--14-27-11_2__segment4.wav,2,1,3,2,2022-06-12 14:27:11,41.1,25.31,Queen_New
../archive/sound_files/sound_files/2022-06-06--00-35-12_2__segment5.wav,0,1,3,2,2022-06-06 0:35:12,21.59,53.07,Queenright
../archive/sound_files/sound_files/2022-06-12--23-57-28_2__segment2.wav,2,1,3,2,2022-06-12 23:57:28,19.6,54.38,Queen_New
../archive/sound_files/sound_files/2022-06-11--01-38-34_2__segment0.wav,2,1,3,2,2022-06-11 1:38:34,20.7,53.99,Queen_New
../archive/sound_files/sound_files/2022-06-13--14-46-29_2__segment3.wav,2,1,3,2,2022-06-13 14:46:29,33.34,18.27,Queen_New
../archive/sound_files/sound_files/2022-06-10--08-38-22_2__segment5.wav,2,1,3,2,2022-06-10 8:38:22,40.89,26.57,Queen_New
../archive/sound_files/sound_files/2022-06-09--00-15-57_2__segment4.wav,1,0,3,2,2022-06-09 0:15:57,18.52,47.68,Queenless
../archive/sound_files/sound_files/2022-06-10--11-36-39_2__segment5.wav,2,1,3,2,2022-06-10 11:36:39,51.73,10.41,Queen_New
../archive/sound_files/sound_files/2022-06-10--14-34-20_2__segment2.wav,2,1,3,2,2022-06-10 14:34:20,41.36,13.25,Queen_New
../archive/sound_files/sound_files/2022-06-07--07-10-46_2__segment3.wav,0,1,3,2,2022-06-07 7:10:46,19.81,50.87,Queenright
../archive/sound_files/sound_files/2022-06-05--23-36-04_2__segment5.wav,0,1,3,2,2022-06-05 23:36:04,22.46,52.37,Queenright
../archive/sound_files/sound_files/2022-06-11--13-30-47_2__segment2.wav,2,1,3,2,2022-06-11 13:30:47,47.36,12.57,Queen_New
../archive/sound_files/sound_files/2022-06-06--16-22-57_2__segment0.wav,0,1,3,2,2022-06-06 16:22:57,28.07,33.75,Queenright
../archive/sound_files/sound_files/2022-06-10--20-42-55_2__segment1.wav,2,1,3,2,2022-06-10 20:42:55,27.0,38.0,Queen_New
../archive/sound_files/sound_files/2022-06-12--23-57-28_2__segment0.wav,2,1,3,2,2022-06-12 23:57:28,19.6,54.38,Queen_New
../archive/sound_files/sound_files/2022-06-05--17-41-01_2__segment3.wav,0,1,3,2,2022-06-05 17:41:01,29.84,43.53,Queenright
../archive/sound_files/sound_files/2022-06-09--15-04-51_2__segment0.wav,1,0,3,2,2022-06-09 15:04:51,35.28,20.01,Queenless
../archive/sound_files/sound_files/2022-06-05--17-41-01_2__segment0.wav,0,1,3,2,2022-06-05 17:41:01,29.84,43.53,Queenright
../archive/sound_files/sound_files/2022-06-07--21-00-02_2__segment4.wav,0,1,3,2,2022-06-07 21:00:02,22.01,33.27,Queenright
../archive/sound_files/sound_files/2022-06-09--02-14-21_2__segment4.wav,1,0,3,2,2022-06-09 2:14:21,17.37,51.26,Queenless
../archive/sound_files/sound_files/2022-06-06--19-20-21_2__segment2.wav,0,1,3,2,2022-06-06 19:20:21,24.73,36.9,Queenright
../archive/sound_files/sound_files/2022-06-13--02-55-04_2__segment2.wav,2,1,3,2,2022-06-13 2:55:04,17.24,41.13,Queen_New
../archive/sound_files/sound_files/2022-06-08--17-22-00_2__segment5.wav,1,0,3,2,2022-06-08 17:22:00,30.45,35.13,Queenless
../archive/sound_files/sound_files/2022-06-13--13-47-23_2__segment3.wav,2,1,3,2,2022-06-13 13:47:23,41.9,12.83,Queen_New
../archive/sound_files/sound_files/2022-06-11--04-36-04_2__segment2.wav,2,1,3,2,2022-06-11 4:36:04,18.91,52.63,Queen_New
../archive/sound_files/sound_files/2022-06-09--11-07-46_2__segment0.wav,1,0,3,2,2022-06-09 11:07:46,50.28,16.65,Queenless
../archive/sound_files/sound_files/2022-06-12--05-33-50_2__segment0.wav,2,1,3,2,2022-06-12 5:33:50,20.38,60.48,Queen_New
../archive/sound_files/sound_files/2022-06-11--12-32-18_2__segment1.wav,2,1,3,2,2022-06-11 12:32:18,51.84,7.23,Queen_New
../archive/sound_files/sound_files/2022-06-13--02-55-04_2__segment5.wav,2,1,3,2,2022-06-13 2:55:04,17.24,41.13,Queen_New
../archive/sound_files/sound_files/2022-06-10--20-42-55_2__segment2.wav,2,1,3,2,2022-06-10 20:42:55,27.0,38.0,Queen_New
../archive/sound_files/sound_files/2022-06-11--04-36-04_2__segment5.wav,2,1,3,2,2022-06-11 4:36:04,18.91,52.63,Queen_New
../archive/sound_files/sound_files/2022-06-09--03-13-33_2__segment2.wav,1,0,3,2,2022-06-09 3:13:33,16.58,56.87,Queenless
../archive/sound_files/sound_files/2022-06-09--13-06-37_2__segment0.wav,1,0,3,2,2022-06-09 13:06:37,52.26,8.93,Queenless
../archive/sound_files/sound_files/2022-06-05--23-36-04_2__segment1.wav,0,1,3,2,2022-06-05 23:36:04,22.46,52.37,Queenright
../archive/sound_files/sound_files/2022-06-09--14-05-39_2__segment1.wav,1,0,3,2,2022-06-09 14:05:39,43.17,11.51,Queenless
../archive/sound_files/sound_files/2022-06-12--22-58-10_2__segment3.wav,2,1,3,2,2022-06-12 22:58:10,20.0,41.63,Queen_New
../archive/sound_files/sound_files/2022-06-05--19-39-14_2__segment3.wav,0,1,3,2,2022-06-05 19:39:14,26.52,46.6,Queenright
../archive/sound_files/sound_files/2022-06-12--06-33-03_2__segment1.wav,2,1,3,2,2022-06-12 6:33:03,21.3,57.32,Queen_New
../archive/sound_files/sound_files/2022-06-11--05-35-14_2__segment3.wav,2,1,3,2,2022-06-11 5:35:14,18.64,50.79,Queen_New
../archive/sound_files/sound_files/2022-06-12--03-35-25_2__segment4.wav,2,1,3,2,2022-06-12 3:35:25,20.82,58.17,Queen_New
../archive/sound_files/sound_files/2022-06-09--16-04-05_2__segment4.wav,1,0,3,2,2022-06-09 16:04:05,33.79,20.7,Queenless
../archive/sound_files/sound_files/2022-06-13--10-49-36_2__segment3.wav,2,1,3,2,2022-06-13 10:49:36,49.96,13.64,Queen_New
../archive/sound_files/sound_files/2022-06-08--17-22-00_2__segment4.wav,1,0,3,2,2022-06-08 17:22:00,30.45,35.13,Queenless
../archive/sound_files/sound_files/2022-06-09--13-06-37_2__segment2.wav,1,0,3,2,2022-06-09 13:06:37,52.26,8.93,Queenless
../archive/sound_files/sound_files/2022-06-11--14-29-57_2__segment5.wav,2,1,3,2,2022-06-11 14:29:57,39.97,19.61,Queen_New
../archive/sound_files/sound_files/2022-06-09--21-46-45_2__segment5.wav,2,1,3,2,2022-06-09 21:46:45,24.21,34.94,Queen_New
../archive/sound_files/sound_files/2022-06-08--01-55-59_2__segment0.wav,0,1,3,2,2022-06-08 1:55:59,19.07,36.97,Queenright
../archive/sound_files/sound_files/2022-06-07--18-02-41_2__segment5.wav,0,1,3,2,2022-06-07 18:02:41,26.01,34.5,Queenright
../archive/sound_files/sound_files/2022-06-06--14-24-42_2__segment1.wav,0,1,3,2,2022-06-06 14:24:42,30.08,33.84,Queenright
../archive/sound_files/sound_files/2022-06-11--13-30-47_2__segment5.wav,2,1,3,2,2022-06-11 13:30:47,47.36,12.57,Queen_New
../archive/sound_files/sound_files/2022-06-06--23-16-56_2__segment5.wav,0,1,3,2,2022-06-06 23:16:56,20.68,41.97,Queenright
../archive/sound_files/sound_files/2022-06-06--16-22-57_2__segment1.wav,0,1,3,2,2022-06-06 16:22:57,28.07,33.75,Queenright
../archive/sound_files/sound_files/2022-06-13--05-52-38_2__segment5.wav,2,1,3,2,2022-06-13 5:52:38,16.66,49.9,Queen_New
../archive/sound_files/sound_files/2022-06-12--03-35-25_2__segment2.wav,2,1,3,2,2022-06-12 3:35:25,20.82,58.17,Queen_New
../archive/sound_files/sound_files/2022-06-07--10-09-14_2__segment0.wav,0,1,3,2,2022-06-07 10:09:14,30.08,45.6,Queenright
../archive/sound_files/sound_files/2022-06-11--08-33-45_2__segment2.wav,2,1,3,2,2022-06-11 8:33:45,40.18,29.15,Queen_New
../archive/sound_files/sound_files/2022-06-07--03-13-45_2__segment4.wav,0,1,3,2,2022-06-07 3:13:45,18.29,42.46,Queenright
../archive/sound_files/sound_files/2022-06-10--08-38-22_2__segment3.wav,2,1,3,2,2022-06-10 8:38:22,40.89,26.57,Queen_New
../archive/sound_files/sound_files/2022-06-08--19-20-13_2__segment3.wav,1,0,3,2,2022-06-08 19:20:13,25.74,40.11,Queenless
../archive/sound_files/sound_files/2022-06-09--23-45-06_2__segment3.wav,2,1,3,2,2022-06-09 23:45:06,22.03,41.05,Queen_New
../archive/sound_files/sound_files/2022-06-07--09-09-47_2__segment4.wav,0,1,3,2,2022-06-07 9:09:47,26.47,47.47,Queenright
../archive/sound_files/sound_files/2022-06-07--06-11-25_2__segment1.wav,0,1,3,2,2022-06-07 6:11:25,18.65,46.35,Queenright
../archive/sound_files/sound_files/2022-06-10--09-37-48_2__segment4.wav,2,1,3,2,2022-06-10 9:37:48,48.48,16.92,Queen_New
../archive/sound_files/sound_files/2022-06-06--15-23-51_2__segment5.wav,0,1,3,2,2022-06-06 15:23:51,28.82,33.46,Queenright
../archive/sound_files/sound_files/2022-06-06--08-29-16_2__segment3.wav,0,1,3,2,2022-06-06 8:29:16,24.62,49.4,Queenright
../archive/sound_files/sound_files/2022-06-11--11-33-12_2__segment1.wav,2,1,3,2,2022-06-11 11:33:12,54.09,7.9,Queen_New
../archive/sound_files/sound_files/2022-06-06--18-21-16_2__segment0.wav,0,1,3,2,2022-06-06 18:21:16,26.84,33.69,Queenright
../archive/sound_files/sound_files/2022-06-13--07-51-24_2__segment5.wav,2,1,3,2,2022-06-13 7:51:24,28.26,44.65,Queen_New
../archive/sound_files/sound_files/2022-06-10--12-36-00_2__segment1.wav,2,1,3,2,2022-06-10 12:36:00,51.96,10.38,Queen_New
../archive/sound_files/sound_files/2022-06-12--03-35-25_2__segment1.wav,2,1,3,2,2022-06-12 3:35:25,20.82,58.17,Queen_New
../archive/sound_files/sound_files/2022-06-09--06-11-10_2__segment2.wav,1,0,3,2,2022-06-09 6:11:10,16.94,52.1,Queenless
../archive/sound_files/sound_files/2022-06-13--11-48-58_2__segment2.wav,2,1,3,2,2022-06-13 11:48:58,51.82,11.7,Queen_New
../archive/sound_files/sound_files/2022-06-09--04-12-46_2__segment1.wav,1,0,3,2,2022-06-09 4:12:46,15.9,59.0,Queenless
../archive/sound_files/sound_files/2022-06-08--02-55-11_2__segment2.wav,0,1,3,2,2022-06-08 2:55:11,18.71,37.25,Queenright
../archive/sound_files/sound_files/2022-06-11--14-29-57_2__segment4.wav,2,1,3,2,2022-06-11 14:29:57,39.97,19.61,Queen_New
../archive/sound_files/sound_files/2022-06-06--06-30-21_2__segment1.wav,0,1,3,2,2022-06-06 6:30:21,19.19,48.11,Queenright
../archive/sound_files/sound_files/2022-06-11--21-40-17_2__segment4.wav,2,1,3,2,2022-06-11 21:40:17,23.85,51.92,Queen_New
../archive/sound_files/sound_files/2022-06-11--19-42-07_2__segment1.wav,2,1,3,2,2022-06-11 19:42:07,28.5,44.04,Queen_New
../archive/sound_files/sound_files/2022-06-08--02-55-11_2__segment3.wav,0,1,3,2,2022-06-08 2:55:11,18.71,37.25,Queenright
../archive/sound_files/sound_files/2022-06-13--04-53-24_2__segment5.wav,2,1,3,2,2022-06-13 4:53:24,16.65,42.53,Queen_New
../archive/sound_files/sound_files/2022-06-11--23-38-36_2__segment0.wav,2,1,3,2,2022-06-11 23:38:36,21.87,57.78,Queen_New
../archive/sound_files/sound_files/2022-06-10--11-36-39_2__segment0.wav,2,1,3,2,2022-06-10 11:36:39,51.73,10.41,Queen_New
../archive/sound_files/sound_files/2022-06-11--08-33-45_2__segment5.wav,2,1,3,2,2022-06-11 8:33:45,40.18,29.15,Queen_New
../archive/sound_files/sound_files/2022-06-06--20-19-29_2__segment1.wav,0,1,3,2,2022-06-06 20:19:29,22.91,39.32,Queenright
../archive/sound_files/sound_files/2022-06-13--05-52-38_2__segment4.wav,2,1,3,2,2022-06-13 5:52:38,16.66,49.9,Queen_New
../archive/sound_files/sound_files/2022-06-08--00-56-47_2__segment4.wav,0,1,3,2,2022-06-08 0:56:47,19.76,34.89,Queenright
../archive/sound_files/sound_files/2022-06-06--12-26-27_2__segment1.wav,0,1,3,2,2022-06-06 12:26:27,32.03,40.32,Queenright
../archive/sound_files/sound_files/2022-06-11--22-39-24_2__segment1.wav,2,1,3,2,2022-06-11 22:39:24,22.73,54.89,Queen_New
../archive/sound_files/sound_files/2022-06-09--22-45-55_2__segment3.wav,2,1,3,2,2022-06-09 22:45:55,22.92,39.57,Queen_New
../archive/sound_files/sound_files/2022-06-09--02-14-21_2__segment2.wav,1,0,3,2,2022-06-09 2:14:21,17.37,51.26,Queenless
../archive/sound_files/sound_files/2022-06-06--10-27-52_2__segment1.wav,0,1,3,2,2022-06-06 10:27:52,29.25,44.66,Queenright
../archive/sound_files/sound_files/2022-06-07--15-05-17_2__segment5.wav,0,1,3,2,2022-06-07 15:05:17,30.11,33.76,Queenright
../archive/sound_files/sound_files/2022-06-12--19-01-33_2__segment0.wav,2,1,3,2,2022-06-12 19:01:33,25.94,40.62,Queen_New
../archive/sound_files/sound_files/2022-06-06--09-28-32_2__segment4.wav,0,1,3,2,2022-06-06 9:28:32,27.15,48.09,Queenright
../archive/sound_files/sound_files/2022-06-07--16-04-24_2__segment2.wav,0,1,3,2,2022-06-07 16:04:24,28.32,33.41,Queenright
../archive/sound_files/sound_files/2022-06-12--16-25-11_2__segment4.wav,2,1,3,2,2022-06-12 16:25:11,31.28,36.12,Queen_New
../archive/sound_files/sound_files/2022-06-07--20-00-55_2__segment4.wav,0,1,3,2,2022-06-07 20:00:55,22.81,33.93,Queenright
../archive/sound_files/sound_files/2022-06-11--23-38-36_2__segment1.wav,2,1,3,2,2022-06-11 23:38:36,21.87,57.78,Queen_New
../archive/sound_files/sound_files/2022-06-06--09-28-32_2__segment0.wav,0,1,3,2,2022-06-06 9:28:32,27.15,48.09,Queenright
../archive/sound_files/sound_files/2022-06-12--15-26-04_2__segment3.wav,2,1,3,2,2022-06-12 15:26:04,35.0,31.38,Queen_New
../archive/sound_files/sound_files/2022-06-12--20-00-44_2__segment2.wav,2,1,3,2,2022-06-12 20:00:44,24.24,38.54,Queen_New
../archive/sound_files/sound_files/2022-06-10--09-37-48_2__segment5.wav,2,1,3,2,2022-06-10 9:37:48,48.48,16.92,Queen_New
../archive/sound_files/sound_files/2022-06-12--10-30-28_2__segment0.wav,2,1,3,2,2022-06-12 10:30:28,49.19,18.15,Queen_New
../archive/sound_files/sound_files/2022-06-09--15-04-51_2__segment2.wav,1,0,3,2,2022-06-09 15:04:51,35.28,20.01,Queenless
../archive/sound_files/sound_files/2022-06-12--11-29-44_2__segment0.wav,2,1,3,2,2022-06-12 11:29:44,41.62,22.73,Queen_New
../archive/sound_files/sound_files/2022-06-11--18-43-10_2__segment2.wav,2,1,3,2,2022-06-11 18:43:10,30.57,38.54,Queen_New
../archive/sound_files/sound_files/2022-06-13--15-45-41_2__segment1.wav,2,1,3,2,2022-06-13 15:45:41,30.43,21.06,Queen_New
../archive/sound_files/sound_files/2022-06-13--14-46-29_2__segment5.wav,2,1,3,2,2022-06-13 14:46:29,33.34,18.27,Queen_New
../archive/sound_files/sound_files/2022-06-10--06-39-32_2__segment5.wav,2,1,3,2,2022-06-10 6:39:32,19.93,45.21,Queen_New
../archive/sound_files/sound_files/2022-06-08--21-18-28_2__segment1.wav,1,0,3,2,2022-06-08 21:18:28,21.13,46.68,Queenless
../archive/sound_files/sound_files/2022-06-10--10-37-17_2__segment4.wav,2,1,3,2,2022-06-10 10:37:17,53.66,11.04,Queen_New
../archive/sound_files/sound_files/2022-06-11--17-44-04_2__segment3.wav,2,1,3,2,2022-06-11 17:44:04,32.22,35.5,Queen_New
../archive/sound_files/sound_files/2022-06-09--02-14-21_2__segment5.wav,1,0,3,2,2022-06-09 2:14:21,17.37,51.26,Queenless
../archive/sound_files/sound_files/2022-06-09--13-06-37_2__segment1.wav,1,0,3,2,2022-06-09 13:06:37,52.26,8.93,Queenless
../archive/sound_files/sound_files/2022-06-10--13-35-11_2__segment3.wav,2,1,3,2,2022-06-10 13:35:11,48.63,11.15,Queen_New
../archive/sound_files/sound_files/2022-06-09--16-04-05_2__segment5.wav,1,0,3,2,2022-06-09 16:04:05,33.79,20.7,Queenless
../archive/sound_files/sound_files/2022-06-26--07-50-24_1__segment5.wav,1,0,4,1,2022-06-26 7:50:24,29.51,67.58,Queenless
../archive/sound_files/sound_files/2022-06-25--19-59-50_1__segment1.wav,1,0,4,1,2022-06-25 19:59:50,32.47,62.26,Queenless
../archive/sound_files/sound_files/2022-07-01--03-16-39_1__segment3.wav,3,1,4,1,2022-07-01 3:16:39,24.47,80.41,Queen_Accepted
../archive/sound_files/sound_files/2022-06-28--03-18-36_1__segment1.wav,2,1,4,1,2022-06-28 3:18:36,24.71,93.47,Queen_New
../archive/sound_files/sound_files/2022-06-27--08-31-09_1__segment3.wav,1,0,4,1,2022-06-27 8:31:09,29.34,68.98,Queenless
../archive/sound_files/sound_files/2022-06-28--04-17-44_1__segment5.wav,2,1,4,1,2022-06-28 4:17:44,24.38,91.77,Queen_New
../archive/sound_files/sound_files/2022-07-06--07-18-41_1__segment3.wav,3,1,4,1,2022-07-06 7:18:41,26.64,79.9,Queen_Accepted
../archive/sound_files/sound_files/2022-07-03--02-17-15_1__segment1.wav,3,1,4,1,2022-07-03 2:17:15,27.45,74.26,Queen_Accepted
../archive/sound_files/sound_files/2022-07-03--20-03-02_1__segment5.wav,3,1,4,1,2022-07-03 20:03:02,28.94,63.99,Queen_Accepted
../archive/sound_files/sound_files/2022-07-03--11-10-11_1__segment1.wav,3,1,4,1,2022-07-03 11:10:11,29.41,66.26,Queen_Accepted
../archive/sound_files/sound_files/2022-07-07--00-09-04_1__segment5.wav,3,1,4,1,2022-07-07 0:09:04,25.96,64.34,Queen_Accepted
../archive/sound_files/sound_files/2022-07-05--20-26-51_1__segment4.wav,3,1,4,1,2022-07-05 20:26:51,25.96,51.94,Queen_Accepted
../archive/sound_files/sound_files/2022-07-13--02-51-31_1__segment0.wav,3,1,4,1,2022-07-13 2:51:31,25.91,84.37,Queen_Accepted
../archive/sound_files/sound_files/2022-07-03--11-10-11_1__segment3.wav,3,1,4,1,2022-07-03 11:10:11,29.41,66.26,Queen_Accepted
../archive/sound_files/sound_files/2022-07-08--20-41-04_1__segment5.wav,3,1,4,1,2022-07-08 20:41:04,27.51,61.14,Queen_Accepted
../archive/sound_files/sound_files/2022-06-28--18-29-45_1__segment0.wav,2,1,4,1,2022-06-28 18:29:45,26.29,46.55,Queen_New
../archive/sound_files/sound_files/2022-07-05--18-28-41_1__segment5.wav,3,1,4,1,2022-07-05 18:28:41,28.94,52.06,Queen_Accepted
../archive/sound_files/sound_files/2022-07-06--10-16-43_1__segment1.wav,3,1,4,1,2022-07-06 10:16:43,31.05,61.59,Queen_Accepted
../archive/sound_files/sound_files/2022-06-24--21-52-38_1__segment4.wav,0,1,4,1,2022-06-24 21:52:38,29.99,71.59,Queenright
../archive/sound_files/sound_files/2022-07-12--14-00-17_1__segment0.wav,3,1,4,1,2022-07-12 14:00:17,34.33,36.08,Queen_Accepted
../archive/sound_files/sound_files/2022-06-28--16-09-24_1__segment1.wav,2,1,4,1,2022-06-28 16:09:24,32.94,51.52,Queen_New
../archive/sound_files/sound_files/2022-07-07--23-55-59_1__segment4.wav,3,1,4,1,2022-07-07 23:55:59,26.97,72.63,Queen_Accepted
../archive/sound_files/sound_files/2022-07-08--12-48-01_1__segment1.wav,3,1,4,1,2022-07-08 12:48:01,37.78,35.71,Queen_Accepted
../archive/sound_files/sound_files/2022-07-07--14-00-54_1__segment5.wav,3,1,4,1,2022-07-07 14:00:54,34.3,45.97,Queen_Accepted
../archive/sound_files/sound_files/2022-07-12--07-04-56_1__segment4.wav,3,1,4,1,2022-07-12 7:04:56,25.75,81.27,Queen_Accepted
../archive/sound_files/sound_files/2022-07-12--20-56-25_1__segment5.wav,3,1,4,1,2022-07-12 20:56:25,28.32,66.91,Queen_Accepted
../archive/sound_files/sound_files/2022-07-10--15-36-07_1__segment0.wav,3,1,4,1,2022-07-10 15:36:07,33.82,30.15,Queen_Accepted
../archive/sound_files/sound_files/2022-07-06--13-14-32_1__segment2.wav,3,1,4,1,2022-07-06 13:14:32,35.14,46.88,Queen_Accepted
../archive/sound_files/sound_files/2022-07-07--18-56-17_1__segment1.wav,3,1,4,1,2022-07-07 18:56:17,28.47,49.06,Queen_Accepted
../archive/sound_files/sound_files/2022-06-24--17-56-26_1__segment5.wav,0,1,4,1,2022-06-24 17:56:26,33.13,44.52,Queenright
../archive/sound_files/sound_files/2022-07-01--08-13-37_1__segment0.wav,3,1,4,1,2022-07-01 8:13:37,29.24,60.93,Queen_Accepted
../archive/sound_files/sound_files/2022-07-05--02-41-32_1__segment4.wav,3,1,4,1,2022-07-05 2:41:32,26.04,61.49,Queen_Accepted
../archive/sound_files/sound_files/2022-07-06--14-13-48_1__segment2.wav,3,1,4,1,2022-07-06 14:13:48,31.79,39.28,Queen_Accepted
../archive/sound_files/sound_files/2022-06-27--03-34-51_1__segment5.wav,1,0,4,1,2022-06-27 3:34:51,29.06,67.95,Queenless
../archive/sound_files/sound_files/2022-06-29--09-18-42_1__segment4.wav,2,1,4,1,2022-06-29 9:18:42,35.51,57.01,Queen_New
../archive/sound_files/sound_files/2022-06-27--02-35-34_1__segment0.wav,1,0,4,1,2022-06-27 2:35:34,28.83,69.63,Queenless
../archive/sound_files/sound_files/2022-07-07--11-03-43_1__segment5.wav,3,1,4,1,2022-07-07 11:03:43,34.74,50.5,Queen_Accepted
../archive/sound_files/sound_files/2022-07-05--06-38-16_1__segment4.wav,3,1,4,1,2022-07-05 6:38:16,28.35,73.86,Queen_Accepted
../archive/sound_files/sound_files/2022-07-10--06-39-34_1__segment2.wav,3,1,4,1,2022-07-10 6:39:34,23.82,77.23,Queen_Accepted
../archive/sound_files/sound_files/2022-07-14--13-26-20_1__segment0.wav,3,1,4,1,2022-07-14 13:26:20,35.76,34.91,Queen_Accepted
../archive/sound_files/sound_files/2022-07-15--04-18-34_1__segment3.wav,3,1,4,1,2022-07-15 4:18:34,25.63,89.5,Queen_Accepted
../archive/sound_files/sound_files/2022-07-08--21-40-10_1__segment3.wav,3,1,4,1,2022-07-08 21:40:10,28.83,77.07,Queen_Accepted
../archive/sound_files/sound_files/2022-07-03--10-10-57_1__segment5.wav,3,1,4,1,2022-07-03 10:10:57,28.57,67.99,Queen_Accepted
../archive/sound_files/sound_files/2022-07-04--21-45-51_1__segment0.wav,3,1,4,1,2022-07-04 21:45:51,29.88,57.5,Queen_Accepted
../archive/sound_files/sound_files/2022-07-09--02-39-17_1__segment5.wav,3,1,4,1,2022-07-09 2:39:17,26.4,81.85,Queen_Accepted
../archive/sound_files/sound_files/2022-07-02--23-19-39_1__segment0.wav,3,1,4,1,2022-07-02 23:19:39,27.98,65.59,Queen_Accepted
../archive/sound_files/sound_files/2022-07-12--10-03-19_1__segment1.wav,3,1,4,1,2022-07-12 10:03:19,31.88,60.23,Queen_Accepted
../archive/sound_files/sound_files/2022-06-24--15-58-15_1__segment4.wav,0,1,4,1,2022-06-24 15:58:15,35.57,34.84,Queenright
../archive/sound_files/sound_files/2022-06-25--11-42-54_1__segment5.wav,0,1,4,1,2022-06-25 11:42:54,44.35,24.02,Queenright
../archive/sound_files/sound_files/2022-06-26--01-54-51_1__segment3.wav,1,0,4,1,2022-06-26 1:54:51,29.97,69.15,Queenless
../archive/sound_files/sound_files/2022-07-11--19-25-17_1__segment0.wav,3,1,4,1,2022-07-11 19:25:17,30.41,40.89,Queen_Accepted
../archive/sound_files/sound_files/2022-06-28--13-11-58_1__segment3.wav,2,1,4,1,2022-06-28 13:11:58,36.69,48.49,Queen_New
../archive/sound_files/sound_files/2022-06-25--04-46-52_1__segment3.wav,0,1,4,1,2022-06-25 4:46:52,27.34,78.32,Queenright
../archive/sound_files/sound_files/2022-07-04--14-48-38_1__segment4.wav,3,1,4,1,2022-07-04 14:48:38,32.15,42.33,Queen_Accepted
../archive/sound_files/sound_files/2022-07-03--12-09-31_1__segment0.wav,3,1,4,1,2022-07-03 12:09:31,31.12,65.73,Queen_Accepted
../archive/sound_files/sound_files/2022-06-28--13-11-58_1__segment1.wav,2,1,4,1,2022-06-28 13:11:58,36.69,48.49,Queen_New
../archive/sound_files/sound_files/2022-07-08--06-51-57_1__segment3.wav,3,1,4,1,2022-07-08 6:51:57,24.32,74.09,Queen_Accepted
../archive/sound_files/sound_files/2022-07-05--07-37-32_1__segment2.wav,3,1,4,1,2022-07-05 7:37:32,28.18,69.66,Queen_Accepted
../archive/sound_files/sound_files/2022-07-01--23-05-05_1__segment1.wav,3,1,4,1,2022-07-01 23:05:05,27.03,73.91,Queen_Accepted
../archive/sound_files/sound_files/2022-07-06--06-19-25_1__segment1.wav,3,1,4,1,2022-07-06 6:19:25,26.11,75.64,Queen_Accepted
../archive/sound_files/sound_files/2022-07-09--00-40-46_1__segment0.wav,3,1,4,1,2022-07-09 0:40:46,27.42,80.63,Queen_Accepted
../archive/sound_files/sound_files/2022-06-29--04-21-13_1__segment3.wav,2,1,4,1,2022-06-29 4:21:13,24.19,91.63,Queen_New
../archive/sound_files/sound_files/2022-07-12--17-59-09_1__segment0.wav,3,1,4,1,2022-07-12 17:59:09,30.44,44.52,Queen_Accepted
../archive/sound_files/sound_files/2022-07-05--21-26-04_1__segment4.wav,3,1,4,1,2022-07-05 21:26:04,28.1,66.06,Queen_Accepted
../archive/sound_files/sound_files/2022-07-01--14-39-10_1__segment2.wav,3,1,4,1,2022-07-01 14:39:10,33.92,30.37,Queen_Accepted
../archive/sound_files/sound_files/2022-06-28--08-15-02_1__segment3.wav,2,1,4,1,2022-06-28 8:15:02,31.1,62.96,Queen_New
../archive/sound_files/sound_files/2022-07-01--11-12-58_1__segment3.wav,3,1,4,1,2022-07-01 11:12:58,46.73,28.69,Queen_Accepted
../archive/sound_files/sound_files/2022-06-26--02-54-05_1__segment5.wav,1,0,4,1,2022-06-26 2:54:05,29.55,73.83,Queenless
../archive/sound_files/sound_files/2022-07-13--22-37-39_1__segment1.wav,3,1,4,1,2022-07-13 22:37:39,27.21,73.78,Queen_Accepted
../archive/sound_files/sound_files/2022-07-04--09-52-21_1__segment4.wav,3,1,4,1,2022-07-04 9:52:21,32.37,61.09,Queen_Accepted
../archive/sound_files/sound_files/2022-06-27--11-20-47_1__segment2.wav,1,0,4,1,2022-06-27 11:20:47,34.69,52.7,Queenless
../archive/sound_files/sound_files/2022-07-02--05-00-25_1__segment5.wav,3,1,4,1,2022-07-02 5:00:25,27.67,68.51,Queen_Accepted
../archive/sound_files/sound_files/2022-07-07--04-06-10_1__segment2.wav,3,1,4,1,2022-07-07 4:06:10,27.35,69.21,Queen_Accepted
../archive/sound_files/sound_files/2022-07-15--11-14-12_1__segment5.wav,3,1,4,1,2022-07-15 11:14:12,35.61,45.85,Queen_Accepted
../archive/sound_files/sound_files/2022-07-01--11-12-58_1__segment5.wav,3,1,4,1,2022-07-01 11:12:58,46.73,28.69,Queen_Accepted
../archive/sound_files/sound_files/2022-07-07--10-04-31_1__segment0.wav,3,1,4,1,2022-07-07 10:04:31,31.33,56.17,Queen_Accepted
../archive/sound_files/sound_files/2022-06-26--20-40-16_1__segment1.wav,1,0,4,1,2022-06-26 20:40:16,31.42,67.71,Queenless
../archive/sound_files/sound_files/2022-07-13--02-51-31_1__segment1.wav,3,1,4,1,2022-07-13 2:51:31,25.91,84.37,Queen_Accepted
../archive/sound_files/sound_files/2022-06-29--03-22-00_1__segment4.wav,2,1,4,1,2022-06-29 3:22:00,24.58,87.29,Queen_New
../archive/sound_files/sound_files/2022-07-03--14-08-02_1__segment3.wav,3,1,4,1,2022-07-03 14:08:02,29.98,43.35,Queen_Accepted
../archive/sound_files/sound_files/2022-07-05--00-43-17_1__segment5.wav,3,1,4,1,2022-07-05 0:43:17,28.55,72.28,Queen_Accepted
../archive/sound_files/sound_files/2022-07-01--00-19-07_1__segment0.wav,3,1,4,1,2022-07-01 0:19:07,24.96,79.96,Queen_Accepted
../archive/sound_files/sound_files/2022-07-01--01-18-17_1__segment1.wav,3,1,4,1,2022-07-01 1:18:17,24.88,83.25,Queen_Accepted
../archive/sound_files/sound_files/2022-07-01--14-39-10_1__segment5.wav,3,1,4,1,2022-07-01 14:39:10,33.92,30.37,Queen_Accepted
../archive/sound_files/sound_files/2022-07-08--13-47-14_1__segment3.wav,3,1,4,1,2022-07-08 13:47:14,34.83,34.97,Queen_Accepted
../archive/sound_files/sound_files/2022-07-02--12-54-38_1__segment2.wav,3,1,4,1,2022-07-02 12:54:38,32.89,52.26,Queen_Accepted
../archive/sound_files/sound_files/2022-07-04--12-50-12_1__segment0.wav,3,1,4,1,2022-07-04 12:50:12,33.04,46.17,Queen_Accepted
../archive/sound_files/sound_files/2022-07-01--00-19-07_1__segment1.wav,3,1,4,1,2022-07-01 0:19:07,24.96,79.96,Queen_Accepted
../archive/sound_files/sound_files/2022-06-26--01-54-51_1__segment5.wav,1,0,4,1,2022-06-26 1:54:51,29.97,69.15,Queenless
../archive/sound_files/sound_files/2022-07-13--03-50-40_1__segment5.wav,3,1,4,1,2022-07-13 3:50:40,25.66,73.82,Queen_Accepted
../archive/sound_files/sound_files/2022-07-07--13-01-42_1__segment1.wav,3,1,4,1,2022-07-07 13:01:42,37.39,43.96,Queen_Accepted
../archive/sound_files/sound_files/2022-07-07--15-59-01_1__segment2.wav,3,1,4,1,2022-07-07 15:59:01,31.46,46.5,Queen_Accepted
../archive/sound_files/sound_files/2022-07-15--05-17-44_1__segment0.wav,3,1,4,1,2022-07-15 5:17:44,25.42,89.08,Queen_Accepted
../archive/sound_files/sound_files/2022-07-08--03-54-17_1__segment1.wav,3,1,4,1,2022-07-08 3:54:17,25.89,75.0,Queen_Accepted
../archive/sound_files/sound_files/2022-07-12--20-56-25_1__segment3.wav,3,1,4,1,2022-07-12 20:56:25,28.32,66.91,Queen_Accepted
../archive/sound_files/sound_files/2022-06-30--23-19-59_1__segment4.wav,3,1,4,1,2022-06-30 23:19:59,24.9,84.74,Queen_Accepted
../archive/sound_files/sound_files/2022-07-05--06-38-16_1__segment2.wav,3,1,4,1,2022-07-05 6:38:16,28.35,73.86,Queen_Accepted
../archive/sound_files/sound_files/2022-06-26--16-43-48_1__segment0.wav,1,0,4,1,2022-06-26 16:43:48,33.43,49.17,Queenless
../archive/sound_files/sound_files/2022-07-05--16-30-31_1__segment1.wav,3,1,4,1,2022-07-05 16:30:31,30.59,47.75,Queen_Accepted
../archive/sound_files/sound_files/2022-06-28--17-08-34_1__segment2.wav,2,1,4,1,2022-06-28 17:08:34,32.27,52.55,Queen_New
../archive/sound_files/sound_files/2022-07-15--00-21-50_1__segment3.wav,3,1,4,1,2022-07-15 0:21:50,26.85,85.25,Queen_Accepted
../archive/sound_files/sound_files/2022-06-28--02-19-24_1__segment5.wav,2,1,4,1,2022-06-28 2:19:24,24.93,91.22,Queen_New
../archive/sound_files/sound_files/2022-07-14--11-27-51_1__segment5.wav,3,1,4,1,2022-07-14 11:27:51,36.37,43.67,Queen_Accepted
../archive/sound_files/sound_files/2022-07-04--21-45-51_1__segment4.wav,3,1,4,1,2022-07-04 21:45:51,29.88,57.5,Queen_Accepted
../archive/sound_files/sound_files/2022-07-01--21-06-42_1__segment4.wav,3,1,4,1,2022-07-01 21:06:42,26.99,74.62,Queen_Accepted
../archive/sound_files/sound_files/2022-06-28--09-14-48_1__segment3.wav,2,1,4,1,2022-06-28 9:14:48,31.87,63.54,Queen_New
../archive/sound_files/sound_files/2022-07-01--03-16-39_1__segment0.wav,3,1,4,1,2022-07-01 3:16:39,24.47,80.41,Queen_Accepted
../archive/sound_files/sound_files/2022-06-24--11-03-30_1__segment5.wav,0,1,4,1,2022-06-24 11:03:30,48.42,20.98,Queenright
../archive/sound_files/sound_files/2022-07-02--02-02-40_1__segment2.wav,3,1,4,1,2022-07-02 2:02:40,26.59,66.22,Queen_Accepted
../archive/sound_files/sound_files/2022-07-02--03-01-54_1__segment1.wav,3,1,4,1,2022-07-02 3:01:54,27.2,68.73,Queen_Accepted
../archive/sound_files/sound_files/2022-07-10--08-42-00_1__segment4.wav,3,1,4,1,2022-07-10 8:42:00,27.7,63.7,Queen_Accepted
../archive/sound_files/sound_files/2022-06-26--17-42-56_1__segment0.wav,1,0,4,1,2022-06-26 17:42:56,32.44,56.09,Queenless
../archive/sound_files/sound_files/2022-06-25--19-00-41_1__segment1.wav,1,0,4,1,2022-06-25 19:00:41,32.77,54.16,Queenless
../archive/sound_files/sound_files/2022-07-01--03-16-39_1__segment2.wav,3,1,4,1,2022-07-01 3:16:39,24.47,80.41,Queen_Accepted
../archive/sound_files/sound_files/2022-06-26--14-45-27_1__segment0.wav,1,0,4,1,2022-06-26 14:45:27,34.63,51.47,Queenless
../archive/sound_files/sound_files/2022-06-26--04-52-33_1__segment4.wav,1,0,4,1,2022-06-26 4:52:33,28.86,67.76,Queenless
../archive/sound_files/sound_files/2022-07-03--16-06-38_1__segment3.wav,3,1,4,1,2022-07-03 16:06:38,29.43,46.67,Queen_Accepted
../archive/sound_files/sound_files/2022-06-26--13-46-18_1__segment1.wav,1,0,4,1,2022-06-26 13:46:18,35.14,37.31,Queenless
../archive/sound_files/sound_files/2022-07-06--22-10-00_1__segment3.wav,3,1,4,1,2022-07-06 22:10:00,27.21,66.67,Queen_Accepted
../archive/sound_files/sound_files/2022-07-04--22-45-04_1__segment0.wav,3,1,4,1,2022-07-04 22:45:04,29.22,62.91,Queen_Accepted
../archive/sound_files/sound_files/2022-07-14--20-19-58_1__segment3.wav,3,1,4,1,2022-07-14 20:19:58,26.83,45.19,Queen_Accepted
../archive/sound_files/sound_files/2022-07-02--14-52-46_1__segment5.wav,3,1,4,1,2022-07-02 14:52:46,29.83,53.97,Queen_Accepted
../archive/sound_files/sound_files/2022-07-12--14-00-17_1__segment4.wav,3,1,4,1,2022-07-12 14:00:17,34.33,36.08,Queen_Accepted
../archive/sound_files/sound_files/2022-07-15--08-15-50_1__segment2.wav,3,1,4,1,2022-07-15 8:15:50,26.75,80.72,Queen_Accepted
../archive/sound_files/sound_files/2022-07-12--08-04-17_1__segment0.wav,3,1,4,1,2022-07-12 8:04:17,25.41,74.6,Queen_Accepted
../archive/sound_files/sound_files/2022-06-26--08-49-49_1__segment1.wav,1,0,4,1,2022-06-26 8:49:49,30.94,60.96,Queenless
../archive/sound_files/sound_files/2022-07-05--17-29-38_1__segment2.wav,3,1,4,1,2022-07-05 17:29:38,29.9,49.92,Queen_Accepted
../archive/sound_files/sound_files/2022-06-25--12-41-45_1__segment1.wav,0,1,4,1,2022-06-25 12:41:45,42.31,24.49,Queenright
../archive/sound_files/sound_files/2022-07-06--00-23-52_1__segment0.wav,3,1,4,1,2022-07-06 0:23:52,27.53,75.44,Queen_Accepted
../archive/sound_files/sound_files/2022-07-13--20-39-19_1__segment0.wav,3,1,4,1,2022-07-13 20:39:19,27.86,53.96,Queen_Accepted
../archive/sound_files/sound_files/2022-07-08--07-51-47_1__segment3.wav,3,1,4,1,2022-07-08 7:51:47,26.47,74.91,Queen_Accepted
../archive/sound_files/sound_files/2022-06-29--01-23-38_1__segment0.wav,2,1,4,1,2022-06-29 1:23:38,25.33,89.42,Queen_New
../archive/sound_files/sound_files/2022-07-02--20-22-06_1__segment5.wav,3,1,4,1,2022-07-02 20:22:06,27.35,64.66,Queen_Accepted
../archive/sound_files/sound_files/2022-07-12--23-53-54_1__segment5.wav,3,1,4,1,2022-07-12 23:53:54,26.74,70.33,Queen_Accepted
../archive/sound_files/sound_files/2022-07-15--13-12-45_1__segment2.wav,3,1,4,1,2022-07-15 13:12:45,36.07,36.63,Queen_Accepted
../archive/sound_files/sound_files/2022-06-29--13-15-03_1__segment4.wav,2,1,4,1,2022-06-29 13:15:03,39.38,26.66,Queen_New
../archive/sound_files/sound_files/2022-07-13--01-52-15_1__segment4.wav,3,1,4,1,2022-07-13 1:52:15,25.3,60.78,Queen_Accepted
../archive/sound_files/sound_files/2022-06-28--11-13-44_1__segment3.wav,2,1,4,1,2022-06-28 11:13:44,36.38,57.21,Queen_New
../archive/sound_files/sound_files/2022-07-05--22-25-26_1__segment0.wav,3,1,4,1,2022-07-05 22:25:26,28.4,75.16,Queen_Accepted
../archive/sound_files/sound_files/2022-07-05--10-35-36_1__segment0.wav,3,1,4,1,2022-07-05 10:35:36,33.59,53.35,Queen_Accepted
../archive/sound_files/sound_files/2022-07-02--00-04-23_1__segment4.wav,3,1,4,1,2022-07-02 0:04:23,28.18,71.52,Queen_Accepted
../archive/sound_files/sound_files/2022-07-03--09-11-41_1__segment2.wav,3,1,4,1,2022-07-03 9:11:41,28.15,65.43,Queen_Accepted
../archive/sound_files/sound_files/2022-07-04--08-52-56_1__segment3.wav,3,1,4,1,2022-07-04 8:52:56,30.2,58.57,Queen_Accepted
../archive/sound_files/sound_files/2022-07-01--09-13-50_1__segment3.wav,3,1,4,1,2022-07-01 9:13:50,33.97,50.38,Queen_Accepted
../archive/sound_files/sound_files/2022-07-13--17-42-02_1__segment0.wav,3,1,4,1,2022-07-13 17:42:02,30.87,51.42,Queen_Accepted
../archive/sound_files/sound_files/2022-07-14--23-22-40_1__segment2.wav,3,1,4,1,2022-07-14 23:22:40,27.32,71.76,Queen_Accepted
../archive/sound_files/sound_files/2022-07-04--20-46-42_1__segment4.wav,3,1,4,1,2022-07-04 20:46:42,28.88,58.59,Queen_Accepted
../archive/sound_files/sound_files/2022-06-24--13-01-08_1__segment5.wav,0,1,4,1,2022-06-24 13:01:08,44.55,20.51,Queenright
../archive/sound_files/sound_files/2022-07-04--11-50-51_1__segment1.wav,3,1,4,1,2022-07-04 11:50:51,33.25,51.37,Queen_Accepted
../archive/sound_files/sound_files/2022-07-05--14-32-08_1__segment0.wav,3,1,4,1,2022-07-05 14:32:08,30.65,46.28,Queen_Accepted
../archive/sound_files/sound_files/2022-06-24--19-54-30_1__segment4.wav,0,1,4,1,2022-06-24 19:54:30,31.22,61.15,Queenright
../archive/sound_files/sound_files/2022-07-09--20-40-26_1__segment2.wav,3,1,4,1,2022-07-09 20:40:26,27.9,57.44,Queen_Accepted
../archive/sound_files/sound_files/2022-06-24--22-51-46_1__segment4.wav,0,1,4,1,2022-06-24 22:51:46,29.62,77.41,Queenright
../archive/sound_files/sound_files/2022-07-07--05-08-42_1__segment0.wav,3,1,4,1,2022-07-07 5:08:42,26.92,67.94,Queen_Accepted
../archive/sound_files/sound_files/2022-07-15--15-12-01_1__segment2.wav,3,1,4,1,2022-07-15 15:12:01,32.1,49.27,Queen_Accepted
../archive/sound_files/sound_files/2022-07-03--04-15-39_1__segment3.wav,3,1,4,1,2022-07-03 4:15:39,27.51,70.24,Queen_Accepted
../archive/sound_files/sound_files/2022-06-30--23-19-59_1__segment1.wav,3,1,4,1,2022-06-30 23:19:59,24.9,84.74,Queen_Accepted
../archive/sound_files/sound_files/2022-07-08--01-55-53_1__segment5.wav,3,1,4,1,2022-07-08 1:55:53,26.48,73.48,Queen_Accepted
../archive/sound_files/sound_files/2022-07-09--09-34-03_1__segment4.wav,3,1,4,1,2022-07-09 9:34:03,30.21,65.67,Queen_Accepted
../archive/sound_files/sound_files/2022-07-05--11-34-47_1__segment4.wav,3,1,4,1,2022-07-05 11:34:47,32.26,42.62,Queen_Accepted
../archive/sound_files/sound_files/2022-06-26--20-40-16_1__segment2.wav,1,0,4,1,2022-06-26 20:40:16,31.42,67.71,Queenless
../archive/sound_files/sound_files/2022-07-01--12-42-18_1__segment1.wav,3,1,4,1,2022-07-01 12:42:18,44.96,21.32,Queen_Accepted
../archive/sound_files/sound_files/2022-06-25--09-44-22_1__segment4.wav,0,1,4,1,2022-06-25 9:44:22,42.13,40.98,Queenright
../archive/sound_files/sound_files/2022-07-06--09-17-18_1__segment2.wav,3,1,4,1,2022-07-06 9:17:18,28.81,69.26,Queen_Accepted
../archive/sound_files/sound_files/2022-07-14--13-26-20_1__segment2.wav,3,1,4,1,2022-07-14 13:26:20,35.76,34.91,Queen_Accepted
../archive/sound_files/sound_files/2022-06-26--08-49-49_1__segment0.wav,1,0,4,1,2022-06-26 8:49:49,30.94,60.96,Queenless
../archive/sound_files/sound_files/2022-07-07--06-07-22_1__segment3.wav,3,1,4,1,2022-07-07 6:07:22,26.44,78.58,Queen_Accepted
../archive/sound_files/sound_files/2022-07-08--03-54-17_1__segment4.wav,3,1,4,1,2022-07-08 3:54:17,25.89,75.0,Queen_Accepted
../archive/sound_files/sound_files/2022-07-13--21-38-28_1__segment4.wav,3,1,4,1,2022-07-13 21:38:28,28.52,69.85,Queen_Accepted
../archive/sound_files/sound_files/2022-06-24--16-57-25_1__segment4.wav,0,1,4,1,2022-06-24 16:57:25,34.19,44.1,Queenright
../archive/sound_files/sound_files/2022-07-02--18-23-54_1__segment3.wav,3,1,4,1,2022-07-02 18:23:54,28.01,51.78,Queen_Accepted
../archive/sound_files/sound_files/2022-07-04--07-53-35_1__segment5.wav,3,1,4,1,2022-07-04 7:53:35,28.96,57.77,Queen_Accepted
../archive/sound_files/sound_files/2022-07-14--14-25-33_1__segment1.wav,3,1,4,1,2022-07-14 14:25:33,33.34,38.15,Queen_Accepted
../archive/sound_files/sound_files/2022-06-27--12-20-07_1__segment4.wav,1,0,4,1,2022-06-27 12:20:07,36.3,50.91,Queenless
../archive/sound_files/sound_files/2022-07-06--08-17-56_1__segment1.wav,3,1,4,1,2022-07-06 8:17:56,27.67,73.51,Queen_Accepted
../archive/sound_files/sound_files/2022-07-14--19-20-53_1__segment3.wav,3,1,4,1,2022-07-14 19:20:53,28.49,51.49,Queen_Accepted
../archive/sound_files/sound_files/2022-06-27--01-36-20_1__segment5.wav,1,0,4,1,2022-06-27 1:36:20,29.26,75.72,Queenless
../archive/sound_files/sound_files/2022-06-30--19-23-19_1__segment2.wav,3,1,4,1,2022-06-30 19:23:19,26.26,75.37,Queen_Accepted
../archive/sound_files/sound_files/2022-07-13--17-42-02_1__segment2.wav,3,1,4,1,2022-07-13 17:42:02,30.87,51.42,Queen_Accepted
../archive/sound_files/sound_files/2022-06-25--21-58-09_1__segment2.wav,1,0,4,1,2022-06-25 21:58:09,31.84,69.55,Queenless
../archive/sound_files/sound_files/2022-07-08--11-48-51_1__segment0.wav,3,1,4,1,2022-07-08 11:48:51,36.6,35.47,Queen_Accepted
../archive/sound_files/sound_files/2022-06-24--22-51-46_1__segment5.wav,0,1,4,1,2022-06-24 22:51:46,29.62,77.41,Queenright
../archive/sound_files/sound_files/2022-07-11--06-14-15_1__segment2.wav,3,1,4,1,2022-07-11 6:14:15,25.33,76.67,Queen_Accepted
../archive/sound_files/sound_files/2022-07-06--15-12-57_1__segment3.wav,3,1,4,1,2022-07-06 15:12:57,31.36,51.05,Queen_Accepted
../archive/sound_files/sound_files/2022-07-10--11-39-23_1__segment0.wav,3,1,4,1,2022-07-10 11:39:23,36.9,41.53,Queen_Accepted
../archive/sound_files/sound_files/2022-07-13--05-49-03_1__segment2.wav,3,1,4,1,2022-07-13 5:49:03,24.0,73.35,Queen_Accepted
../archive/sound_files/sound_files/2022-06-25--19-00-41_1__segment2.wav,1,0,4,1,2022-06-25 19:00:41,32.77,54.16,Queenless
../archive/sound_files/sound_files/2022-07-10--12-38-24_1__segment2.wav,3,1,4,1,2022-07-10 12:38:24,37.87,31.77,Queen_Accepted
../archive/sound_files/sound_files/2022-07-04--01-58-01_1__segment4.wav,3,1,4,1,2022-07-04 1:58:01,28.15,69.9,Queen_Accepted
../archive/sound_files/sound_files/2022-07-06--02-22-17_1__segment4.wav,3,1,4,1,2022-07-06 2:22:17,27.65,80.07,Queen_Accepted
../archive/sound_files/sound_files/2022-07-13--02-51-31_1__segment3.wav,3,1,4,1,2022-07-13 2:51:31,25.91,84.37,Queen_Accepted
../archive/sound_files/sound_files/2022-06-24--14-59-04_1__segment3.wav,0,1,4,1,2022-06-24 14:59:04,36.17,27.72,Queenright
../archive/sound_files/sound_files/2022-06-25--11-42-54_1__segment4.wav,0,1,4,1,2022-06-25 11:42:54,44.35,24.02,Queenright
../archive/sound_files/sound_files/2022-07-06--18-10-58_1__segment0.wav,3,1,4,1,2022-07-06 18:10:58,28.92,57.21,Queen_Accepted
../archive/sound_files/sound_files/2022-07-09--02-39-17_1__segment2.wav,3,1,4,1,2022-07-09 2:39:17,26.4,81.85,Queen_Accepted
../archive/sound_files/sound_files/2022-06-26--22-38-40_1__segment1.wav,1,0,4,1,2022-06-26 22:38:40,30.4,78.26,Queenless
../archive/sound_files/sound_files/2022-07-07--07-06-51_1__segment0.wav,3,1,4,1,2022-07-07 7:06:51,26.83,72.15,Queen_Accepted
../archive/sound_files/sound_files/2022-07-12--14-00-17_1__segment1.wav,3,1,4,1,2022-07-12 14:00:17,34.33,36.08,Queen_Accepted
../archive/sound_files/sound_files/2022-07-03--19-03-58_1__segment1.wav,3,1,4,1,2022-07-03 19:03:58,29.1,57.32,Queen_Accepted
../archive/sound_files/sound_files/2022-07-09--13-35-26_1__segment2.wav,3,1,4,1,2022-07-09 13:35:26,35.63,41.49,Queen_Accepted
../archive/sound_files/sound_files/2022-07-01--09-13-50_1__segment5.wav,3,1,4,1,2022-07-01 9:13:50,33.97,50.38,Queen_Accepted
../archive/sound_files/sound_files/2022-07-02--02-02-40_1__segment0.wav,3,1,4,1,2022-07-02 2:02:40,26.59,66.22,Queen_Accepted
../archive/sound_files/sound_files/2022-07-07--20-54-40_1__segment2.wav,3,1,4,1,2022-07-07 20:54:40,27.07,60.72,Queen_Accepted
../archive/sound_files/sound_files/2022-06-24--20-53-33_1__segment3.wav,0,1,4,1,2022-06-24 20:53:33,30.48,69.95,Queenright
../archive/sound_files/sound_files/2022-07-14--14-25-33_1__segment4.wav,3,1,4,1,2022-07-14 14:25:33,33.34,38.15,Queen_Accepted
../archive/sound_files/sound_files/2022-07-14--17-22-39_1__segment2.wav,3,1,4,1,2022-07-14 17:22:39,30.18,47.96,Queen_Accepted
../archive/sound_files/sound_files/2022-07-08--02-55-07_1__segment5.wav,3,1,4,1,2022-07-08 2:55:07,26.31,76.52,Queen_Accepted
../archive/sound_files/sound_files/2022-06-28--15-10-15_1__segment2.wav,2,1,4,1,2022-06-28 15:10:15,33.56,49.84,Queen_New
../archive/sound_files/sound_files/2022-07-08--10-49-34_1__segment3.wav,3,1,4,1,2022-07-08 10:49:34,34.84,50.69,Queen_Accepted
../archive/sound_files/sound_files/2022-07-04--17-46-00_1__segment4.wav,3,1,4,1,2022-07-04 17:46:00,30.32,46.63,Queen_Accepted
../archive/sound_files/sound_files/2022-06-25--07-45-25_1__segment5.wav,0,1,4,1,2022-06-25 7:45:25,31.17,58.67,Queenright
../archive/sound_files/sound_files/2022-06-29--06-19-33_1__segment0.wav,2,1,4,1,2022-06-29 6:19:33,23.26,88.99,Queen_New
../archive/sound_files/sound_files/2022-07-09--18-42-04_1__segment4.wav,3,1,4,1,2022-07-09 18:42:04,29.16,52.48,Queen_Accepted
../archive/sound_files/sound_files/2022-06-28--10-14-18_1__segment0.wav,2,1,4,1,2022-06-28 10:14:18,33.81,58.94,Queen_New
../archive/sound_files/sound_files/2022-07-07--09-05-06_1__segment1.wav,3,1,4,1,2022-07-07 9:05:06,27.91,64.34,Queen_Accepted
../archive/sound_files/sound_files/2022-07-07--18-56-17_1__segment3.wav,3,1,4,1,2022-07-07 18:56:17,28.47,49.06,Queen_Accepted
../archive/sound_files/sound_files/2022-07-09--08-34-36_1__segment3.wav,3,1,4,1,2022-07-09 8:34:36,27.4,74.66,Queen_Accepted
../archive/sound_files/sound_files/2022-06-25--05-46-02_1__segment2.wav,0,1,4,1,2022-06-25 5:46:02,26.98,78.22,Queenright
../archive/sound_files/sound_files/2022-06-28--20-27-58_1__segment2.wav,2,1,4,1,2022-06-28 20:27:58,28.35,75.11,Queen_New
../archive/sound_files/sound_files/2022-07-15--09-15-12_1__segment5.wav,3,1,4,1,2022-07-15 9:15:12,28.04,65.63,Queen_Accepted
../archive/sound_files/sound_files/2022-06-24--21-52-38_1__segment5.wav,0,1,4,1,2022-06-24 21:52:38,29.99,71.59,Queenright
../archive/sound_files/sound_files/2022-06-27--02-35-34_1__segment4.wav,1,0,4,1,2022-06-27 2:35:34,28.83,69.63,Queenless
../archive/sound_files/sound_files/2022-07-10--15-36-07_1__segment3.wav,3,1,4,1,2022-07-10 15:36:07,33.82,30.15,Queen_Accepted
../archive/sound_files/sound_files/2022-07-13--22-37-39_1__segment2.wav,3,1,4,1,2022-07-13 22:37:39,27.21,73.78,Queen_Accepted
../archive/sound_files/sound_files/2022-06-24--20-53-33_1__segment0.wav,0,1,4,1,2022-06-24 20:53:33,30.48,69.95,Queenright
../archive/sound_files/sound_files/2022-06-28--06-16-08_1__segment1.wav,2,1,4,1,2022-06-28 6:16:08,24.18,92.78,Queen_New
../archive/sound_files/sound_files/2022-07-02--21-21-14_1__segment3.wav,3,1,4,1,2022-07-02 21:21:14,27.68,67.24,Queen_Accepted
../archive/sound_files/sound_files/2022-07-01--05-15-04_1__segment4.wav,3,1,4,1,2022-07-01 5:15:04,24.35,76.81,Queen_Accepted
../archive/sound_files/sound_files/2022-06-24--16-57-25_1__segment5.wav,0,1,4,1,2022-06-24 16:57:25,34.19,44.1,Queenright
../archive/sound_files/sound_files/2022-07-03--20-03-02_1__segment0.wav,3,1,4,1,2022-07-03 20:03:02,28.94,63.99,Queen_Accepted
../archive/sound_files/sound_files/2022-07-01--19-08-38_1__segment5.wav,3,1,4,1,2022-07-01 19:08:38,23.08,68.56,Queen_Accepted
../archive/sound_files/sound_files/2022-07-07--15-00-22_1__segment4.wav,3,1,4,1,2022-07-07 15:00:22,32.37,55.0,Queen_Accepted
../archive/sound_files/sound_files/2022-07-07--06-07-22_1__segment4.wav,3,1,4,1,2022-07-07 6:07:22,26.44,78.58,Queen_Accepted
../archive/sound_files/sound_files/2022-07-04--06-54-06_1__segment2.wav,3,1,4,1,2022-07-04 6:54:06,27.28,67.35,Queen_Accepted
../archive/sound_files/sound_files/2022-07-09--14-35-13_1__segment3.wav,3,1,4,1,2022-07-09 14:35:13,32.71,48.31,Queen_Accepted
../archive/sound_files/sound_files/2022-06-26--13-46-18_1__segment0.wav,1,0,4,1,2022-06-26 13:46:18,35.14,37.31,Queenless
../archive/sound_files/sound_files/2022-07-02--20-22-06_1__segment2.wav,3,1,4,1,2022-07-02 20:22:06,27.35,64.66,Queen_Accepted
../archive/sound_files/sound_files/2022-07-12--16-00-54_1__segment1.wav,3,1,4,1,2022-07-12 16:00:54,32.14,40.6,Queen_Accepted
../archive/sound_files/sound_files/2022-07-09--07-35-11_1__segment4.wav,3,1,4,1,2022-07-09 7:35:11,25.99,81.44,Queen_Accepted
../archive/sound_files/sound_files/2022-06-28--14-11-05_1__segment4.wav,2,1,4,1,2022-06-28 14:11:05,34.45,47.34,Queen_New
../archive/sound_files/sound_files/2022-07-07--12-03-12_1__segment0.wav,3,1,4,1,2022-07-07 12:03:12,36.32,50.58,Queen_Accepted
../archive/sound_files/sound_files/2022-07-12--23-53-54_1__segment3.wav,3,1,4,1,2022-07-12 23:53:54,26.74,70.33,Queen_Accepted
../archive/sound_files/sound_files/2022-07-08--12-48-01_1__segment4.wav,3,1,4,1,2022-07-08 12:48:01,37.78,35.71,Queen_Accepted
../archive/sound_files/sound_files/2022-06-25--19-00-41_1__segment4.wav,1,0,4,1,2022-06-25 19:00:41,32.77,54.16,Queenless
../archive/sound_files/sound_files/2022-06-26--14-45-27_1__segment4.wav,1,0,4,1,2022-06-26 14:45:27,34.63,51.47,Queenless
../archive/sound_files/sound_files/2022-07-02--10-56-10_1__segment5.wav,3,1,4,1,2022-07-02 10:56:10,30.95,55.73,Queen_Accepted
../archive/sound_files/sound_files/2022-06-30--22-20-40_1__segment2.wav,3,1,4,1,2022-06-30 22:20:40,24.49,87.77,Queen_Accepted
../archive/sound_files/sound_files/2022-06-27--18-14-49_1__segment5.wav,1,0,4,1,2022-06-27 18:14:49,32.43,57.88,Queenless
../archive/sound_files/sound_files/2022-07-08--15-45-34_1__segment0.wav,3,1,4,1,2022-07-08 15:45:34,31.4,39.04,Queen_Accepted
../archive/sound_files/sound_files/2022-06-24--14-00-07_1__segment3.wav,0,1,4,1,2022-06-24 14:00:07,38.81,25.14,Queenright
../archive/sound_files/sound_files/2022-07-02--00-04-23_1__segment0.wav,3,1,4,1,2022-07-02 0:04:23,28.18,71.52,Queen_Accepted
../archive/sound_files/sound_files/2022-06-26--21-39-27_1__segment5.wav,1,0,4,1,2022-06-26 21:39:27,30.87,70.35,Queenless
../archive/sound_files/sound_files/2022-07-03--16-06-38_1__segment5.wav,3,1,4,1,2022-07-03 16:06:38,29.43,46.67,Queen_Accepted
../archive/sound_files/sound_files/2022-06-25--06-45-24_1__segment2.wav,0,1,4,1,2022-06-25 6:45:24,27.19,71.25,Queenright
../archive/sound_files/sound_files/2022-07-01--02-17-27_1__segment5.wav,3,1,4,1,2022-07-01 2:17:27,24.6,79.35,Queen_Accepted
../archive/sound_files/sound_files/2022-06-27--06-32-32_1__segment1.wav,1,0,4,1,2022-06-27 6:32:32,28.81,68.64,Queenless
../archive/sound_files/sound_files/2022-07-13--02-51-31_1__segment2.wav,3,1,4,1,2022-07-13 2:51:31,25.91,84.37,Queen_Accepted
../archive/sound_files/sound_files/2022-06-25--23-56-32_1__segment3.wav,1,0,4,1,2022-06-25 23:56:32,30.82,68.49,Queenless
../archive/sound_files/sound_files/2022-06-29--00-24-28_1__segment0.wav,2,1,4,1,2022-06-29 0:24:28,25.93,90.16,Queen_New
../archive/sound_files/sound_files/2022-07-08--04-53-25_1__segment1.wav,3,1,4,1,2022-07-08 4:53:25,25.4,73.33,Queen_Accepted
../archive/sound_files/sound_files/2022-06-27--09-22-08_1__segment4.wav,1,0,4,1,2022-06-27 9:22:08,26.83,54.18,Queenless
../archive/sound_files/sound_files/2022-07-03--09-11-41_1__segment3.wav,3,1,4,1,2022-07-03 9:11:41,28.15,65.43,Queen_Accepted
../archive/sound_files/sound_files/2022-07-08--05-52-36_1__segment2.wav,3,1,4,1,2022-07-08 5:52:36,24.31,81.14,Queen_Accepted
../archive/sound_files/sound_files/2022-06-27--20-24-32_1__segment0.wav,2,1,4,1,2022-06-27 20:24:32,28.69,74.42,Queen_New
../archive/sound_files/sound_files/2022-07-02--06-58-52_1__segment2.wav,3,1,4,1,2022-07-02 6:58:52,27.75,60.77,Queen_Accepted
../archive/sound_files/sound_files/2022-07-07--15-00-22_1__segment2.wav,3,1,4,1,2022-07-07 15:00:22,32.37,55.0,Queen_Accepted
../archive/sound_files/sound_files/2022-07-15--09-15-12_1__segment4.wav,3,1,4,1,2022-07-15 9:15:12,28.04,65.63,Queen_Accepted
../archive/sound_files/sound_files/2022-07-03--05-14-48_1__segment1.wav,3,1,4,1,2022-07-03 5:14:48,27.21,65.09,Queen_Accepted
../archive/sound_files/sound_files/2022-06-25--22-57-22_1__segment1.wav,1,0,4,1,2022-06-25 22:57:22,31.37,70.86,Queenless
../archive/sound_files/sound_files/2022-07-07--06-07-22_1__segment5.wav,3,1,4,1,2022-07-07 6:07:22,26.44,78.58,Queen_Accepted
../archive/sound_files/sound_files/2022-06-24--14-59-04_1__segment2.wav,0,1,4,1,2022-06-24 14:59:04,36.17,27.72,Queenright
../archive/sound_files/sound_files/2022-06-28--01-20-12_1__segment1.wav,2,1,4,1,2022-06-28 1:20:12,25.3,90.74,Queen_New
../archive/sound_files/sound_files/2022-07-10--07-40-40_1__segment5.wav,3,1,4,1,2022-07-10 7:40:40,26.26,70.04,Queen_Accepted
../archive/sound_files/sound_files/2022-07-12--06-05-44_1__segment4.wav,3,1,4,1,2022-07-12 6:05:44,23.01,69.42,Queen_Accepted
../archive/sound_files/sound_files/2022-07-02--06-58-52_1__segment3.wav,3,1,4,1,2022-07-02 6:58:52,27.75,60.77,Queen_Accepted
../archive/sound_files/sound_files/2022-07-10--14-36-54_1__segment3.wav,3,1,4,1,2022-07-10 14:36:54,34.31,30.97,Queen_Accepted
../archive/sound_files/sound_files/2022-06-28--19-28-49_1__segment5.wav,2,1,4,1,2022-06-28 19:28:49,29.19,70.13,Queen_New
../archive/sound_files/sound_files/2022-07-13--07-47-40_1__segment5.wav,3,1,4,1,2022-07-13 7:47:40,25.53,79.58,Queen_Accepted
../archive/sound_files/sound_files/2022-07-08--16-44-43_1__segment3.wav,3,1,4,1,2022-07-08 16:44:43,30.77,42.57,Queen_Accepted
../archive/sound_files/sound_files/2022-07-12--10-03-19_1__segment3.wav,3,1,4,1,2022-07-12 10:03:19,31.88,60.23,Queen_Accepted
../archive/sound_files/sound_files/2022-06-28--12-12-59_1__segment3.wav,2,1,4,1,2022-06-28 12:12:59,36.71,46.79,Queen_New
../archive/sound_files/sound_files/2022-07-03--13-08-56_1__segment4.wav,3,1,4,1,2022-07-03 13:08:56,31.63,58.56,Queen_Accepted
../archive/sound_files/sound_files/2022-06-25--16-03-24_1__segment0.wav,1,0,4,1,2022-06-25 16:03:24,33.64,45.1,Queenless
../archive/sound_files/sound_files/2022-07-01--15-38-20_1__segment2.wav,3,1,4,1,2022-07-01 15:38:20,32.58,53.97,Queen_Accepted
../archive/sound_files/sound_files/2022-06-28--20-27-58_1__segment5.wav,2,1,4,1,2022-06-28 20:27:58,28.35,75.11,Queen_New
../archive/sound_files/sound_files/2022-06-25--19-00-41_1__segment5.wav,1,0,4,1,2022-06-25 19:00:41,32.77,54.16,Queenless
../archive/sound_files/sound_files/2022-07-05--08-37-01_1__segment0.wav,3,1,4,1,2022-07-05 8:37:01,29.57,66.07,Queen_Accepted
../archive/sound_files/sound_files/2022-07-04--21-45-51_1__segment3.wav,3,1,4,1,2022-07-04 21:45:51,29.88,57.5,Queen_Accepted
../archive/sound_files/sound_files/2022-07-06--11-15-57_1__segment4.wav,3,1,4,1,2022-07-06 11:15:57,32.51,47.01,Queen_Accepted
../archive/sound_files/sound_files/2022-07-02--22-20-24_1__segment5.wav,3,1,4,1,2022-07-02 22:20:24,27.77,68.18,Queen_Accepted
../archive/sound_files/sound_files/2022-07-13--08-47-04_1__segment0.wav,3,1,4,1,2022-07-13 8:47:04,27.27,67.1,Queen_Accepted
../archive/sound_files/sound_files/2022-07-03--10-10-57_1__segment0.wav,3,1,4,1,2022-07-03 10:10:57,28.57,67.99,Queen_Accepted
../archive/sound_files/sound_files/2022-07-06--00-23-52_1__segment2.wav,3,1,4,1,2022-07-06 0:23:52,27.53,75.44,Queen_Accepted
../archive/sound_files/sound_files/2022-07-09--15-34-08_1__segment2.wav,3,1,4,1,2022-07-09 15:34:08,31.8,51.48,Queen_Accepted
../archive/sound_files/sound_files/2022-07-09--05-37-03_1__segment0.wav,3,1,4,1,2022-07-09 5:37:03,24.9,82.43,Queen_Accepted
../archive/sound_files/sound_files/2022-07-15--02-20-13_1__segment2.wav,3,1,4,1,2022-07-15 2:20:13,26.36,83.12,Queen_Accepted
../archive/sound_files/sound_files/2022-06-24--19-54-30_1__segment0.wav,0,1,4,1,2022-06-24 19:54:30,31.22,61.15,Queenright
../archive/sound_files/sound_files/2022-06-27--00-37-09_1__segment3.wav,1,0,4,1,2022-06-27 0:37:09,29.86,76.63,Queenless
../archive/sound_files/sound_files/2022-07-01--09-13-50_1__segment1.wav,3,1,4,1,2022-07-01 9:13:50,33.97,50.38,Queen_Accepted
../archive/sound_files/sound_files/2022-07-03--02-17-15_1__segment4.wav,3,1,4,1,2022-07-03 2:17:15,27.45,74.26,Queen_Accepted
../archive/sound_files/sound_files/2022-06-27--00-37-09_1__segment4.wav,1,0,4,1,2022-06-27 0:37:09,29.86,76.63,Queenless
../archive/sound_files/sound_files/2022-07-05--00-43-17_1__segment3.wav,3,1,4,1,2022-07-05 0:43:17,28.55,72.28,Queen_Accepted
../archive/sound_files/sound_files/2022-07-12--18-58-16_1__segment2.wav,3,1,4,1,2022-07-12 18:58:16,29.15,44.75,Queen_Accepted
../archive/sound_files/sound_files/2022-06-26--21-39-27_1__segment3.wav,1,0,4,1,2022-06-26 21:39:27,30.87,70.35,Queenless
../archive/sound_files/sound_files/2022-06-26--08-49-49_1__segment5.wav,1,0,4,1,2022-06-26 8:49:49,30.94,60.96,Queenless
../archive/sound_files/sound_files/2022-07-13--02-51-31_1__segment4.wav,3,1,4,1,2022-07-13 2:51:31,25.91,84.37,Queen_Accepted
../archive/sound_files/sound_files/2022-07-04--13-49-25_1__segment1.wav,3,1,4,1,2022-07-04 13:49:25,32.64,42.18,Queen_Accepted
../archive/sound_files/sound_files/2022-06-26--06-51-08_1__segment5.wav,1,0,4,1,2022-06-26 6:51:08,29.38,66.14,Queenless
../archive/sound_files/sound_files/2022-07-03--05-14-48_1__segment2.wav,3,1,4,1,2022-07-03 5:14:48,27.21,65.09,Queen_Accepted
../archive/sound_files/sound_files/2022-07-07--07-06-51_1__segment3.wav,3,1,4,1,2022-07-07 7:06:51,26.83,72.15,Queen_Accepted
../archive/sound_files/sound_files/2022-07-08--21-40-10_1__segment4.wav,3,1,4,1,2022-07-08 21:40:10,28.83,77.07,Queen_Accepted
../archive/sound_files/sound_files/2022-07-08--23-41-33_1__segment3.wav,3,1,4,1,2022-07-08 23:41:33,27.49,72.15,Queen_Accepted
../archive/sound_files/sound_files/2022-07-10--14-36-54_1__segment5.wav,3,1,4,1,2022-07-10 14:36:54,34.31,30.97,Queen_Accepted
../archive/sound_files/sound_files/2022-07-03--23-00-27_1__segment4.wav,3,1,4,1,2022-07-03 23:00:27,28.96,67.07,Queen_Accepted
../archive/sound_files/sound_files/2022-07-06--07-18-41_1__segment4.wav,3,1,4,1,2022-07-06 7:18:41,26.64,79.9,Queen_Accepted
../archive/sound_files/sound_files/2022-07-06--13-14-32_1__segment3.wav,3,1,4,1,2022-07-06 13:14:32,35.14,46.88,Queen_Accepted
../archive/sound_files/sound_files/2022-07-11--10-20-30_1__segment4.wav,3,1,4,1,2022-07-11 10:20:30,35.45,45.42,Queen_Accepted
../archive/sound_files/sound_files/2022-07-05--10-35-36_1__segment5.wav,3,1,4,1,2022-07-05 10:35:36,33.59,53.35,Queen_Accepted
../archive/sound_files/sound_files/2022-06-27--23-21-55_1__segment2.wav,2,1,4,1,2022-06-27 23:21:55,26.17,86.02,Queen_New
../archive/sound_files/sound_files/2022-07-04--22-45-04_1__segment5.wav,3,1,4,1,2022-07-04 22:45:04,29.22,62.91,Queen_Accepted
../archive/sound_files/sound_files/2022-06-25--08-44-36_1__segment5.wav,0,1,4,1,2022-06-25 8:44:36,32.12,58.6,Queenright
../archive/sound_files/sound_files/2022-06-26--03-53-17_1__segment3.wav,1,0,4,1,2022-06-26 3:53:17,29.3,68.19,Queenless
../archive/sound_files/sound_files/2022-07-11--14-21-56_1__segment0.wav,3,1,4,1,2022-07-11 14:21:56,34.99,32.12,Queen_Accepted
../archive/sound_files/sound_files/2022-07-10--09-40-34_1__segment1.wav,3,1,4,1,2022-07-10 9:40:34,30.63,58.59,Queen_Accepted
../archive/sound_files/sound_files/2022-07-14--18-21-47_1__segment4.wav,3,1,4,1,2022-07-14 18:21:47,29.88,53.82,Queen_Accepted
../archive/sound_files/sound_files/2022-07-01--15-38-20_1__segment5.wav,3,1,4,1,2022-07-01 15:38:20,32.58,53.97,Queen_Accepted
../archive/sound_files/sound_files/2022-07-05--13-32-52_1__segment1.wav,3,1,4,1,2022-07-05 13:32:52,31.65,45.67,Queen_Accepted
../archive/sound_files/sound_files/2022-06-26--05-51-52_1__segment2.wav,1,0,4,1,2022-06-26 5:51:52,29.24,67.52,Queenless
../archive/sound_files/sound_files/2022-06-25--02-48-30_1__segment3.wav,0,1,4,1,2022-06-25 2:48:30,27.57,79.62,Queenright
../archive/sound_files/sound_files/2022-07-02--23-19-39_1__segment3.wav,3,1,4,1,2022-07-02 23:19:39,27.98,65.59,Queen_Accepted
../archive/sound_files/sound_files/2022-06-26--05-51-52_1__segment0.wav,1,0,4,1,2022-06-26 5:51:52,29.24,67.52,Queenless
../archive/sound_files/sound_files/2022-07-12--17-59-09_1__segment1.wav,3,1,4,1,2022-07-12 17:59:09,30.44,44.52,Queen_Accepted
../archive/sound_files/sound_files/2022-07-06--12-15-20_1__segment3.wav,3,1,4,1,2022-07-06 12:15:20,34.27,41.5,Queen_Accepted
../archive/sound_files/sound_files/2022-06-28--16-09-24_1__segment3.wav,2,1,4,1,2022-06-28 16:09:24,32.94,51.52,Queen_New
../archive/sound_files/sound_files/2022-06-27--06-32-32_1__segment3.wav,1,0,4,1,2022-06-27 6:32:32,28.81,68.64,Queenless
../archive/sound_files/sound_files/2022-06-26--16-43-48_1__segment4.wav,1,0,4,1,2022-06-26 16:43:48,33.43,49.17,Queenless
../archive/sound_files/sound_files/2022-06-25--22-57-22_1__segment2.wav,1,0,4,1,2022-06-25 22:57:22,31.37,70.86,Queenless
../archive/sound_files/sound_files/2022-07-01--20-07-21_1__segment3.wav,3,1,4,1,2022-07-01 20:07:21,25.62,75.79,Queen_Accepted
../archive/sound_files/sound_files/2022-07-07--23-55-59_1__segment0.wav,3,1,4,1,2022-07-07 23:55:59,26.97,72.63,Queen_Accepted
../archive/sound_files/sound_files/2022-07-03--23-00-27_1__segment1.wav,3,1,4,1,2022-07-03 23:00:27,28.96,67.07,Queen_Accepted
../archive/sound_files/sound_files/2022-06-24--21-52-38_1__segment3.wav,0,1,4,1,2022-06-24 21:52:38,29.99,71.59,Queenright
../archive/sound_files/sound_files/2022-07-05--15-31-18_1__segment0.wav,3,1,4,1,2022-07-05 15:31:18,30.34,58.36,Queen_Accepted
../archive/sound_files/sound_files/2022-07-12--07-04-56_1__segment2.wav,3,1,4,1,2022-07-12 7:04:56,25.75,81.27,Queen_Accepted
../archive/sound_files/sound_files/2022-06-27--14-18-17_1__segment0.wav,1,0,4,1,2022-06-27 14:18:17,34.91,45.73,Queenless
../archive/sound_files/sound_files/2022-06-26--19-41-10_1__segment3.wav,1,0,4,1,2022-06-26 19:41:10,31.92,63.57,Queenless
../archive/sound_files/sound_files/2022-07-08--03-54-17_1__segment2.wav,3,1,4,1,2022-07-08 3:54:17,25.89,75.0,Queen_Accepted
../archive/sound_files/sound_files/2022-06-25--04-46-52_1__segment4.wav,0,1,4,1,2022-06-25 4:46:52,27.34,78.32,Queenright
../archive/sound_files/sound_files/2022-07-02--13-53-34_1__segment0.wav,3,1,4,1,2022-07-02 13:53:34,31.62,46.15,Queen_Accepted
../archive/sound_files/sound_files/2022-07-08--08-50-34_1__segment5.wav,3,1,4,1,2022-07-08 8:50:34,27.7,72.94,Queen_Accepted
../archive/sound_files/sound_files/2022-07-09--08-34-36_1__segment5.wav,3,1,4,1,2022-07-09 8:34:36,27.4,74.66,Queen_Accepted
../archive/sound_files/sound_files/2022-07-08--00-56-41_1__segment1.wav,3,1,4,1,2022-07-08 0:56:41,27.15,81.83,Queen_Accepted
../archive/sound_files/sound_files/2022-07-04--16-46-50_1__segment5.wav,3,1,4,1,2022-07-04 16:46:50,31.2,45.37,Queen_Accepted
../archive/sound_files/sound_files/2022-07-05--01-42-28_1__segment5.wav,3,1,4,1,2022-07-05 1:42:28,28.95,67.97,Queen_Accepted
../archive/sound_files/sound_files/2022-06-26--05-51-52_1__segment1.wav,1,0,4,1,2022-06-26 5:51:52,29.24,67.52,Queenless
../archive/sound_files/sound_files/2022-07-08--07-51-47_1__segment5.wav,3,1,4,1,2022-07-08 7:51:47,26.47,74.91,Queen_Accepted
../archive/sound_files/sound_files/2022-07-12--08-04-17_1__segment3.wav,3,1,4,1,2022-07-12 8:04:17,25.41,74.6,Queen_Accepted
../archive/sound_files/sound_files/2022-06-26--21-39-27_1__segment4.wav,1,0,4,1,2022-06-26 21:39:27,30.87,70.35,Queenless
../archive/sound_files/sound_files/2022-07-06--12-15-20_1__segment1.wav,3,1,4,1,2022-07-06 12:15:20,34.27,41.5,Queen_Accepted
../archive/sound_files/sound_files/2022-07-04--13-49-25_1__segment2.wav,3,1,4,1,2022-07-04 13:49:25,32.64,42.18,Queen_Accepted
../archive/sound_files/sound_files/2022-07-04--11-50-51_1__segment3.wav,3,1,4,1,2022-07-04 11:50:51,33.25,51.37,Queen_Accepted
../archive/sound_files/sound_files/2022-06-28--09-14-48_1__segment0.wav,2,1,4,1,2022-06-28 9:14:48,31.87,63.54,Queen_New
../archive/sound_files/sound_files/2022-07-02--23-19-39_1__segment2.wav,3,1,4,1,2022-07-02 23:19:39,27.98,65.59,Queen_Accepted
../archive/sound_files/sound_files/2022-07-13--07-47-40_1__segment1.wav,3,1,4,1,2022-07-13 7:47:40,25.53,79.58,Queen_Accepted
../archive/sound_files/sound_files/2022-07-07--15-59-01_1__segment1.wav,3,1,4,1,2022-07-07 15:59:01,31.46,46.5,Queen_Accepted
../archive/sound_files/sound_files/2022-07-14--23-22-40_1__segment5.wav,3,1,4,1,2022-07-14 23:22:40,27.32,71.76,Queen_Accepted
../archive/sound_files/sound_files/2022-06-28--15-10-15_1__segment3.wav,2,1,4,1,2022-06-28 15:10:15,33.56,49.84,Queen_New
../archive/sound_files/sound_files/2022-07-04--17-46-00_1__segment1.wav,3,1,4,1,2022-07-04 17:46:00,30.32,46.63,Queen_Accepted
../archive/sound_files/sound_files/2022-07-12--16-00-54_1__segment4.wav,3,1,4,1,2022-07-12 16:00:54,32.14,40.6,Queen_Accepted
../archive/sound_files/sound_files/2022-06-24--10-03-35_1__segment0.wav,0,1,4,1,2022-06-24 10:03:35,42.76,38.83,Queenright
../archive/sound_files/sound_files/2022-07-01--19-08-38_1__segment3.wav,3,1,4,1,2022-07-01 19:08:38,23.08,68.56,Queen_Accepted
../archive/sound_files/sound_files/2022-06-24--20-53-33_1__segment2.wav,0,1,4,1,2022-06-24 20:53:33,30.48,69.95,Queenright
../archive/sound_files/sound_files/2022-06-24--12-02-42_1__segment3.wav,0,1,4,1,2022-06-24 12:02:42,47.41,18.39,Queenright
../archive/sound_files/sound_files/2022-06-27--18-14-49_1__segment0.wav,1,0,4,1,2022-06-27 18:14:49,32.43,57.88,Queenless
../archive/sound_files/sound_files/2022-07-06--22-10-00_1__segment1.wav,3,1,4,1,2022-07-06 22:10:00,27.21,66.67,Queen_Accepted
../archive/sound_files/sound_files/2022-07-01--03-16-39_1__segment4.wav,3,1,4,1,2022-07-01 3:16:39,24.47,80.41,Queen_Accepted
../archive/sound_files/sound_files/2022-07-06--23-08-57_1__segment3.wav,3,1,4,1,2022-07-06 23:08:57,27.5,70.76,Queen_Accepted
../archive/sound_files/sound_files/2022-07-04--20-46-42_1__segment0.wav,3,1,4,1,2022-07-04 20:46:42,28.88,58.59,Queen_Accepted
../archive/sound_files/sound_files/2022-06-27--10-21-13_1__segment0.wav,1,0,4,1,2022-06-27 10:21:13,33.19,56.58,Queenless
../archive/sound_files/sound_files/2022-07-15--04-18-34_1__segment1.wav,3,1,4,1,2022-07-15 4:18:34,25.63,89.5,Queen_Accepted
../archive/sound_files/sound_files/2022-07-11--12-22-00_1__segment1.wav,3,1,4,1,2022-07-11 12:22:00,38.35,29.99,Queen_Accepted
../archive/sound_files/sound_files/2022-06-25--23-56-32_1__segment4.wav,1,0,4,1,2022-06-25 23:56:32,30.82,68.49,Queenless
../archive/sound_files/sound_files/2022-06-27--09-22-08_1__segment2.wav,1,0,4,1,2022-06-27 9:22:08,26.83,54.18,Queenless
../archive/sound_files/sound_files/2022-07-12--17-00-05_1__segment1.wav,3,1,4,1,2022-07-12 17:00:05,31.23,42.38,Queen_Accepted
../archive/sound_files/sound_files/2022-06-25--13-40-07_1__segment4.wav,0,1,4,1,2022-06-25 13:40:07,38.41,27.12,Queenright
../archive/sound_files/sound_files/2022-06-24--16-57-25_1__segment0.wav,0,1,4,1,2022-06-24 16:57:25,34.19,44.1,Queenright
../archive/sound_files/sound_files/2022-07-05--16-30-31_1__segment0.wav,3,1,4,1,2022-07-05 16:30:31,30.59,47.75,Queen_Accepted
../archive/sound_files/sound_files/2022-06-27--13-19-05_1__segment5.wav,1,0,4,1,2022-06-27 13:19:05,36.74,51.62,Queenless
../archive/sound_files/sound_files/2022-07-06--05-20-11_1__segment4.wav,3,1,4,1,2022-07-06 5:20:11,27.35,73.78,Queen_Accepted
../archive/sound_files/sound_files/2022-07-02--06-58-52_1__segment5.wav,3,1,4,1,2022-07-02 6:58:52,27.75,60.77,Queen_Accepted
../archive/sound_files/sound_files/2022-07-04--01-58-01_1__segment5.wav,3,1,4,1,2022-07-04 1:58:01,28.15,69.9,Queen_Accepted
../archive/sound_files/sound_files/2022-06-27--15-17-24_1__segment5.wav,1,0,4,1,2022-06-27 15:17:24,33.77,42.14,Queenless
../archive/sound_files/sound_files/2022-06-25--10-43-44_1__segment0.wav,0,1,4,1,2022-06-25 10:43:44,47.72,32.5,Queenright
../archive/sound_files/sound_files/2022-07-09--10-33-31_1__segment3.wav,3,1,4,1,2022-07-09 10:33:31,33.82,54.73,Queen_Accepted
../archive/sound_files/sound_files/2022-07-09--14-35-13_1__segment5.wav,3,1,4,1,2022-07-09 14:35:13,32.71,48.31,Queen_Accepted
../archive/sound_files/sound_files/2022-07-05--02-41-32_1__segment3.wav,3,1,4,1,2022-07-05 2:41:32,26.04,61.49,Queen_Accepted
../archive/sound_files/sound_files/2022-07-09--04-37-37_1__segment4.wav,3,1,4,1,2022-07-09 4:37:37,25.7,77.2,Queen_Accepted
../archive/sound_files/sound_files/2022-07-06--04-20-59_1__segment5.wav,3,1,4,1,2022-07-06 4:20:59,27.15,80.51,Queen_Accepted
../archive/sound_files/sound_files/2022-07-03--07-13-12_1__segment2.wav,3,1,4,1,2022-07-03 7:13:12,27.58,67.24,Queen_Accepted
../archive/sound_files/sound_files/2022-07-01--21-06-42_1__segment2.wav,3,1,4,1,2022-07-01 21:06:42,26.99,74.62,Queen_Accepted
../archive/sound_files/sound_files/2022-06-26--06-51-08_1__segment3.wav,1,0,4,1,2022-06-26 6:51:08,29.38,66.14,Queenless
../archive/sound_files/sound_files/2022-07-14--13-26-20_1__segment3.wav,3,1,4,1,2022-07-14 13:26:20,35.76,34.91,Queen_Accepted
../archive/sound_files/sound_files/2022-07-01--01-18-17_1__segment3.wav,3,1,4,1,2022-07-01 1:18:17,24.88,83.25,Queen_Accepted
../archive/sound_files/sound_files/2022-07-05--00-43-17_1__segment1.wav,3,1,4,1,2022-07-05 0:43:17,28.55,72.28,Queen_Accepted
../archive/sound_files/sound_files/2022-06-27--04-34-04_1__segment2.wav,1,0,4,1,2022-06-27 4:34:04,29.09,70.78,Queenless
../archive/sound_files/sound_files/2022-06-24--22-51-46_1__segment2.wav,0,1,4,1,2022-06-24 22:51:46,29.62,77.41,Queenright
../archive/sound_files/sound_files/2022-07-09--11-32-41_1__segment0.wav,3,1,4,1,2022-07-09 11:32:41,35.37,40.71,Queen_Accepted
../archive/sound_files/sound_files/2022-07-08--01-55-53_1__segment2.wav,3,1,4,1,2022-07-08 1:55:53,26.48,73.48,Queen_Accepted
../archive/sound_files/sound_files/2022-06-29--03-22-00_1__segment5.wav,2,1,4,1,2022-06-29 3:22:00,24.58,87.29,Queen_New
../archive/sound_files/sound_files/2022-06-24--23-51-14_1__segment0.wav,0,1,4,1,2022-06-24 23:51:14,28.88,75.42,Queenright
../archive/sound_files/sound_files/2022-07-09--09-34-03_1__segment2.wav,3,1,4,1,2022-07-09 9:34:03,30.21,65.67,Queen_Accepted
../archive/sound_files/sound_files/2022-07-02--01-03-31_1__segment3.wav,3,1,4,1,2022-07-02 1:03:31,28.09,66.04,Queen_Accepted
../archive/sound_files/sound_files/2022-06-25--23-56-32_1__segment1.wav,1,0,4,1,2022-06-25 23:56:32,30.82,68.49,Queenless
../archive/sound_files/sound_files/2022-07-01--16-37-23_1__segment3.wav,3,1,4,1,2022-07-01 16:37:23,31.04,55.31,Queen_Accepted
../archive/sound_files/sound_files/2022-06-29--13-15-03_1__segment3.wav,2,1,4,1,2022-06-29 13:15:03,39.38,26.66,Queen_New
../archive/sound_files/sound_files/2022-07-07--06-07-22_1__segment1.wav,3,1,4,1,2022-07-07 6:07:22,26.44,78.58,Queen_Accepted
../archive/sound_files/sound_files/2022-06-28--06-16-08_1__segment0.wav,2,1,4,1,2022-06-28 6:16:08,24.18,92.78,Queen_New
../archive/sound_files/sound_files/2022-06-25--15-04-12_1__segment3.wav,1,0,4,1,2022-06-25 15:04:12,34.2,33.58,Queenless
../archive/sound_files/sound_files/2022-06-25--19-59-50_1__segment0.wav,1,0,4,1,2022-06-25 19:59:50,32.47,62.26,Queenless
../archive/sound_files/sound_files/2022-07-09--22-39-40_1__segment4.wav,3,1,4,1,2022-07-09 22:39:40,27.23,73.66,Queen_Accepted
../archive/sound_files/sound_files/2022-07-12--18-58-16_1__segment0.wav,3,1,4,1,2022-07-12 18:58:16,29.15,44.75,Queen_Accepted
../archive/sound_files/sound_files/2022-07-06--19-11-16_1__segment5.wav,3,1,4,1,2022-07-06 19:11:16,27.14,52.51,Queen_Accepted
../archive/sound_files/sound_files/2022-07-01--19-08-38_1__segment2.wav,3,1,4,1,2022-07-01 19:08:38,23.08,68.56,Queen_Accepted
../archive/sound_files/sound_files/2022-07-02--14-52-46_1__segment2.wav,3,1,4,1,2022-07-02 14:52:46,29.83,53.97,Queen_Accepted
../archive/sound_files/sound_files/2022-07-03--06-13-59_1__segment4.wav,3,1,4,1,2022-07-03 6:13:59,27.78,69.02,Queen_Accepted
../archive/sound_files/sound_files/2022-06-29--12-16-53_1__segment1.wav,2,1,4,1,2022-06-29 12:16:53,43.86,28.87,Queen_New
../archive/sound_files/sound_files/2022-07-04--03-56-30_1__segment1.wav,3,1,4,1,2022-07-04 3:56:30,27.99,63.81,Queen_Accepted
../archive/sound_files/sound_files/2022-07-07--13-01-42_1__segment0.wav,3,1,4,1,2022-07-07 13:01:42,37.39,43.96,Queen_Accepted
../archive/sound_files/sound_files/2022-07-15--03-19-22_1__segment4.wav,3,1,4,1,2022-07-15 3:19:22,25.96,88.86,Queen_Accepted
../archive/sound_files/sound_files/2022-07-03--15-07-28_1__segment3.wav,3,1,4,1,2022-07-03 15:07:28,28.98,60.5,Queen_Accepted
../archive/sound_files/sound_files/2022-07-14--19-20-53_1__segment1.wav,3,1,4,1,2022-07-14 19:20:53,28.49,51.49,Queen_Accepted
../archive/sound_files/sound_files/2022-06-27--04-34-04_1__segment1.wav,1,0,4,1,2022-06-27 4:34:04,29.09,70.78,Queenless
../archive/sound_files/sound_files/2022-07-07--01-08-35_1__segment3.wav,3,1,4,1,2022-07-07 1:08:35,27.25,73.72,Queen_Accepted
../archive/sound_files/sound_files/2022-06-29--02-22-49_1__segment4.wav,2,1,4,1,2022-06-29 2:22:49,24.82,90.71,Queen_New
../archive/sound_files/sound_files/2022-07-02--21-21-14_1__segment4.wav,3,1,4,1,2022-07-02 21:21:14,27.68,67.24,Queen_Accepted
../archive/sound_files/sound_files/2022-07-02--06-58-52_1__segment1.wav,3,1,4,1,2022-07-02 6:58:52,27.75,60.77,Queen_Accepted
../archive/sound_files/sound_files/2022-06-29--14-14-09_1__segment2.wav,2,1,4,1,2022-06-29 14:14:09,33.26,34.6,Queen_New
../archive/sound_files/sound_files/2022-07-08--20-41-04_1__segment2.wav,3,1,4,1,2022-07-08 20:41:04,27.51,61.14,Queen_Accepted
../archive/sound_files/sound_files/2022-06-24--17-56-26_1__segment1.wav,0,1,4,1,2022-06-24 17:56:26,33.13,44.52,Queenright
../archive/sound_files/sound_files/2022-07-06--19-11-16_1__segment2.wav,3,1,4,1,2022-07-06 19:11:16,27.14,52.51,Queen_Accepted
../archive/sound_files/sound_files/2022-07-06--11-15-57_1__segment1.wav,3,1,4,1,2022-07-06 11:15:57,32.51,47.01,Queen_Accepted
../archive/sound_files/sound_files/2022-06-27--07-31-49_1__segment2.wav,1,0,4,1,2022-06-27 7:31:49,28.97,72.67,Queenless
../archive/sound_files/sound_files/2022-07-01--06-14-14_1__segment0.wav,3,1,4,1,2022-07-01 6:14:14,24.15,78.25,Queen_Accepted
../archive/sound_files/sound_files/2022-07-05--19-27-46_1__segment3.wav,3,1,4,1,2022-07-05 19:27:46,27.81,55.48,Queen_Accepted
../archive/sound_files/sound_files/2022-07-07--03-06-52_1__segment0.wav,3,1,4,1,2022-07-07 3:06:52,27.39,74.35,Queen_Accepted
../archive/sound_files/sound_files/2022-07-12--09-03-41_1__segment3.wav,3,1,4,1,2022-07-12 9:03:41,27.56,63.48,Queen_Accepted
../archive/sound_files/sound_files/2022-06-24--14-00-07_1__segment2.wav,0,1,4,1,2022-06-24 14:00:07,38.81,25.14,Queenright
../archive/sound_files/sound_files/2022-06-24--11-03-30_1__segment1.wav,0,1,4,1,2022-06-24 11:03:30,48.42,20.98,Queenright
../archive/sound_files/sound_files/2022-06-27--05-33-18_1__segment3.wav,1,0,4,1,2022-06-27 5:33:18,28.77,65.26,Queenless
../archive/sound_files/sound_files/2022-06-29--02-22-49_1__segment0.wav,2,1,4,1,2022-06-29 2:22:49,24.82,90.71,Queen_New
../archive/sound_files/sound_files/2022-07-15--02-20-13_1__segment4.wav,3,1,4,1,2022-07-15 2:20:13,26.36,83.12,Queen_Accepted
../archive/sound_files/sound_files/2022-06-25--18-01-33_1__segment0.wav,1,0,4,1,2022-06-25 18:01:33,32.85,44.25,Queenless
../archive/sound_files/sound_files/2022-06-29--07-19-08_1__segment4.wav,2,1,4,1,2022-06-29 7:19:08,25.74,79.33,Queen_New
../archive/sound_files/sound_files/2022-07-14--12-27-07_1__segment1.wav,3,1,4,1,2022-07-14 12:27:07,36.0,34.26,Queen_Accepted
../archive/sound_files/sound_files/2022-07-07--21-53-50_1__segment2.wav,3,1,4,1,2022-07-07 21:53:50,28.9,70.29,Queen_Accepted
../archive/sound_files/sound_files/2022-07-06--11-15-57_1__segment5.wav,3,1,4,1,2022-07-06 11:15:57,32.51,47.01,Queen_Accepted
../archive/sound_files/sound_files/2022-07-03--23-59-39_1__segment5.wav,3,1,4,1,2022-07-03 23:59:39,28.73,67.97,Queen_Accepted
../archive/sound_files/sound_files/2022-07-04--07-53-35_1__segment3.wav,3,1,4,1,2022-07-04 7:53:35,28.96,57.77,Queen_Accepted
../archive/sound_files/sound_files/2022-06-25--17-02-27_1__segment5.wav,1,0,4,1,2022-06-25 17:02:27,32.46,44.19,Queenless
../archive/sound_files/sound_files/2022-06-25--01-49-19_1__segment2.wav,0,1,4,1,2022-06-25 1:49:19,28.06,80.16,Queenright
../archive/sound_files/sound_files/2022-06-28--22-26-13_1__segment4.wav,2,1,4,1,2022-06-28 22:26:13,27.12,81.69,Queen_New
../archive/sound_files/sound_files/2022-07-06--20-10-24_1__segment5.wav,3,1,4,1,2022-07-06 20:10:24,26.56,52.12,Queen_Accepted
../archive/sound_files/sound_files/2022-07-09--21-40-06_1__segment4.wav,3,1,4,1,2022-07-09 21:40:06,27.64,63.85,Queen_Accepted
../archive/sound_files/sound_files/2022-06-29--14-14-09_1__segment1.wav,2,1,4,1,2022-06-29 14:14:09,33.26,34.6,Queen_New
../archive/sound_files/sound_files/2022-06-26--18-42-02_1__segment5.wav,1,0,4,1,2022-06-26 18:42:02,32.24,57.38,Queenless
../archive/sound_files/sound_files/2022-07-02--05-00-25_1__segment4.wav,3,1,4,1,2022-07-02 5:00:25,27.67,68.51,Queen_Accepted
../archive/sound_files/sound_files/2022-06-27--12-20-07_1__segment2.wav,1,0,4,1,2022-06-27 12:20:07,36.3,50.91,Queenless
../archive/sound_files/sound_files/2022-06-26--02-54-05_1__segment4.wav,1,0,4,1,2022-06-26 2:54:05,29.55,73.83,Queenless
../archive/sound_files/sound_files/2022-07-04--17-46-00_1__segment3.wav,3,1,4,1,2022-07-04 17:46:00,30.32,46.63,Queen_Accepted
../archive/sound_files/sound_files/2022-06-26--17-42-56_1__segment3.wav,1,0,4,1,2022-06-26 17:42:56,32.44,56.09,Queenless
../archive/sound_files/sound_files/2022-07-09--00-40-46_1__segment4.wav,3,1,4,1,2022-07-09 0:40:46,27.42,80.63,Queen_Accepted
../archive/sound_files/sound_files/2022-07-07--10-04-31_1__segment4.wav,3,1,4,1,2022-07-07 10:04:31,31.33,56.17,Queen_Accepted
../archive/sound_files/sound_files/2022-06-29--15-12-49_1__segment2.wav,2,1,4,1,2022-06-29 15:12:49,33.16,44.65,Queen_New
../archive/sound_files/sound_files/2022-07-05--23-24-37_1__segment3.wav,3,1,4,1,2022-07-05 23:24:37,28.07,75.53,Queen_Accepted
../archive/sound_files/sound_files/2022-06-28--17-08-34_1__segment1.wav,2,1,4,1,2022-06-28 17:08:34,32.27,52.55,Queen_New
../archive/sound_files/sound_files/2022-07-11--10-20-30_1__segment0.wav,3,1,4,1,2022-07-11 10:20:30,35.45,45.42,Queen_Accepted
../archive/sound_files/sound_files/2022-06-30--23-19-59_1__segment5.wav,3,1,4,1,2022-06-30 23:19:59,24.9,84.74,Queen_Accepted
../archive/sound_files/sound_files/2022-07-07--01-08-35_1__segment4.wav,3,1,4,1,2022-07-07 1:08:35,27.25,73.72,Queen_Accepted
../archive/sound_files/sound_files/2022-06-24--10-03-35_1__segment2.wav,0,1,4,1,2022-06-24 10:03:35,42.76,38.83,Queenright
../archive/sound_files/sound_files/2022-07-09--07-35-11_1__segment0.wav,3,1,4,1,2022-07-09 7:35:11,25.99,81.44,Queen_Accepted
../archive/sound_files/sound_files/2022-07-09--01-40-05_1__segment3.wav,3,1,4,1,2022-07-09 1:40:05,26.79,76.53,Queen_Accepted
../archive/sound_files/sound_files/2022-07-15--08-15-50_1__segment5.wav,3,1,4,1,2022-07-15 8:15:50,26.75,80.72,Queen_Accepted
../archive/sound_files/sound_files/2022-07-09--21-40-06_1__segment1.wav,3,1,4,1,2022-07-09 21:40:06,27.64,63.85,Queen_Accepted
../archive/sound_files/sound_files/2022-07-07--05-08-42_1__segment2.wav,3,1,4,1,2022-07-07 5:08:42,26.92,67.94,Queen_Accepted
../archive/sound_files/sound_files/2022-07-11--08-19-41_1__segment1.wav,3,1,4,1,2022-07-11 8:19:41,28.38,67.05,Queen_Accepted
../archive/sound_files/sound_files/2022-07-14--14-25-33_1__segment3.wav,3,1,4,1,2022-07-14 14:25:33,33.34,38.15,Queen_Accepted
../archive/sound_files/sound_files/2022-07-08--11-48-51_1__segment3.wav,3,1,4,1,2022-07-08 11:48:51,36.6,35.47,Queen_Accepted
../archive/sound_files/sound_files/2022-06-28--07-15-55_1__segment5.wav,2,1,4,1,2022-06-28 7:15:55,27.5,71.36,Queen_New
../archive/sound_files/sound_files/2022-07-03--19-03-58_1__segment3.wav,3,1,4,1,2022-07-03 19:03:58,29.1,57.32,Queen_Accepted
../archive/sound_files/sound_files/2022-06-28--01-20-12_1__segment4.wav,2,1,4,1,2022-06-28 1:20:12,25.3,90.74,Queen_New
../archive/sound_files/sound_files/2022-06-25--00-50-11_1__segment0.wav,0,1,4,1,2022-06-25 0:50:11,28.38,76.39,Queenright
../archive/sound_files/sound_files/2022-07-08--21-40-10_1__segment2.wav,3,1,4,1,2022-07-08 21:40:10,28.83,77.07,Queen_Accepted
../archive/sound_files/sound_files/2022-07-09--20-40-26_1__segment4.wav,3,1,4,1,2022-07-09 20:40:26,27.9,57.44,Queen_Accepted
../archive/sound_files/sound_files/2022-06-27--02-35-34_1__segment2.wav,1,0,4,1,2022-06-27 2:35:34,28.83,69.63,Queenless
../archive/sound_files/sound_files/2022-07-03--08-12-28_1__segment2.wav,3,1,4,1,2022-07-03 8:12:28,27.83,66.92,Queen_Accepted
../archive/sound_files/sound_files/2022-07-10--13-37-42_1__segment4.wav,3,1,4,1,2022-07-10 13:37:42,36.48,32.73,Queen_Accepted
../archive/sound_files/sound_files/2022-07-10--13-37-42_1__segment2.wav,3,1,4,1,2022-07-10 13:37:42,36.48,32.73,Queen_Accepted
../archive/sound_files/sound_files/2022-06-28--16-09-24_1__segment4.wav,2,1,4,1,2022-06-28 16:09:24,32.94,51.52,Queen_New
../archive/sound_files/sound_files/2022-06-28--23-25-19_1__segment5.wav,2,1,4,1,2022-06-28 23:25:19,26.29,83.87,Queen_New
../archive/sound_files/sound_files/2022-07-14--18-21-47_1__segment5.wav,3,1,4,1,2022-07-14 18:21:47,29.88,53.82,Queen_Accepted
../archive/sound_files/sound_files/2022-06-24--14-00-07_1__segment4.wav,0,1,4,1,2022-06-24 14:00:07,38.81,25.14,Queenright
../archive/sound_files/sound_files/2022-07-10--10-39-50_1__segment0.wav,3,1,4,1,2022-07-10 10:39:50,34.37,53.99,Queen_Accepted
../archive/sound_files/sound_files/2022-06-28--11-13-44_1__segment1.wav,2,1,4,1,2022-06-28 11:13:44,36.38,57.21,Queen_New
../archive/sound_files/sound_files/2022-07-06--20-10-24_1__segment4.wav,3,1,4,1,2022-07-06 20:10:24,26.56,52.12,Queen_Accepted
../archive/sound_files/sound_files/2022-07-01--07-13-33_1__segment5.wav,3,1,4,1,2022-07-01 7:13:33,25.26,75.28,Queen_Accepted
../archive/sound_files/sound_files/2022-06-27--05-33-18_1__segment4.wav,1,0,4,1,2022-06-27 5:33:18,28.77,65.26,Queenless
../archive/sound_files/sound_files/2022-06-29--07-19-08_1__segment3.wav,2,1,4,1,2022-06-29 7:19:08,25.74,79.33,Queen_New
../archive/sound_files/sound_files/2022-06-29--08-18-36_1__segment2.wav,2,1,4,1,2022-06-29 8:18:36,28.53,72.85,Queen_New
../archive/sound_files/sound_files/2022-06-28--01-20-12_1__segment2.wav,2,1,4,1,2022-06-28 1:20:12,25.3,90.74,Queen_New
../archive/sound_files/sound_files/2022-07-08--15-45-34_1__segment5.wav,3,1,4,1,2022-07-08 15:45:34,31.4,39.04,Queen_Accepted
../archive/sound_files/sound_files/2022-07-10--07-40-40_1__segment4.wav,3,1,4,1,2022-07-10 7:40:40,26.26,70.04,Queen_Accepted
../archive/sound_files/sound_files/2022-07-13--22-37-39_1__segment0.wav,3,1,4,1,2022-07-13 22:37:39,27.21,73.78,Queen_Accepted
../archive/sound_files/sound_files/2022-06-28--06-16-08_1__segment3.wav,2,1,4,1,2022-06-28 6:16:08,24.18,92.78,Queen_New
../archive/sound_files/sound_files/2022-06-28--18-29-45_1__segment4.wav,2,1,4,1,2022-06-28 18:29:45,26.29,46.55,Queen_New
../archive/sound_files/sound_files/2022-07-06--01-23-04_1__segment4.wav,3,1,4,1,2022-07-06 1:23:04,27.26,74.34,Queen_Accepted
../archive/sound_files/sound_files/2022-07-04--00-58-48_1__segment3.wav,3,1,4,1,2022-07-04 0:58:48,28.31,72.2,Queen_Accepted
../archive/sound_files/sound_files/2022-06-27--15-17-24_1__segment2.wav,1,0,4,1,2022-06-27 15:17:24,33.77,42.14,Queenless
../archive/sound_files/sound_files/2022-07-10--01-43-36_1__segment0.wav,3,1,4,1,2022-07-10 1:43:36,26.31,77.2,Queen_Accepted
../archive/sound_files/sound_files/2022-07-01--10-13-33_1__segment4.wav,3,1,4,1,2022-07-01 10:13:33,41.15,37.54,Queen_Accepted
../archive/sound_files/sound_files/2022-06-25--07-45-25_1__segment0.wav,0,1,4,1,2022-06-25 7:45:25,31.17,58.67,Queenright
../archive/sound_files/sound_files/2022-06-29--13-15-03_1__segment2.wav,2,1,4,1,2022-06-29 13:15:03,39.38,26.66,Queen_New
../archive/sound_files/sound_files/2022-06-26--01-54-51_1__segment4.wav,1,0,4,1,2022-06-26 1:54:51,29.97,69.15,Queenless
../archive/sound_files/sound_files/2022-07-15--14-12-51_1__segment1.wav,3,1,4,1,2022-07-15 14:12:51,33.94,39.4,Queen_Accepted
../archive/sound_files/sound_files/2022-07-02--00-04-23_1__segment3.wav,3,1,4,1,2022-07-02 0:04:23,28.18,71.52,Queen_Accepted
../archive/sound_files/sound_files/2022-07-06--04-20-59_1__segment3.wav,3,1,4,1,2022-07-06 4:20:59,27.15,80.51,Queen_Accepted
../archive/sound_files/sound_files/2022-06-30--23-19-59_1__segment2.wav,3,1,4,1,2022-06-30 23:19:59,24.9,84.74,Queen_Accepted
../archive/sound_files/sound_files/2022-07-07--22-53-00_1__segment5.wav,3,1,4,1,2022-07-07 22:53:00,27.9,69.07,Queen_Accepted
../archive/sound_files/sound_files/2022-07-05--01-42-28_1__segment2.wav,3,1,4,1,2022-07-05 1:42:28,28.95,67.97,Queen_Accepted
../archive/sound_files/sound_files/2022-07-09--06-35-42_1__segment3.wav,3,1,4,1,2022-07-09 6:35:42,24.59,86.08,Queen_Accepted
../archive/sound_files/sound_files/2022-06-26--17-42-56_1__segment1.wav,1,0,4,1,2022-06-26 17:42:56,32.44,56.09,Queenless
../archive/sound_files/sound_files/2022-07-09--10-33-31_1__segment1.wav,3,1,4,1,2022-07-09 10:33:31,33.82,54.73,Queen_Accepted
../archive/sound_files/sound_files/2022-06-26--15-44-40_1__segment5.wav,1,0,4,1,2022-06-26 15:44:40,33.77,41.54,Queenless
../archive/sound_files/sound_files/2022-06-27--21-23-38_1__segment1.wav,2,1,4,1,2022-06-27 21:23:38,28.06,79.9,Queen_New
../archive/sound_files/sound_files/2022-07-08--03-54-17_1__segment5.wav,3,1,4,1,2022-07-08 3:54:17,25.89,75.0,Queen_Accepted
../archive/sound_files/sound_files/2022-07-04--00-58-48_1__segment0.wav,3,1,4,1,2022-07-04 0:58:48,28.31,72.2,Queen_Accepted
../archive/sound_files/sound_files/2022-06-24--19-54-30_1__segment2.wav,0,1,4,1,2022-06-24 19:54:30,31.22,61.15,Queenright
../archive/sound_files/sound_files/2022-07-02--08-57-35_1__segment2.wav,3,1,4,1,2022-07-02 8:57:35,29.01,62.27,Queen_Accepted
../archive/sound_files/sound_files/2022-07-04--03-56-30_1__segment4.wav,3,1,4,1,2022-07-04 3:56:30,27.99,63.81,Queen_Accepted
../archive/sound_files/sound_files/2022-06-29--03-22-00_1__segment2.wav,2,1,4,1,2022-06-29 3:22:00,24.58,87.29,Queen_New
../archive/sound_files/sound_files/2022-07-14--21-19-04_1__segment1.wav,3,1,4,1,2022-07-14 21:19:04,28.24,71.69,Queen_Accepted
../archive/sound_files/sound_files/2022-06-24--14-00-07_1__segment1.wav,0,1,4,1,2022-06-24 14:00:07,38.81,25.14,Queenright
../archive/sound_files/sound_files/2022-07-07--17-57-13_1__segment3.wav,3,1,4,1,2022-07-07 17:57:13,30.22,50.13,Queen_Accepted
../archive/sound_files/sound_files/2022-07-15--10-14-53_1__segment2.wav,3,1,4,1,2022-07-15 10:14:53,32.72,54.65,Queen_Accepted
../archive/sound_files/sound_files/2022-07-14--11-27-51_1__segment3.wav,3,1,4,1,2022-07-14 11:27:51,36.37,43.67,Queen_Accepted
../archive/sound_files/sound_files/2022-07-04--03-56-30_1__segment5.wav,3,1,4,1,2022-07-04 3:56:30,27.99,63.81,Queen_Accepted
../archive/sound_files/sound_files/2022-07-07--19-55-27_1__segment5.wav,3,1,4,1,2022-07-07 19:55:27,27.48,54.64,Queen_Accepted
../archive/sound_files/sound_files/2022-07-08--11-48-51_1__segment1.wav,3,1,4,1,2022-07-08 11:48:51,36.6,35.47,Queen_Accepted
../archive/sound_files/sound_files/2022-06-26--03-53-17_1__segment0.wav,1,0,4,1,2022-06-26 3:53:17,29.3,68.19,Queenless
../archive/sound_files/sound_files/2022-07-13--03-50-40_1__segment3.wav,3,1,4,1,2022-07-13 3:50:40,25.66,73.82,Queen_Accepted
../archive/sound_files/sound_files/2022-07-01--03-16-39_1__segment5.wav,3,1,4,1,2022-07-01 3:16:39,24.47,80.41,Queen_Accepted
../archive/sound_files/sound_files/2022-07-03--05-14-48_1__segment3.wav,3,1,4,1,2022-07-03 5:14:48,27.21,65.09,Queen_Accepted
../archive/sound_files/sound_files/2022-06-29--09-18-42_1__segment1.wav,2,1,4,1,2022-06-29 9:18:42,35.51,57.01,Queen_New
../archive/sound_files/sound_files/2022-07-09--20-40-26_1__segment0.wav,3,1,4,1,2022-07-09 20:40:26,27.9,57.44,Queen_Accepted
../archive/sound_files/sound_files/2022-07-01--07-13-33_1__segment3.wav,3,1,4,1,2022-07-01 7:13:33,25.26,75.28,Queen_Accepted
../archive/sound_files/sound_files/2022-07-12--07-04-56_1__segment5.wav,3,1,4,1,2022-07-12 7:04:56,25.75,81.27,Queen_Accepted
../archive/sound_files/sound_files/2022-07-06--04-20-59_1__segment4.wav,3,1,4,1,2022-07-06 4:20:59,27.15,80.51,Queen_Accepted
../archive/sound_files/sound_files/2022-06-24--12-02-42_1__segment5.wav,0,1,4,1,2022-06-24 12:02:42,47.41,18.39,Queenright
../archive/sound_files/sound_files/2022-06-26--15-44-40_1__segment2.wav,1,0,4,1,2022-06-26 15:44:40,33.77,41.54,Queenless
../archive/sound_files/sound_files/2022-06-25--21-58-09_1__segment3.wav,1,0,4,1,2022-06-25 21:58:09,31.84,69.55,Queenless
../archive/sound_files/sound_files/2022-07-06--20-10-24_1__segment1.wav,3,1,4,1,2022-07-06 20:10:24,26.56,52.12,Queen_Accepted
../archive/sound_files/sound_files/2022-07-09--02-39-17_1__segment3.wav,3,1,4,1,2022-07-09 2:39:17,26.4,81.85,Queen_Accepted
../archive/sound_files/sound_files/2022-07-01--00-19-07_1__segment3.wav,3,1,4,1,2022-07-01 0:19:07,24.96,79.96,Queen_Accepted
../archive/sound_files/sound_files/2022-07-07--01-08-35_1__segment2.wav,3,1,4,1,2022-07-07 1:08:35,27.25,73.72,Queen_Accepted
../archive/sound_files/sound_files/2022-07-07--16-58-09_1__segment2.wav,3,1,4,1,2022-07-07 16:58:09,30.55,48.54,Queen_Accepted
../archive/sound_files/sound_files/2022-07-08--11-48-51_1__segment4.wav,3,1,4,1,2022-07-08 11:48:51,36.6,35.47,Queen_Accepted
../archive/sound_files/sound_files/2022-07-06--08-17-56_1__segment4.wav,3,1,4,1,2022-07-06 8:17:56,27.67,73.51,Queen_Accepted
../archive/sound_files/sound_files/2022-07-04--08-52-56_1__segment0.wav,3,1,4,1,2022-07-04 8:52:56,30.2,58.57,Queen_Accepted
../archive/sound_files/sound_files/2022-06-24--16-57-25_1__segment2.wav,0,1,4,1,2022-06-24 16:57:25,34.19,44.1,Queenright
../archive/sound_files/sound_files/2022-07-06--13-14-32_1__segment5.wav,3,1,4,1,2022-07-06 13:14:32,35.14,46.88,Queen_Accepted
../archive/sound_files/sound_files/2022-07-10--02-42-56_1__segment3.wav,3,1,4,1,2022-07-10 2:42:56,25.42,76.66,Queen_Accepted
../archive/sound_files/sound_files/2022-07-12--12-01-45_1__segment4.wav,3,1,4,1,2022-07-12 12:01:45,37.36,40.18,Queen_Accepted
../archive/sound_files/sound_files/2022-07-04--04-55-41_1__segment1.wav,3,1,4,1,2022-07-04 4:55:41,26.69,69.97,Queen_Accepted
../archive/sound_files/sound_files/2022-07-05--11-34-47_1__segment3.wav,3,1,4,1,2022-07-05 11:34:47,32.26,42.62,Queen_Accepted
../archive/sound_files/sound_files/2022-07-06--11-15-57_1__segment0.wav,3,1,4,1,2022-07-06 11:15:57,32.51,47.01,Queen_Accepted
../archive/sound_files/sound_files/2022-07-14--17-22-39_1__segment5.wav,3,1,4,1,2022-07-14 17:22:39,30.18,47.96,Queen_Accepted
../archive/sound_files/sound_files/2022-07-05--23-24-37_1__segment4.wav,3,1,4,1,2022-07-05 23:24:37,28.07,75.53,Queen_Accepted
../archive/sound_files/sound_files/2022-07-07--12-03-12_1__segment5.wav,3,1,4,1,2022-07-07 12:03:12,36.32,50.58,Queen_Accepted
../archive/sound_files/sound_files/2022-07-07--03-06-52_1__segment2.wav,3,1,4,1,2022-07-07 3:06:52,27.39,74.35,Queen_Accepted
../archive/sound_files/sound_files/2022-06-24--15-58-15_1__segment5.wav,0,1,4,1,2022-06-24 15:58:15,35.57,34.84,Queenright
../archive/sound_files/sound_files/2022-06-28--19-28-49_1__segment0.wav,2,1,4,1,2022-06-28 19:28:49,29.19,70.13,Queen_New
../archive/sound_files/sound_files/2022-07-03--01-18-05_1__segment4.wav,3,1,4,1,2022-07-03 1:18:05,27.79,64.3,Queen_Accepted
../archive/sound_files/sound_files/2022-07-09--15-34-08_1__segment1.wav,3,1,4,1,2022-07-09 15:34:08,31.8,51.48,Queen_Accepted
../archive/sound_files/sound_files/2022-07-10--07-40-40_1__segment2.wav,3,1,4,1,2022-07-10 7:40:40,26.26,70.04,Queen_Accepted
../archive/sound_files/sound_files/2022-07-04--18-48-31_1__segment2.wav,3,1,4,1,2022-07-04 18:48:31,29.74,55.43,Queen_Accepted
../archive/sound_files/sound_files/2022-07-07--03-06-52_1__segment5.wav,3,1,4,1,2022-07-07 3:06:52,27.39,74.35,Queen_Accepted
../archive/sound_files/sound_files/2022-07-03--09-11-41_1__segment4.wav,3,1,4,1,2022-07-03 9:11:41,28.15,65.43,Queen_Accepted
../archive/sound_files/sound_files/2022-06-27--06-32-32_1__segment0.wav,1,0,4,1,2022-06-27 6:32:32,28.81,68.64,Queenless
../archive/sound_files/sound_files/2022-07-12--16-00-54_1__segment0.wav,3,1,4,1,2022-07-12 16:00:54,32.14,40.6,Queen_Accepted
../archive/sound_files/sound_files/2022-07-05--06-38-16_1__segment0.wav,3,1,4,1,2022-07-05 6:38:16,28.35,73.86,Queen_Accepted
../archive/sound_files/sound_files/2022-07-05--05-39-02_1__segment3.wav,3,1,4,1,2022-07-05 5:39:02,27.76,77.81,Queen_Accepted
../archive/sound_files/sound_files/2022-06-25--07-45-25_1__segment3.wav,0,1,4,1,2022-06-25 7:45:25,31.17,58.67,Queenright
../archive/sound_files/sound_files/2022-07-11--12-22-00_1__segment3.wav,3,1,4,1,2022-07-11 12:22:00,38.35,29.99,Queen_Accepted
../archive/sound_files/sound_files/2022-06-26--23-37-51_1__segment3.wav,1,0,4,1,2022-06-26 23:37:51,30.06,77.41,Queenless
../archive/sound_files/sound_files/2022-07-07--14-00-54_1__segment3.wav,3,1,4,1,2022-07-07 14:00:54,34.3,45.97,Queen_Accepted
../archive/sound_files/sound_files/2022-07-05--09-36-17_1__segment1.wav,3,1,4,1,2022-07-05 9:36:17,31.16,62.7,Queen_Accepted
../archive/sound_files/sound_files/2022-07-04--05-54-54_1__segment4.wav,3,1,4,1,2022-07-04 5:54:54,27.45,69.61,Queen_Accepted
../archive/sound_files/sound_files/2022-07-15--11-14-12_1__segment2.wav,3,1,4,1,2022-07-15 11:14:12,35.61,45.85,Queen_Accepted
../archive/sound_files/sound_files/2022-07-09--08-34-36_1__segment0.wav,3,1,4,1,2022-07-09 8:34:36,27.4,74.66,Queen_Accepted
../archive/sound_files/sound_files/2022-07-03--21-02-06_1__segment0.wav,3,1,4,1,2022-07-03 21:02:06,28.57,59.36,Queen_Accepted
../archive/sound_files/sound_files/2022-07-15--11-14-12_1__segment1.wav,3,1,4,1,2022-07-15 11:14:12,35.61,45.85,Queen_Accepted
../archive/sound_files/sound_files/2022-06-26--13-46-18_1__segment3.wav,1,0,4,1,2022-06-26 13:46:18,35.14,37.31,Queenless
../archive/sound_files/sound_files/2022-07-14--23-22-40_1__segment3.wav,3,1,4,1,2022-07-14 23:22:40,27.32,71.76,Queen_Accepted
../archive/sound_files/sound_files/2022-07-08--17-43-51_1__segment2.wav,3,1,4,1,2022-07-08 17:43:51,31.06,54.25,Queen_Accepted
../archive/sound_files/sound_files/2022-07-07--19-55-27_1__segment4.wav,3,1,4,1,2022-07-07 19:55:27,27.48,54.64,Queen_Accepted
../archive/sound_files/sound_files/2022-07-14--12-27-07_1__segment2.wav,3,1,4,1,2022-07-14 12:27:07,36.0,34.26,Queen_Accepted
../archive/sound_files/sound_files/2022-06-27--01-36-20_1__segment3.wav,1,0,4,1,2022-06-27 1:36:20,29.26,75.72,Queenless
../archive/sound_files/sound_files/2022-07-09--01-40-05_1__segment5.wav,3,1,4,1,2022-07-09 1:40:05,26.79,76.53,Queen_Accepted
../archive/sound_files/sound_files/2022-07-04--20-46-42_1__segment1.wav,3,1,4,1,2022-07-04 20:46:42,28.88,58.59,Queen_Accepted
../archive/sound_files/sound_files/2022-07-06--05-20-11_1__segment5.wav,3,1,4,1,2022-07-06 5:20:11,27.35,73.78,Queen_Accepted
../archive/sound_files/sound_files/2022-07-09--11-32-41_1__segment1.wav,3,1,4,1,2022-07-09 11:32:41,35.37,40.71,Queen_Accepted
../archive/sound_files/sound_files/2022-07-05--14-32-08_1__segment1.wav,3,1,4,1,2022-07-05 14:32:08,30.65,46.28,Queen_Accepted
../archive/sound_files/sound_files/2022-07-06--21-09-31_1__segment5.wav,3,1,4,1,2022-07-06 21:09:31,27.3,64.69,Queen_Accepted
../archive/sound_files/sound_files/2022-07-04--18-48-31_1__segment0.wav,3,1,4,1,2022-07-04 18:48:31,29.74,55.43,Queen_Accepted
../archive/sound_files/sound_files/2022-07-05--07-37-32_1__segment1.wav,3,1,4,1,2022-07-05 7:37:32,28.18,69.66,Queen_Accepted
../archive/sound_files/sound_files/2022-07-04--06-54-06_1__segment3.wav,3,1,4,1,2022-07-04 6:54:06,27.28,67.35,Queen_Accepted
../archive/sound_files/sound_files/2022-07-03--22-01-15_1__segment1.wav,3,1,4,1,2022-07-03 22:01:15,28.82,65.95,Queen_Accepted
../archive/sound_files/sound_files/2022-06-27--15-17-24_1__segment0.wav,1,0,4,1,2022-06-27 15:17:24,33.77,42.14,Queenless
../archive/sound_files/sound_files/2022-07-03--06-13-59_1__segment5.wav,3,1,4,1,2022-07-03 6:13:59,27.78,69.02,Queen_Accepted
../archive/sound_files/sound_files/2022-06-28--00-21-03_1__segment1.wav,2,1,4,1,2022-06-28 0:21:03,25.73,88.06,Queen_New
../archive/sound_files/sound_files/2022-07-13--08-47-04_1__segment1.wav,3,1,4,1,2022-07-13 8:47:04,27.27,67.1,Queen_Accepted
../archive/sound_files/sound_files/2022-06-26--06-51-08_1__segment2.wav,1,0,4,1,2022-06-26 6:51:08,29.38,66.14,Queenless
../archive/sound_files/sound_files/2022-07-03--23-59-39_1__segment2.wav,3,1,4,1,2022-07-03 23:59:39,28.73,67.97,Queen_Accepted
../archive/sound_files/sound_files/2022-07-12--12-01-45_1__segment3.wav,3,1,4,1,2022-07-12 12:01:45,37.36,40.18,Queen_Accepted
../archive/sound_files/sound_files/2022-06-28--09-14-48_1__segment1.wav,2,1,4,1,2022-06-28 9:14:48,31.87,63.54,Queen_New
../archive/sound_files/sound_files/2022-07-05--21-26-04_1__segment1.wav,3,1,4,1,2022-07-05 21:26:04,28.1,66.06,Queen_Accepted
../archive/sound_files/sound_files/2022-07-05--04-39-52_1__segment3.wav,3,1,4,1,2022-07-05 4:39:52,27.17,72.61,Queen_Accepted
../archive/sound_files/sound_files/2022-07-06--04-20-59_1__segment2.wav,3,1,4,1,2022-07-06 4:20:59,27.15,80.51,Queen_Accepted
../archive/sound_files/sound_files/2022-07-07--14-00-54_1__segment2.wav,3,1,4,1,2022-07-07 14:00:54,34.3,45.97,Queen_Accepted
../archive/sound_files/sound_files/2022-07-02--08-57-35_1__segment4.wav,3,1,4,1,2022-07-02 8:57:35,29.01,62.27,Queen_Accepted
../archive/sound_files/sound_files/2022-07-12--15-01-47_1__segment5.wav,3,1,4,1,2022-07-12 15:01:47,32.51,38.15,Queen_Accepted
../archive/sound_files/sound_files/2022-07-15--01-20-58_1__segment3.wav,3,1,4,1,2022-07-15 1:20:58,26.1,91.12,Queen_Accepted
../archive/sound_files/sound_files/2022-07-12--17-00-05_1__segment3.wav,3,1,4,1,2022-07-12 17:00:05,31.23,42.38,Queen_Accepted
../archive/sound_files/sound_files/2022-07-08--23-41-33_1__segment2.wav,3,1,4,1,2022-07-08 23:41:33,27.49,72.15,Queen_Accepted
../archive/sound_files/sound_files/2022-06-30--20-22-25_1__segment4.wav,3,1,4,1,2022-06-30 20:22:25,25.99,80.91,Queen_Accepted
../archive/sound_files/sound_files/2022-06-25--12-41-45_1__segment4.wav,0,1,4,1,2022-06-25 12:41:45,42.31,24.49,Queenright
../archive/sound_files/sound_files/2022-07-03--22-01-15_1__segment0.wav,3,1,4,1,2022-07-03 22:01:15,28.82,65.95,Queen_Accepted
../archive/sound_files/sound_files/2022-07-12--09-03-41_1__segment0.wav,3,1,4,1,2022-07-12 9:03:41,27.56,63.48,Queen_Accepted
../archive/sound_files/sound_files/2022-07-05--05-39-02_1__segment2.wav,3,1,4,1,2022-07-05 5:39:02,27.76,77.81,Queen_Accepted
../archive/sound_files/sound_files/2022-06-27--22-22-47_1__segment0.wav,2,1,4,1,2022-06-27 22:22:47,26.87,81.65,Queen_New
../archive/sound_files/sound_files/2022-07-06--03-21-47_1__segment3.wav,3,1,4,1,2022-07-06 3:21:47,27.46,79.27,Queen_Accepted
../archive/sound_files/sound_files/2022-07-15--05-17-44_1__segment1.wav,3,1,4,1,2022-07-15 5:17:44,25.42,89.08,Queen_Accepted
../archive/sound_files/sound_files/2022-07-10--21-37-12_1__segment2.wav,3,1,4,1,2022-07-10 21:37:12,30.41,62.27,Queen_Accepted
../archive/sound_files/sound_files/2022-07-15--01-20-58_1__segment4.wav,3,1,4,1,2022-07-15 1:20:58,26.1,91.12,Queen_Accepted
../archive/sound_files/sound_files/2022-07-09--16-35-46_1__segment0.wav,3,1,4,1,2022-07-09 16:35:46,30.81,47.98,Queen_Accepted
../archive/sound_files/sound_files/2022-07-13--01-52-15_1__segment5.wav,3,1,4,1,2022-07-13 1:52:15,25.3,60.78,Queen_Accepted
../archive/sound_files/sound_files/2022-07-15--07-16-18_1__segment0.wav,3,1,4,1,2022-07-15 7:16:18,25.55,79.78,Queen_Accepted
../archive/sound_files/sound_files/2022-07-12--16-00-54_1__segment5.wav,3,1,4,1,2022-07-12 16:00:54,32.14,40.6,Queen_Accepted
../archive/sound_files/sound_files/2022-07-07--06-07-22_1__segment0.wav,3,1,4,1,2022-07-07 6:07:22,26.44,78.58,Queen_Accepted
../archive/sound_files/sound_files/2022-06-29--04-21-13_1__segment5.wav,2,1,4,1,2022-06-29 4:21:13,24.19,91.63,Queen_New
../archive/sound_files/sound_files/2022-07-09--06-35-42_1__segment0.wav,3,1,4,1,2022-07-09 6:35:42,24.59,86.08,Queen_Accepted
../archive/sound_files/sound_files/2022-06-27--16-16-33_1__segment4.wav,1,0,4,1,2022-06-27 16:16:33,33.41,49.95,Queenless
../archive/sound_files/sound_files/2022-07-04--17-46-00_1__segment2.wav,3,1,4,1,2022-07-04 17:46:00,30.32,46.63,Queen_Accepted
../archive/sound_files/sound_files/2022-07-05--13-32-52_1__segment5.wav,3,1,4,1,2022-07-05 13:32:52,31.65,45.67,Queen_Accepted
../archive/sound_files/sound_files/2022-06-24--20-53-33_1__segment1.wav,0,1,4,1,2022-06-24 20:53:33,30.48,69.95,Queenright
../archive/sound_files/sound_files/2022-07-09--18-42-04_1__segment5.wav,3,1,4,1,2022-07-09 18:42:04,29.16,52.48,Queen_Accepted
../archive/sound_files/sound_files/2022-07-05--13-32-52_1__segment3.wav,3,1,4,1,2022-07-05 13:32:52,31.65,45.67,Queen_Accepted
../archive/sound_files/sound_files/2022-07-14--17-22-39_1__segment4.wav,3,1,4,1,2022-07-14 17:22:39,30.18,47.96,Queen_Accepted
../archive/sound_files/sound_files/2022-07-10--11-39-23_1__segment4.wav,3,1,4,1,2022-07-10 11:39:23,36.9,41.53,Queen_Accepted
../archive/sound_files/sound_files/2022-07-13--14-44-36_1__segment1.wav,3,1,4,1,2022-07-13 14:44:36,32.61,40.55,Queen_Accepted
../archive/sound_files/sound_files/2022-06-27--09-22-08_1__segment3.wav,1,0,4,1,2022-06-27 9:22:08,26.83,54.18,Queenless
../archive/sound_files/sound_files/2022-06-29--11-17-33_1__segment4.wav,2,1,4,1,2022-06-29 11:17:33,44.85,36.92,Queen_New
../archive/sound_files/sound_files/2022-07-14--21-19-04_1__segment5.wav,3,1,4,1,2022-07-14 21:19:04,28.24,71.69,Queen_Accepted
../archive/sound_files/sound_files/2022-07-12--21-55-32_1__segment5.wav,3,1,4,1,2022-07-12 21:55:32,29.14,75.79,Queen_Accepted
../archive/sound_files/sound_files/2022-07-06--17-11-37_1__segment3.wav,3,1,4,1,2022-07-06 17:11:37,29.19,51.96,Queen_Accepted
../archive/sound_files/sound_files/2022-07-12--06-05-44_1__segment1.wav,3,1,4,1,2022-07-12 6:05:44,23.01,69.42,Queen_Accepted
../archive/sound_files/sound_files/2022-07-04--02-57-15_1__segment4.wav,3,1,4,1,2022-07-04 2:57:15,28.15,66.5,Queen_Accepted
../archive/sound_files/sound_files/2022-07-03--03-16-26_1__segment1.wav,3,1,4,1,2022-07-03 3:16:26,27.37,67.79,Queen_Accepted
../archive/sound_files/sound_files/2022-07-02--14-52-46_1__segment3.wav,3,1,4,1,2022-07-02 14:52:46,29.83,53.97,Queen_Accepted
../archive/sound_files/sound_files/2022-06-27--22-22-47_1__segment3.wav,2,1,4,1,2022-06-27 22:22:47,26.87,81.65,Queen_New
../archive/sound_files/sound_files/2022-07-05--23-24-37_1__segment1.wav,3,1,4,1,2022-07-05 23:24:37,28.07,75.53,Queen_Accepted
../archive/sound_files/sound_files/2022-06-25--15-04-12_1__segment2.wav,1,0,4,1,2022-06-25 15:04:12,34.2,33.58,Queenless
../archive/sound_files/sound_files/2022-07-05--04-39-52_1__segment5.wav,3,1,4,1,2022-07-05 4:39:52,27.17,72.61,Queen_Accepted
../archive/sound_files/sound_files/2022-06-28--21-27-05_1__segment4.wav,2,1,4,1,2022-06-28 21:27:05,27.42,79.88,Queen_New
../archive/sound_files/sound_files/2022-06-27--13-19-05_1__segment0.wav,1,0,4,1,2022-06-27 13:19:05,36.74,51.62,Queenless
../archive/sound_files/sound_files/2022-07-14--16-23-36_1__segment2.wav,3,1,4,1,2022-07-14 16:23:36,31.9,40.65,Queen_Accepted
../archive/sound_files/sound_files/2022-06-28--16-09-24_1__segment0.wav,2,1,4,1,2022-06-28 16:09:24,32.94,51.52,Queen_New
../archive/sound_files/sound_files/2022-07-05--18-28-41_1__segment4.wav,3,1,4,1,2022-07-05 18:28:41,28.94,52.06,Queen_Accepted
../archive/sound_files/sound_files/2022-06-27--00-37-09_1__segment2.wav,1,0,4,1,2022-06-27 0:37:09,29.86,76.63,Queenless
../archive/sound_files/sound_files/2022-07-08--07-51-47_1__segment2.wav,3,1,4,1,2022-07-08 7:51:47,26.47,74.91,Queen_Accepted
../archive/sound_files/sound_files/2022-07-14--21-19-04_1__segment0.wav,3,1,4,1,2022-07-14 21:19:04,28.24,71.69,Queen_Accepted
../archive/sound_files/sound_files/2022-06-27--20-24-32_1__segment4.wav,2,1,4,1,2022-06-27 20:24:32,28.69,74.42,Queen_New
../archive/sound_files/sound_files/2022-07-14--15-24-55_1__segment0.wav,3,1,4,1,2022-07-14 15:24:55,32.53,48.2,Queen_Accepted
../archive/sound_files/sound_files/2022-07-12--20-56-25_1__segment0.wav,3,1,4,1,2022-07-12 20:56:25,28.32,66.91,Queen_Accepted
../archive/sound_files/sound_files/2022-07-02--04-01-13_1__segment5.wav,3,1,4,1,2022-07-02 4:01:13,27.87,70.19,Queen_Accepted
../archive/sound_files/sound_files/2022-07-03--20-03-02_1__segment3.wav,3,1,4,1,2022-07-03 20:03:02,28.94,63.99,Queen_Accepted
../archive/sound_files/sound_files/2022-07-02--09-56-39_1__segment0.wav,3,1,4,1,2022-07-02 9:56:39,30.32,57.54,Queen_Accepted
../archive/sound_files/sound_files/2022-07-03--08-12-28_1__segment4.wav,3,1,4,1,2022-07-03 8:12:28,27.83,66.92,Queen_Accepted
../archive/sound_files/sound_files/2022-06-26--18-42-02_1__segment2.wav,1,0,4,1,2022-06-26 18:42:02,32.24,57.38,Queenless
../archive/sound_files/sound_files/2022-07-07--14-00-54_1__segment1.wav,3,1,4,1,2022-07-07 14:00:54,34.3,45.97,Queen_Accepted
../archive/sound_files/sound_files/2022-06-26--01-54-51_1__segment0.wav,1,0,4,1,2022-06-26 1:54:51,29.97,69.15,Queenless
../archive/sound_files/sound_files/2022-07-12--15-01-47_1__segment4.wav,3,1,4,1,2022-07-12 15:01:47,32.51,38.15,Queen_Accepted
../archive/sound_files/sound_files/2022-06-28--15-10-15_1__segment4.wav,2,1,4,1,2022-06-28 15:10:15,33.56,49.84,Queen_New
../archive/sound_files/sound_files/2022-07-13--07-47-40_1__segment4.wav,3,1,4,1,2022-07-13 7:47:40,25.53,79.58,Queen_Accepted
../archive/sound_files/sound_files/2022-07-04--21-45-51_1__segment1.wav,3,1,4,1,2022-07-04 21:45:51,29.88,57.5,Queen_Accepted
../archive/sound_files/sound_files/2022-07-09--19-41-41_1__segment0.wav,3,1,4,1,2022-07-09 19:41:41,28.23,56.83,Queen_Accepted
../archive/sound_files/sound_files/2022-06-25--10-43-44_1__segment5.wav,0,1,4,1,2022-06-25 10:43:44,47.72,32.5,Queenright
../archive/sound_files/sound_files/2022-07-01--13-40-23_1__segment0.wav,3,1,4,1,2022-07-01 13:40:23,38.86,24.13,Queen_Accepted
../archive/sound_files/sound_files/2022-07-07--19-55-27_1__segment3.wav,3,1,4,1,2022-07-07 19:55:27,27.48,54.64,Queen_Accepted
../archive/sound_files/sound_files/2022-07-06--00-23-52_1__segment5.wav,3,1,4,1,2022-07-06 0:23:52,27.53,75.44,Queen_Accepted
../archive/sound_files/sound_files/2022-06-24--17-56-26_1__segment3.wav,0,1,4,1,2022-06-24 17:56:26,33.13,44.52,Queenright
../archive/sound_files/sound_files/2022-07-07--08-05-44_1__segment0.wav,3,1,4,1,2022-07-07 8:05:44,26.85,68.87,Queen_Accepted
../archive/sound_files/sound_files/2022-07-03--04-15-39_1__segment0.wav,3,1,4,1,2022-07-03 4:15:39,27.51,70.24,Queen_Accepted
../archive/sound_files/sound_files/2022-07-06--10-16-43_1__segment4.wav,3,1,4,1,2022-07-06 10:16:43,31.05,61.59,Queen_Accepted
../archive/sound_files/sound_files/2022-06-27--06-32-32_1__segment4.wav,1,0,4,1,2022-06-27 6:32:32,28.81,68.64,Queenless
../archive/sound_files/sound_files/2022-06-27--02-35-34_1__segment5.wav,1,0,4,1,2022-06-27 2:35:34,28.83,69.63,Queenless
../archive/sound_files/sound_files/2022-07-02--20-22-06_1__segment4.wav,3,1,4,1,2022-07-02 20:22:06,27.35,64.66,Queen_Accepted
../archive/sound_files/sound_files/2022-07-01--04-15-51_1__segment3.wav,3,1,4,1,2022-07-01 4:15:51,24.46,76.56,Queen_Accepted
../archive/sound_files/sound_files/2022-07-04--02-57-15_1__segment3.wav,3,1,4,1,2022-07-04 2:57:15,28.15,66.5,Queen_Accepted
../archive/sound_files/sound_files/2022-07-02--04-01-13_1__segment1.wav,3,1,4,1,2022-07-02 4:01:13,27.87,70.19,Queen_Accepted
../archive/sound_files/sound_files/2022-07-05--12-33-57_1__segment2.wav,3,1,4,1,2022-07-05 12:33:57,34.03,45.69,Queen_Accepted
../archive/sound_files/sound_files/2022-07-06--19-11-16_1__segment3.wav,3,1,4,1,2022-07-06 19:11:16,27.14,52.51,Queen_Accepted
../archive/sound_files/sound_files/2022-07-04--05-54-54_1__segment0.wav,3,1,4,1,2022-07-04 5:54:54,27.45,69.61,Queen_Accepted
../archive/sound_files/sound_files/2022-07-02--05-59-41_1__segment0.wav,3,1,4,1,2022-07-02 5:59:41,27.61,65.03,Queen_Accepted
../archive/sound_files/sound_files/2022-06-27--09-22-08_1__segment1.wav,1,0,4,1,2022-06-27 9:22:08,26.83,54.18,Queenless
../archive/sound_files/sound_files/2022-06-26--16-43-48_1__segment1.wav,1,0,4,1,2022-06-26 16:43:48,33.43,49.17,Queenless
../archive/sound_files/sound_files/2022-07-09--11-32-41_1__segment3.wav,3,1,4,1,2022-07-09 11:32:41,35.37,40.71,Queen_Accepted
../archive/sound_files/sound_files/2022-07-12--21-55-32_1__segment0.wav,3,1,4,1,2022-07-12 21:55:32,29.14,75.79,Queen_Accepted
../archive/sound_files/sound_files/2022-06-24--13-01-08_1__segment0.wav,0,1,4,1,2022-06-24 13:01:08,44.55,20.51,Queenright
../archive/sound_files/sound_files/2022-07-09--13-35-26_1__segment3.wav,3,1,4,1,2022-07-09 13:35:26,35.63,41.49,Queen_Accepted
../archive/sound_files/sound_files/2022-07-03--23-00-27_1__segment2.wav,3,1,4,1,2022-07-03 23:00:27,28.96,67.07,Queen_Accepted
../archive/sound_files/sound_files/2022-06-27--01-36-20_1__segment4.wav,1,0,4,1,2022-06-27 1:36:20,29.26,75.72,Queenless
../archive/sound_files/sound_files/2022-07-07--12-03-12_1__segment2.wav,3,1,4,1,2022-07-07 12:03:12,36.32,50.58,Queen_Accepted
../archive/sound_files/sound_files/2022-07-08--09-50-20_1__segment2.wav,3,1,4,1,2022-07-08 9:50:20,31.5,61.09,Queen_Accepted
../archive/sound_files/sound_files/2022-07-01--20-07-21_1__segment4.wav,3,1,4,1,2022-07-01 20:07:21,25.62,75.79,Queen_Accepted
../archive/sound_files/sound_files/2022-07-04--10-51-34_1__segment4.wav,3,1,4,1,2022-07-04 10:51:34,33.09,54.65,Queen_Accepted
../archive/sound_files/sound_files/2022-06-29--01-23-38_1__segment3.wav,2,1,4,1,2022-06-29 1:23:38,25.33,89.42,Queen_New
../archive/sound_files/sound_files/2022-06-24--23-51-14_1__segment5.wav,0,1,4,1,2022-06-24 23:51:14,28.88,75.42,Queenright
../archive/sound_files/sound_files/2022-06-27--23-21-55_1__segment3.wav,2,1,4,1,2022-06-27 23:21:55,26.17,86.02,Queen_New
../archive/sound_files/sound_files/2022-07-07--15-00-22_1__segment3.wav,3,1,4,1,2022-07-07 15:00:22,32.37,55.0,Queen_Accepted
../archive/sound_files/sound_files/2022-07-04--12-50-12_1__segment3.wav,3,1,4,1,2022-07-04 12:50:12,33.04,46.17,Queen_Accepted
../archive/sound_files/sound_files/2022-06-29--05-20-21_1__segment1.wav,2,1,4,1,2022-06-29 5:20:21,23.82,92.82,Queen_New
../archive/sound_files/sound_files/2022-07-07--20-54-40_1__segment0.wav,3,1,4,1,2022-07-07 20:54:40,27.07,60.72,Queen_Accepted
../archive/sound_files/sound_files/2022-07-10--09-40-34_1__segment3.wav,3,1,4,1,2022-07-10 9:40:34,30.63,58.59,Queen_Accepted
../archive/sound_files/sound_files/2022-06-25--01-49-19_1__segment4.wav,0,1,4,1,2022-06-25 1:49:19,28.06,80.16,Queenright
../archive/sound_files/sound_files/2022-07-08--00-56-41_1__segment3.wav,3,1,4,1,2022-07-08 0:56:41,27.15,81.83,Queen_Accepted
../archive/sound_files/sound_files/2022-07-04--15-47-45_1__segment2.wav,3,1,4,1,2022-07-04 15:47:45,32.56,52.57,Queen_Accepted
../archive/sound_files/sound_files/2022-07-10--18-37-40_1__segment1.wav,3,1,4,1,2022-07-10 18:37:40,32.26,38.68,Queen_Accepted
../archive/sound_files/sound_files/2022-06-26--00-55-43_1__segment1.wav,1,0,4,1,2022-06-26 0:55:43,30.23,68.36,Queenless
../archive/sound_files/sound_files/2022-07-12--09-03-41_1__segment1.wav,3,1,4,1,2022-07-12 9:03:41,27.56,63.48,Queen_Accepted
../archive/sound_files/sound_files/2022-06-26--19-41-10_1__segment4.wav,1,0,4,1,2022-06-26 19:41:10,31.92,63.57,Queenless
../archive/sound_files/sound_files/2022-06-28--02-19-24_1__segment2.wav,2,1,4,1,2022-06-28 2:19:24,24.93,91.22,Queen_New
../archive/sound_files/sound_files/2022-07-08--00-56-41_1__segment4.wav,3,1,4,1,2022-07-08 0:56:41,27.15,81.83,Queen_Accepted
../archive/sound_files/sound_files/2022-07-13--21-38-28_1__segment0.wav,3,1,4,1,2022-07-13 21:38:28,28.52,69.85,Queen_Accepted
../archive/sound_files/sound_files/2022-07-14--15-24-55_1__segment1.wav,3,1,4,1,2022-07-14 15:24:55,32.53,48.2,Queen_Accepted
../archive/sound_files/sound_files/2022-07-07--20-54-40_1__segment5.wav,3,1,4,1,2022-07-07 20:54:40,27.07,60.72,Queen_Accepted
../archive/sound_files/sound_files/2022-07-09--21-40-06_1__segment2.wav,3,1,4,1,2022-07-09 21:40:06,27.64,63.85,Queen_Accepted
../archive/sound_files/sound_files/2022-07-03--03-16-26_1__segment2.wav,3,1,4,1,2022-07-03 3:16:26,27.37,67.79,Queen_Accepted
../archive/sound_files/sound_files/2022-07-01--02-17-27_1__segment2.wav,3,1,4,1,2022-07-01 2:17:27,24.6,79.35,Queen_Accepted
../archive/sound_files/sound_files/2022-06-28--17-08-34_1__segment4.wav,2,1,4,1,2022-06-28 17:08:34,32.27,52.55,Queen_New
../archive/sound_files/sound_files/2022-06-25--20-58-57_1__segment0.wav,1,0,4,1,2022-06-25 20:58:57,32.47,67.06,Queenless
../archive/sound_files/sound_files/2022-07-10--06-39-34_1__segment1.wav,3,1,4,1,2022-07-10 6:39:34,23.82,77.23,Queen_Accepted
../archive/sound_files/sound_files/2022-06-28--21-27-05_1__segment5.wav,2,1,4,1,2022-06-28 21:27:05,27.42,79.88,Queen_New
../archive/sound_files/sound_files/2022-07-05--08-37-01_1__segment3.wav,3,1,4,1,2022-07-05 8:37:01,29.57,66.07,Queen_Accepted
../archive/sound_files/sound_files/2022-07-12--09-03-41_1__segment5.wav,3,1,4,1,2022-07-12 9:03:41,27.56,63.48,Queen_Accepted
../archive/sound_files/sound_files/2022-07-13--01-52-15_1__segment0.wav,3,1,4,1,2022-07-13 1:52:15,25.3,60.78,Queen_Accepted
../archive/sound_files/sound_files/2022-07-13--07-47-40_1__segment3.wav,3,1,4,1,2022-07-13 7:47:40,25.53,79.58,Queen_Accepted
../archive/sound_files/sound_files/2022-06-27--23-21-55_1__segment1.wav,2,1,4,1,2022-06-27 23:21:55,26.17,86.02,Queen_New
../archive/sound_files/sound_files/2022-07-04--15-47-45_1__segment4.wav,3,1,4,1,2022-07-04 15:47:45,32.56,52.57,Queen_Accepted
../archive/sound_files/sound_files/2022-07-01--22-05-58_1__segment3.wav,3,1,4,1,2022-07-01 22:05:58,27.75,68.96,Queen_Accepted
../archive/sound_files/sound_files/2022-07-01--10-13-33_1__segment3.wav,3,1,4,1,2022-07-01 10:13:33,41.15,37.54,Queen_Accepted
../archive/sound_files/sound_files/2022-07-02--00-04-23_1__segment5.wav,3,1,4,1,2022-07-02 0:04:23,28.18,71.52,Queen_Accepted
../archive/sound_files/sound_files/2022-07-04--05-54-54_1__segment3.wav,3,1,4,1,2022-07-04 5:54:54,27.45,69.61,Queen_Accepted
../archive/sound_files/sound_files/2022-07-03--07-13-12_1__segment5.wav,3,1,4,1,2022-07-03 7:13:12,27.58,67.24,Queen_Accepted
../archive/sound_files/sound_files/2022-06-27--20-24-32_1__segment1.wav,2,1,4,1,2022-06-27 20:24:32,28.69,74.42,Queen_New
../archive/sound_files/sound_files/2022-07-07--19-55-27_1__segment0.wav,3,1,4,1,2022-07-07 19:55:27,27.48,54.64,Queen_Accepted
../archive/sound_files/sound_files/2022-06-27--13-19-05_1__segment3.wav,1,0,4,1,2022-06-27 13:19:05,36.74,51.62,Queenless
../archive/sound_files/sound_files/2022-06-27--04-34-04_1__segment0.wav,1,0,4,1,2022-06-27 4:34:04,29.09,70.78,Queenless
../archive/sound_files/sound_files/2022-07-05--07-37-32_1__segment3.wav,3,1,4,1,2022-07-05 7:37:32,28.18,69.66,Queen_Accepted
../archive/sound_files/sound_files/2022-07-05--08-37-01_1__segment1.wav,3,1,4,1,2022-07-05 8:37:01,29.57,66.07,Queen_Accepted
../archive/sound_files/sound_files/2022-06-24--12-02-42_1__segment0.wav,0,1,4,1,2022-06-24 12:02:42,47.41,18.39,Queenright
../archive/sound_files/sound_files/2022-07-08--17-43-51_1__segment5.wav,3,1,4,1,2022-07-08 17:43:51,31.06,54.25,Queen_Accepted
../archive/sound_files/sound_files/2022-06-26--12-47-25_1__segment0.wav,1,0,4,1,2022-06-26 12:47:25,37.14,36.61,Queenless
../archive/sound_files/sound_files/2022-07-02--18-23-54_1__segment4.wav,3,1,4,1,2022-07-02 18:23:54,28.01,51.78,Queen_Accepted
../archive/sound_files/sound_files/2022-07-10--11-39-23_1__segment2.wav,3,1,4,1,2022-07-10 11:39:23,36.9,41.53,Queen_Accepted
../archive/sound_files/sound_files/2022-07-09--03-38-28_1__segment5.wav,3,1,4,1,2022-07-09 3:38:28,25.98,81.56,Queen_Accepted
../archive/sound_files/sound_files/2022-07-01--08-13-37_1__segment2.wav,3,1,4,1,2022-07-01 8:13:37,29.24,60.93,Queen_Accepted
../archive/sound_files/sound_files/2022-07-04--11-50-51_1__segment0.wav,3,1,4,1,2022-07-04 11:50:51,33.25,51.37,Queen_Accepted
../archive/sound_files/sound_files/2022-07-09--22-39-40_1__segment3.wav,3,1,4,1,2022-07-09 22:39:40,27.23,73.66,Queen_Accepted
../archive/sound_files/sound_files/2022-07-02--22-20-24_1__segment1.wav,3,1,4,1,2022-07-02 22:20:24,27.77,68.18,Queen_Accepted
../archive/sound_files/sound_files/2022-07-02--12-54-38_1__segment0.wav,3,1,4,1,2022-07-02 12:54:38,32.89,52.26,Queen_Accepted
../archive/sound_files/sound_files/2022-06-26--11-48-16_1__segment0.wav,1,0,4,1,2022-06-26 11:48:16,37.13,48.83,Queenless
../archive/sound_files/sound_files/2022-07-10--15-36-07_1__segment1.wav,3,1,4,1,2022-07-10 15:36:07,33.82,30.15,Queen_Accepted
../archive/sound_files/sound_files/2022-06-30--20-22-25_1__segment5.wav,3,1,4,1,2022-06-30 20:22:25,25.99,80.91,Queen_Accepted
../archive/sound_files/sound_files/2022-07-04--12-50-12_1__segment5.wav,3,1,4,1,2022-07-04 12:50:12,33.04,46.17,Queen_Accepted
../archive/sound_files/sound_files/2022-07-02--11-55-37_1__segment0.wav,3,1,4,1,2022-07-02 11:55:37,33.06,51.32,Queen_Accepted
../archive/sound_files/sound_files/2022-07-07--18-56-17_1__segment2.wav,3,1,4,1,2022-07-07 18:56:17,28.47,49.06,Queen_Accepted
../archive/sound_files/sound_files/2022-07-07--17-57-13_1__segment1.wav,3,1,4,1,2022-07-07 17:57:13,30.22,50.13,Queen_Accepted
../archive/sound_files/sound_files/2022-07-03--09-11-41_1__segment0.wav,3,1,4,1,2022-07-03 9:11:41,28.15,65.43,Queen_Accepted
../archive/sound_files/sound_files/2022-06-26--04-52-33_1__segment2.wav,1,0,4,1,2022-06-26 4:52:33,28.86,67.76,Queenless
../archive/sound_files/sound_files/2022-07-06--04-20-59_1__segment0.wav,3,1,4,1,2022-07-06 4:20:59,27.15,80.51,Queen_Accepted
../archive/sound_files/sound_files/2022-07-11--19-25-17_1__segment2.wav,3,1,4,1,2022-07-11 19:25:17,30.41,40.89,Queen_Accepted
../archive/sound_files/sound_files/2022-06-24--15-58-15_1__segment2.wav,0,1,4,1,2022-06-24 15:58:15,35.57,34.84,Queenright
../archive/sound_files/sound_files/2022-07-08--06-51-57_1__segment4.wav,3,1,4,1,2022-07-08 6:51:57,24.32,74.09,Queen_Accepted
../archive/sound_files/sound_files/2022-07-05--15-31-18_1__segment4.wav,3,1,4,1,2022-07-05 15:31:18,30.34,58.36,Queen_Accepted
../archive/sound_files/sound_files/2022-06-26--22-38-40_1__segment2.wav,1,0,4,1,2022-06-26 22:38:40,30.4,78.26,Queenless
../archive/sound_files/sound_files/2022-07-02--17-25-11_1__segment1.wav,3,1,4,1,2022-07-02 17:25:11,28.75,55.54,Queen_Accepted
../archive/sound_files/sound_files/2022-06-24--10-03-35_1__segment5.wav,0,1,4,1,2022-06-24 10:03:35,42.76,38.83,Queenright
../archive/sound_files/sound_files/2022-07-14--17-22-39_1__segment3.wav,3,1,4,1,2022-07-14 17:22:39,30.18,47.96,Queen_Accepted
../archive/sound_files/sound_files/2022-06-27--00-37-09_1__segment1.wav,1,0,4,1,2022-06-27 0:37:09,29.86,76.63,Queenless
../archive/sound_files/sound_files/2022-07-08--18-42-55_1__segment2.wav,3,1,4,1,2022-07-08 18:42:55,29.72,53.36,Queen_Accepted
../archive/sound_files/sound_files/2022-06-30--20-22-25_1__segment3.wav,3,1,4,1,2022-06-30 20:22:25,25.99,80.91,Queen_Accepted
../archive/sound_files/sound_files/2022-06-26--02-54-05_1__segment2.wav,1,0,4,1,2022-06-26 2:54:05,29.55,73.83,Queenless
../archive/sound_files/sound_files/2022-07-14--13-26-20_1__segment5.wav,3,1,4,1,2022-07-14 13:26:20,35.76,34.91,Queen_Accepted
../archive/sound_files/sound_files/2022-07-01--14-39-10_1__segment1.wav,3,1,4,1,2022-07-01 14:39:10,33.92,30.37,Queen_Accepted
../archive/sound_files/sound_files/2022-07-10--11-39-23_1__segment3.wav,3,1,4,1,2022-07-10 11:39:23,36.9,41.53,Queen_Accepted
../archive/sound_files/sound_files/2022-07-15--03-19-22_1__segment0.wav,3,1,4,1,2022-07-15 3:19:22,25.96,88.86,Queen_Accepted
../archive/sound_files/sound_files/2022-07-05--17-29-38_1__segment3.wav,3,1,4,1,2022-07-05 17:29:38,29.9,49.92,Queen_Accepted
../archive/sound_files/sound_files/2022-07-03--16-06-38_1__segment1.wav,3,1,4,1,2022-07-03 16:06:38,29.43,46.67,Queen_Accepted
../archive/sound_files/sound_files/2022-07-06--22-10-00_1__segment5.wav,3,1,4,1,2022-07-06 22:10:00,27.21,66.67,Queen_Accepted
../archive/sound_files/sound_files/2022-06-26--11-48-16_1__segment4.wav,1,0,4,1,2022-06-26 11:48:16,37.13,48.83,Queenless
../archive/sound_files/sound_files/2022-06-25--15-04-12_1__segment5.wav,1,0,4,1,2022-06-25 15:04:12,34.2,33.58,Queenless
../archive/sound_files/sound_files/2022-07-09--00-40-46_1__segment2.wav,3,1,4,1,2022-07-09 0:40:46,27.42,80.63,Queen_Accepted
../archive/sound_files/sound_files/2022-07-12--17-59-09_1__segment3.wav,3,1,4,1,2022-07-12 17:59:09,30.44,44.52,Queen_Accepted
../archive/sound_files/sound_files/2022-07-03--14-08-02_1__segment0.wav,3,1,4,1,2022-07-03 14:08:02,29.98,43.35,Queen_Accepted
../archive/sound_files/sound_files/2022-07-03--18-04-54_1__segment4.wav,3,1,4,1,2022-07-03 18:04:54,27.42,45.02,Queen_Accepted
../archive/sound_files/sound_files/2022-06-25--07-45-25_1__segment1.wav,0,1,4,1,2022-06-25 7:45:25,31.17,58.67,Queenright
../archive/sound_files/sound_files/2022-07-09--07-35-11_1__segment5.wav,3,1,4,1,2022-07-09 7:35:11,25.99,81.44,Queen_Accepted
../archive/sound_files/sound_files/2022-07-09--03-38-28_1__segment2.wav,3,1,4,1,2022-07-09 3:38:28,25.98,81.56,Queen_Accepted
../archive/sound_files/sound_files/2022-07-04--20-46-42_1__segment3.wav,3,1,4,1,2022-07-04 20:46:42,28.88,58.59,Queen_Accepted
../archive/sound_files/sound_files/2022-06-29--06-19-33_1__segment3.wav,2,1,4,1,2022-06-29 6:19:33,23.26,88.99,Queen_New
../archive/sound_files/sound_files/2022-07-06--10-16-43_1__segment0.wav,3,1,4,1,2022-07-06 10:16:43,31.05,61.59,Queen_Accepted
../archive/sound_files/sound_files/2022-06-26--07-50-24_1__segment2.wav,1,0,4,1,2022-06-26 7:50:24,29.51,67.58,Queenless
../archive/sound_files/sound_files/2022-07-02--07-58-20_1__segment1.wav,3,1,4,1,2022-07-02 7:58:20,28.43,61.0,Queen_Accepted
../archive/sound_files/sound_files/2022-06-27--16-16-33_1__segment2.wav,1,0,4,1,2022-06-27 16:16:33,33.41,49.95,Queenless
../archive/sound_files/sound_files/2022-07-15--08-15-50_1__segment1.wav,3,1,4,1,2022-07-15 8:15:50,26.75,80.72,Queen_Accepted
../archive/sound_files/sound_files/2022-07-02--10-56-10_1__segment1.wav,3,1,4,1,2022-07-02 10:56:10,30.95,55.73,Queen_Accepted
../archive/sound_files/sound_files/2022-06-30--18-24-20_1__segment1.wav,3,1,4,1,2022-06-30 18:24:20,22.08,54.71,Queen_Accepted
../archive/sound_files/sound_files/2022-07-13--01-52-15_1__segment3.wav,3,1,4,1,2022-07-13 1:52:15,25.3,60.78,Queen_Accepted
../archive/sound_files/sound_files/2022-07-03--09-11-41_1__segment5.wav,3,1,4,1,2022-07-03 9:11:41,28.15,65.43,Queen_Accepted
../archive/sound_files/sound_files/2022-06-25--19-59-50_1__segment5.wav,1,0,4,1,2022-06-25 19:59:50,32.47,62.26,Queenless
../archive/sound_files/sound_files/2022-07-03--05-14-48_1__segment0.wav,3,1,4,1,2022-07-03 5:14:48,27.21,65.09,Queen_Accepted
../archive/sound_files/sound_files/2022-07-15--05-17-44_1__segment5.wav,3,1,4,1,2022-07-15 5:17:44,25.42,89.08,Queen_Accepted
../archive/sound_files/sound_files/2022-07-03--10-10-57_1__segment1.wav,3,1,4,1,2022-07-03 10:10:57,28.57,67.99,Queen_Accepted
../archive/sound_files/sound_files/2022-07-03--14-08-02_1__segment1.wav,3,1,4,1,2022-07-03 14:08:02,29.98,43.35,Queen_Accepted
../archive/sound_files/sound_files/2022-06-29--16-11-49_1__segment5.wav,2,1,4,1,2022-06-29 16:11:49,31.25,53.55,Queen_New
../archive/sound_files/sound_files/2022-07-12--20-56-25_1__segment4.wav,3,1,4,1,2022-07-12 20:56:25,28.32,66.91,Queen_Accepted
../archive/sound_files/sound_files/2022-06-29--06-19-33_1__segment5.wav,2,1,4,1,2022-06-29 6:19:33,23.26,88.99,Queen_New
../archive/sound_files/sound_files/2022-07-02--19-23-00_1__segment3.wav,3,1,4,1,2022-07-02 19:23:00,28.94,54.22,Queen_Accepted
../archive/sound_files/sound_files/2022-07-10--07-40-40_1__segment0.wav,3,1,4,1,2022-07-10 7:40:40,26.26,70.04,Queen_Accepted
../archive/sound_files/sound_files/2022-07-07--18-56-17_1__segment4.wav,3,1,4,1,2022-07-07 18:56:17,28.47,49.06,Queen_Accepted
../archive/sound_files/sound_files/2022-06-28--18-29-45_1__segment2.wav,2,1,4,1,2022-06-28 18:29:45,26.29,46.55,Queen_New
../archive/sound_files/sound_files/2022-07-12--23-53-54_1__segment2.wav,3,1,4,1,2022-07-12 23:53:54,26.74,70.33,Queen_Accepted
../archive/sound_files/sound_files/2022-06-27--19-25-25_1__segment5.wav,2,1,4,1,2022-06-27 19:25:25,29.26,67.9,Queen_New
../archive/sound_files/sound_files/2022-06-26--20-40-16_1__segment0.wav,1,0,4,1,2022-06-26 20:40:16,31.42,67.71,Queenless
../archive/sound_files/sound_files/2022-06-28--08-15-02_1__segment2.wav,2,1,4,1,2022-06-28 8:15:02,31.1,62.96,Queen_New
../archive/sound_files/sound_files/2022-07-12--18-58-16_1__segment5.wav,3,1,4,1,2022-07-12 18:58:16,29.15,44.75,Queen_Accepted
../archive/sound_files/sound_files/2022-07-05--13-32-52_1__segment2.wav,3,1,4,1,2022-07-05 13:32:52,31.65,45.67,Queen_Accepted
../archive/sound_files/sound_files/2022-07-10--08-42-00_1__segment5.wav,3,1,4,1,2022-07-10 8:42:00,27.7,63.7,Queen_Accepted
../archive/sound_files/sound_files/2022-07-09--21-40-06_1__segment0.wav,3,1,4,1,2022-07-09 21:40:06,27.64,63.85,Queen_Accepted
../archive/sound_files/sound_files/2022-07-10--08-42-00_1__segment2.wav,3,1,4,1,2022-07-10 8:42:00,27.7,63.7,Queen_Accepted
../archive/sound_files/sound_files/2022-07-08--10-49-34_1__segment4.wav,3,1,4,1,2022-07-08 10:49:34,34.84,50.69,Queen_Accepted
../archive/sound_files/sound_files/2022-07-07--12-03-12_1__segment4.wav,3,1,4,1,2022-07-07 12:03:12,36.32,50.58,Queen_Accepted
../archive/sound_files/sound_files/2022-07-03--00-18-51_1__segment0.wav,3,1,4,1,2022-07-03 0:18:51,27.93,65.81,Queen_Accepted
../archive/sound_files/sound_files/2022-07-05--08-37-01_1__segment5.wav,3,1,4,1,2022-07-05 8:37:01,29.57,66.07,Queen_Accepted
../archive/sound_files/sound_files/2022-06-26--02-54-05_1__segment3.wav,1,0,4,1,2022-06-26 2:54:05,29.55,73.83,Queenless
../archive/sound_files/sound_files/2022-07-10--00-42-54_1__segment3.wav,3,1,4,1,2022-07-10 0:42:54,26.58,81.6,Queen_Accepted
../archive/sound_files/sound_files/2022-07-03--10-10-57_1__segment3.wav,3,1,4,1,2022-07-03 10:10:57,28.57,67.99,Queen_Accepted
../archive/sound_files/sound_files/2022-07-03--19-03-58_1__segment4.wav,3,1,4,1,2022-07-03 19:03:58,29.1,57.32,Queen_Accepted
../archive/sound_files/sound_files/2022-07-10--02-42-56_1__segment2.wav,3,1,4,1,2022-07-10 2:42:56,25.42,76.66,Queen_Accepted
../archive/sound_files/sound_files/2022-06-25--20-58-57_1__segment4.wav,1,0,4,1,2022-06-25 20:58:57,32.47,67.06,Queenless
../archive/sound_files/sound_files/2022-07-06--14-13-48_1__segment1.wav,3,1,4,1,2022-07-06 14:13:48,31.79,39.28,Queen_Accepted
../archive/sound_files/sound_files/2022-07-15--06-16-56_1__segment5.wav,3,1,4,1,2022-07-15 6:16:56,23.61,81.18,Queen_Accepted
../archive/sound_files/sound_files/2022-06-28--03-18-36_1__segment4.wav,2,1,4,1,2022-06-28 3:18:36,24.71,93.47,Queen_New
../archive/sound_files/sound_files/2022-07-07--03-06-52_1__segment4.wav,3,1,4,1,2022-07-07 3:06:52,27.39,74.35,Queen_Accepted
../archive/sound_files/sound_files/2022-07-09--03-38-28_1__segment4.wav,3,1,4,1,2022-07-09 3:38:28,25.98,81.56,Queen_Accepted
../archive/sound_files/sound_files/2022-07-02--17-25-11_1__segment4.wav,3,1,4,1,2022-07-02 17:25:11,28.75,55.54,Queen_Accepted
../archive/sound_files/sound_files/2022-06-25--15-04-12_1__segment0.wav,1,0,4,1,2022-06-25 15:04:12,34.2,33.58,Queenless
../archive/sound_files/sound_files/2022-07-14--18-21-47_1__segment1.wav,3,1,4,1,2022-07-14 18:21:47,29.88,53.82,Queen_Accepted
../archive/sound_files/sound_files/2022-06-29--16-11-49_1__segment0.wav,2,1,4,1,2022-06-29 16:11:49,31.25,53.55,Queen_New
../archive/sound_files/sound_files/2022-06-25--03-47-42_1__segment0.wav,0,1,4,1,2022-06-25 3:47:42,27.52,75.07,Queenright
../archive/sound_files/sound_files/2022-07-07--15-59-01_1__segment5.wav,3,1,4,1,2022-07-07 15:59:01,31.46,46.5,Queen_Accepted
../archive/sound_files/sound_files/2022-07-02--05-59-41_1__segment3.wav,3,1,4,1,2022-07-02 5:59:41,27.61,65.03,Queen_Accepted
../archive/sound_files/sound_files/2022-06-25--12-41-45_1__segment0.wav,0,1,4,1,2022-06-25 12:41:45,42.31,24.49,Queenright
../archive/sound_files/sound_files/2022-07-07--16-58-09_1__segment1.wav,3,1,4,1,2022-07-07 16:58:09,30.55,48.54,Queen_Accepted
../archive/sound_files/sound_files/2022-06-29--12-16-53_1__segment0.wav,2,1,4,1,2022-06-29 12:16:53,43.86,28.87,Queen_New
../archive/sound_files/sound_files/2022-07-06--13-14-32_1__segment4.wav,3,1,4,1,2022-07-06 13:14:32,35.14,46.88,Queen_Accepted
../archive/sound_files/sound_files/2022-07-02--02-02-40_1__segment3.wav,3,1,4,1,2022-07-02 2:02:40,26.59,66.22,Queen_Accepted
../archive/sound_files/sound_files/2022-07-03--02-17-15_1__segment3.wav,3,1,4,1,2022-07-03 2:17:15,27.45,74.26,Queen_Accepted
../archive/sound_files/sound_files/2022-07-05--21-26-04_1__segment3.wav,3,1,4,1,2022-07-05 21:26:04,28.1,66.06,Queen_Accepted
../archive/sound_files/sound_files/2022-07-02--21-21-14_1__segment5.wav,3,1,4,1,2022-07-02 21:21:14,27.68,67.24,Queen_Accepted
../archive/sound_files/sound_files/2022-06-27--13-19-05_1__segment1.wav,1,0,4,1,2022-06-27 13:19:05,36.74,51.62,Queenless
../archive/sound_files/sound_files/2022-07-14--04-32-51_1__segment0.wav,3,1,4,1,2022-07-14 4:32:51,26.21,81.52,Queen_Accepted
../archive/sound_files/sound_files/2022-07-02--23-19-39_1__segment1.wav,3,1,4,1,2022-07-02 23:19:39,27.98,65.59,Queen_Accepted
../archive/sound_files/sound_files/2022-07-01--22-05-58_1__segment5.wav,3,1,4,1,2022-07-01 22:05:58,27.75,68.96,Queen_Accepted
../archive/sound_files/sound_files/2022-07-02--18-23-54_1__segment2.wav,3,1,4,1,2022-07-02 18:23:54,28.01,51.78,Queen_Accepted
../archive/sound_files/sound_files/2022-07-10--04-41-21_1__segment4.wav,3,1,4,1,2022-07-10 4:41:21,25.44,79.66,Queen_Accepted
../archive/sound_files/sound_files/2022-07-04--06-54-06_1__segment0.wav,3,1,4,1,2022-07-04 6:54:06,27.28,67.35,Queen_Accepted
../archive/sound_files/sound_files/2022-06-27--17-15-43_1__segment0.wav,1,0,4,1,2022-06-27 17:15:43,32.48,43.6,Queenless
../archive/sound_files/sound_files/2022-06-28--03-18-36_1__segment5.wav,2,1,4,1,2022-06-28 3:18:36,24.71,93.47,Queen_New
../archive/sound_files/sound_files/2022-06-24--10-03-35_1__segment3.wav,0,1,4,1,2022-06-24 10:03:35,42.76,38.83,Queenright
../archive/sound_files/sound_files/2022-07-13--07-47-40_1__segment0.wav,3,1,4,1,2022-07-13 7:47:40,25.53,79.58,Queen_Accepted
../archive/sound_files/sound_files/2022-06-30--22-20-40_1__segment1.wav,3,1,4,1,2022-06-30 22:20:40,24.49,87.77,Queen_Accepted
../archive/sound_files/sound_files/2022-07-14--13-26-20_1__segment4.wav,3,1,4,1,2022-07-14 13:26:20,35.76,34.91,Queen_Accepted
../archive/sound_files/sound_files/2022-06-26--14-45-27_1__segment5.wav,1,0,4,1,2022-06-26 14:45:27,34.63,51.47,Queenless
../archive/sound_files/sound_files/2022-07-02--09-56-39_1__segment1.wav,3,1,4,1,2022-07-02 9:56:39,30.32,57.54,Queen_Accepted
../archive/sound_files/sound_files/2022-06-29--12-16-53_1__segment3.wav,2,1,4,1,2022-06-29 12:16:53,43.86,28.87,Queen_New
../archive/sound_files/sound_files/2022-07-12--15-01-47_1__segment2.wav,3,1,4,1,2022-07-12 15:01:47,32.51,38.15,Queen_Accepted
../archive/sound_files/sound_files/2022-07-09--17-41-13_1__segment0.wav,3,1,4,1,2022-07-09 17:41:13,30.16,52.39,Queen_Accepted
../archive/sound_files/sound_files/2022-07-04--02-57-15_1__segment2.wav,3,1,4,1,2022-07-04 2:57:15,28.15,66.5,Queen_Accepted
../archive/sound_files/sound_files/2022-07-15--03-19-22_1__segment5.wav,3,1,4,1,2022-07-15 3:19:22,25.96,88.86,Queen_Accepted
../archive/sound_files/sound_files/2022-07-05--00-43-17_1__segment2.wav,3,1,4,1,2022-07-05 0:43:17,28.55,72.28,Queen_Accepted
../archive/sound_files/sound_files/2022-06-27--21-23-38_1__segment2.wav,2,1,4,1,2022-06-27 21:23:38,28.06,79.9,Queen_New
../archive/sound_files/sound_files/2022-07-09--04-37-37_1__segment0.wav,3,1,4,1,2022-07-09 4:37:37,25.7,77.2,Queen_Accepted
../archive/sound_files/sound_files/2022-07-01--16-37-23_1__segment4.wav,3,1,4,1,2022-07-01 16:37:23,31.04,55.31,Queen_Accepted
../archive/sound_files/sound_files/2022-06-26--08-49-49_1__segment3.wav,1,0,4,1,2022-06-26 8:49:49,30.94,60.96,Queenless
../archive/sound_files/sound_files/2022-06-25--00-50-11_1__segment5.wav,0,1,4,1,2022-06-25 0:50:11,28.38,76.39,Queenright
../archive/sound_files/sound_files/2022-07-08--16-44-43_1__segment5.wav,3,1,4,1,2022-07-08 16:44:43,30.77,42.57,Queen_Accepted
../archive/sound_files/sound_files/2022-07-13--13-45-31_1__segment0.wav,3,1,4,1,2022-07-13 13:45:31,35.67,44.7,Queen_Accepted
../archive/sound_files/sound_files/2022-07-07--07-06-51_1__segment2.wav,3,1,4,1,2022-07-07 7:06:51,26.83,72.15,Queen_Accepted
../archive/sound_files/sound_files/2022-07-05--23-24-37_1__segment2.wav,3,1,4,1,2022-07-05 23:24:37,28.07,75.53,Queen_Accepted
../archive/sound_files/sound_files/2022-06-25--06-45-24_1__segment1.wav,0,1,4,1,2022-06-25 6:45:24,27.19,71.25,Queenright
../archive/sound_files/sound_files/2022-07-06--06-19-25_1__segment5.wav,3,1,4,1,2022-07-06 6:19:25,26.11,75.64,Queen_Accepted
../archive/sound_files/sound_files/2022-06-29--02-22-49_1__segment2.wav,2,1,4,1,2022-06-29 2:22:49,24.82,90.71,Queen_New
../archive/sound_files/sound_files/2022-07-03--12-09-31_1__segment1.wav,3,1,4,1,2022-07-03 12:09:31,31.12,65.73,Queen_Accepted
../archive/sound_files/sound_files/2022-06-27--11-20-47_1__segment5.wav,1,0,4,1,2022-06-27 11:20:47,34.69,52.7,Queenless
../archive/sound_files/sound_files/2022-07-13--21-38-28_1__segment2.wav,3,1,4,1,2022-07-13 21:38:28,28.52,69.85,Queen_Accepted
../archive/sound_files/sound_files/2022-06-27--19-25-25_1__segment4.wav,2,1,4,1,2022-06-27 19:25:25,29.26,67.9,Queen_New
../archive/sound_files/sound_files/2022-06-25--01-49-19_1__segment5.wav,0,1,4,1,2022-06-25 1:49:19,28.06,80.16,Queenright
../archive/sound_files/sound_files/2022-07-09--18-42-04_1__segment0.wav,3,1,4,1,2022-07-09 18:42:04,29.16,52.48,Queen_Accepted
../archive/sound_files/sound_files/2022-06-26--08-49-49_1__segment2.wav,1,0,4,1,2022-06-26 8:49:49,30.94,60.96,Queenless
../archive/sound_files/sound_files/2022-06-29--16-11-49_1__segment3.wav,2,1,4,1,2022-06-29 16:11:49,31.25,53.55,Queen_New
../archive/sound_files/sound_files/2022-07-07--09-05-06_1__segment0.wav,3,1,4,1,2022-07-07 9:05:06,27.91,64.34,Queen_Accepted
../archive/sound_files/sound_files/2022-06-26--12-47-25_1__segment1.wav,1,0,4,1,2022-06-26 12:47:25,37.14,36.61,Queenless
../archive/sound_files/sound_files/2022-07-09--02-39-17_1__segment0.wav,3,1,4,1,2022-07-09 2:39:17,26.4,81.85,Queen_Accepted
../archive/sound_files/sound_files/2022-07-01--14-39-10_1__segment4.wav,3,1,4,1,2022-07-01 14:39:10,33.92,30.37,Queen_Accepted
../archive/sound_files/sound_files/2022-07-06--03-21-47_1__segment2.wav,3,1,4,1,2022-07-06 3:21:47,27.46,79.27,Queen_Accepted
../archive/sound_files/sound_files/2022-06-26--04-52-33_1__segment1.wav,1,0,4,1,2022-06-26 4:52:33,28.86,67.76,Queenless
../archive/sound_files/sound_files/2022-06-29--04-21-13_1__segment1.wav,2,1,4,1,2022-06-29 4:21:13,24.19,91.63,Queen_New
../archive/sound_files/sound_files/2022-07-07--08-05-44_1__segment2.wav,3,1,4,1,2022-07-07 8:05:44,26.85,68.87,Queen_Accepted
../archive/sound_files/sound_files/2022-07-09--13-35-26_1__segment5.wav,3,1,4,1,2022-07-09 13:35:26,35.63,41.49,Queen_Accepted
../archive/sound_files/sound_files/2022-07-07--14-00-54_1__segment4.wav,3,1,4,1,2022-07-07 14:00:54,34.3,45.97,Queen_Accepted
../archive/sound_files/sound_files/2022-07-10--04-41-21_1__segment2.wav,3,1,4,1,2022-07-10 4:41:21,25.44,79.66,Queen_Accepted
../archive/sound_files/sound_files/2022-07-02--02-02-40_1__segment4.wav,3,1,4,1,2022-07-02 2:02:40,26.59,66.22,Queen_Accepted
../archive/sound_files/sound_files/2022-07-03--20-03-02_1__segment2.wav,3,1,4,1,2022-07-03 20:03:02,28.94,63.99,Queen_Accepted
../archive/sound_files/sound_files/2022-07-02--04-01-13_1__segment4.wav,3,1,4,1,2022-07-02 4:01:13,27.87,70.19,Queen_Accepted
../archive/sound_files/sound_files/2022-06-24--11-03-30_1__segment3.wav,0,1,4,1,2022-06-24 11:03:30,48.42,20.98,Queenright
../archive/sound_files/sound_files/2022-06-24--14-59-04_1__segment4.wav,0,1,4,1,2022-06-24 14:59:04,36.17,27.72,Queenright
../archive/sound_files/sound_files/2022-07-10--18-37-40_1__segment0.wav,3,1,4,1,2022-07-10 18:37:40,32.26,38.68,Queen_Accepted
../archive/sound_files/sound_files/2022-07-07--22-53-00_1__segment3.wav,3,1,4,1,2022-07-07 22:53:00,27.9,69.07,Queen_Accepted
../archive/sound_files/sound_files/2022-07-03--07-13-12_1__segment0.wav,3,1,4,1,2022-07-03 7:13:12,27.58,67.24,Queen_Accepted
../archive/sound_files/sound_files/2022-07-06--14-13-48_1__segment4.wav,3,1,4,1,2022-07-06 14:13:48,31.79,39.28,Queen_Accepted
../archive/sound_files/sound_files/2022-07-08--13-47-14_1__segment1.wav,3,1,4,1,2022-07-08 13:47:14,34.83,34.97,Queen_Accepted
../archive/sound_files/sound_files/2022-07-03--13-08-56_1__segment0.wav,3,1,4,1,2022-07-03 13:08:56,31.63,58.56,Queen_Accepted
../archive/sound_files/sound_files/2022-07-05--06-38-16_1__segment3.wav,3,1,4,1,2022-07-05 6:38:16,28.35,73.86,Queen_Accepted
../archive/sound_files/sound_files/2022-06-25--07-45-25_1__segment4.wav,0,1,4,1,2022-06-25 7:45:25,31.17,58.67,Queenright
../archive/sound_files/sound_files/2022-07-12--17-59-09_1__segment2.wav,3,1,4,1,2022-07-12 17:59:09,30.44,44.52,Queen_Accepted
../archive/sound_files/sound_files/2022-07-10--12-38-24_1__segment4.wav,3,1,4,1,2022-07-10 12:38:24,37.87,31.77,Queen_Accepted
../archive/sound_files/sound_files/2022-07-11--11-19-17_1__segment3.wav,3,1,4,1,2022-07-11 11:19:17,37.48,31.66,Queen_Accepted
../archive/sound_files/sound_files/2022-07-03--21-02-06_1__segment2.wav,3,1,4,1,2022-07-03 21:02:06,28.57,59.36,Queen_Accepted
../archive/sound_files/sound_files/2022-07-09--12-32-58_1__segment1.wav,3,1,4,1,2022-07-09 12:32:58,36.91,40.39,Queen_Accepted
../archive/sound_files/sound_files/2022-07-03--11-10-11_1__segment2.wav,3,1,4,1,2022-07-03 11:10:11,29.41,66.26,Queen_Accepted
../archive/sound_files/sound_files/2022-07-04--06-54-06_1__segment1.wav,3,1,4,1,2022-07-04 6:54:06,27.28,67.35,Queen_Accepted
../archive/sound_files/sound_files/2022-07-12--07-04-56_1__segment1.wav,3,1,4,1,2022-07-12 7:04:56,25.75,81.27,Queen_Accepted
../archive/sound_files/sound_files/2022-07-07--07-06-51_1__segment1.wav,3,1,4,1,2022-07-07 7:06:51,26.83,72.15,Queen_Accepted
../archive/sound_files/sound_files/2022-07-08--14-46-25_1__segment1.wav,3,1,4,1,2022-07-08 14:46:25,32.75,38.27,Queen_Accepted
../archive/sound_files/sound_files/2022-07-04--05-54-54_1__segment2.wav,3,1,4,1,2022-07-04 5:54:54,27.45,69.61,Queen_Accepted
../archive/sound_files/sound_files/2022-07-08--16-44-43_1__segment1.wav,3,1,4,1,2022-07-08 16:44:43,30.77,42.57,Queen_Accepted
../archive/sound_files/sound_files/2022-06-29--05-20-21_1__segment4.wav,2,1,4,1,2022-06-29 5:20:21,23.82,92.82,Queen_New
../archive/sound_files/sound_files/2022-07-12--10-03-19_1__segment5.wav,3,1,4,1,2022-07-12 10:03:19,31.88,60.23,Queen_Accepted
../archive/sound_files/sound_files/2022-06-27--11-20-47_1__segment4.wav,1,0,4,1,2022-06-27 11:20:47,34.69,52.7,Queenless
../archive/sound_files/sound_files/2022-07-14--21-19-04_1__segment2.wav,3,1,4,1,2022-07-14 21:19:04,28.24,71.69,Queen_Accepted
../archive/sound_files/sound_files/2022-07-08--06-51-57_1__segment1.wav,3,1,4,1,2022-07-08 6:51:57,24.32,74.09,Queen_Accepted
../archive/sound_files/sound_files/2022-06-24--15-58-15_1__segment3.wav,0,1,4,1,2022-06-24 15:58:15,35.57,34.84,Queenright
../archive/sound_files/sound_files/2022-06-27--20-24-32_1__segment2.wav,2,1,4,1,2022-06-27 20:24:32,28.69,74.42,Queen_New
../archive/sound_files/sound_files/2022-06-26--02-54-05_1__segment1.wav,1,0,4,1,2022-06-26 2:54:05,29.55,73.83,Queenless
../archive/sound_files/sound_files/2022-06-29--09-18-42_1__segment0.wav,2,1,4,1,2022-06-29 9:18:42,35.51,57.01,Queen_New
../archive/sound_files/sound_files/2022-07-09--18-42-04_1__segment3.wav,3,1,4,1,2022-07-09 18:42:04,29.16,52.48,Queen_Accepted
../archive/sound_files/sound_files/2022-06-28--09-14-48_1__segment2.wav,2,1,4,1,2022-06-28 9:14:48,31.87,63.54,Queen_New
../archive/sound_files/sound_files/2022-06-25--08-44-36_1__segment2.wav,0,1,4,1,2022-06-25 8:44:36,32.12,58.6,Queenright
../archive/sound_files/sound_files/2022-07-05--04-39-52_1__segment2.wav,3,1,4,1,2022-07-05 4:39:52,27.17,72.61,Queen_Accepted
../archive/sound_files/sound_files/2022-07-10--15-36-07_1__segment2.wav,3,1,4,1,2022-07-10 15:36:07,33.82,30.15,Queen_Accepted
../archive/sound_files/sound_files/2022-07-05--17-29-38_1__segment0.wav,3,1,4,1,2022-07-05 17:29:38,29.9,49.92,Queen_Accepted
../archive/sound_files/sound_files/2022-06-25--17-02-27_1__segment4.wav,1,0,4,1,2022-06-25 17:02:27,32.46,44.19,Queenless
../archive/sound_files/sound_files/2022-07-07--10-04-31_1__segment5.wav,3,1,4,1,2022-07-07 10:04:31,31.33,56.17,Queen_Accepted
../archive/sound_files/sound_files/2022-07-12--21-55-32_1__segment2.wav,3,1,4,1,2022-07-12 21:55:32,29.14,75.79,Queen_Accepted
../archive/sound_files/sound_files/2022-07-07--20-54-40_1__segment1.wav,3,1,4,1,2022-07-07 20:54:40,27.07,60.72,Queen_Accepted
../archive/sound_files/sound_files/2022-07-10--10-39-50_1__segment3.wav,3,1,4,1,2022-07-10 10:39:50,34.37,53.99,Queen_Accepted
../archive/sound_files/sound_files/2022-07-12--10-03-19_1__segment4.wav,3,1,4,1,2022-07-12 10:03:19,31.88,60.23,Queen_Accepted
../archive/sound_files/sound_files/2022-06-25--15-04-12_1__segment4.wav,1,0,4,1,2022-06-25 15:04:12,34.2,33.58,Queenless
../archive/sound_files/sound_files/2022-07-08--00-56-41_1__segment0.wav,3,1,4,1,2022-07-08 0:56:41,27.15,81.83,Queen_Accepted
../archive/sound_files/sound_files/2022-06-28--00-21-03_1__segment3.wav,2,1,4,1,2022-06-28 0:21:03,25.73,88.06,Queen_New
../archive/sound_files/sound_files/2022-07-09--04-37-37_1__segment5.wav,3,1,4,1,2022-07-09 4:37:37,25.7,77.2,Queen_Accepted
../archive/sound_files/sound_files/2022-06-25--08-44-36_1__segment4.wav,0,1,4,1,2022-06-25 8:44:36,32.12,58.6,Queenright
../archive/sound_files/sound_files/2022-07-06--15-12-57_1__segment2.wav,3,1,4,1,2022-07-06 15:12:57,31.36,51.05,Queen_Accepted
../archive/sound_files/sound_files/2022-07-12--20-56-25_1__segment1.wav,3,1,4,1,2022-07-12 20:56:25,28.32,66.91,Queen_Accepted
../archive/sound_files/sound_files/2022-06-29--10-18-07_1__segment3.wav,2,1,4,1,2022-06-29 10:18:07,41.38,42.63,Queen_New
../archive/sound_files/sound_files/2022-07-07--12-03-12_1__segment3.wav,3,1,4,1,2022-07-07 12:03:12,36.32,50.58,Queen_Accepted
../archive/sound_files/sound_files/2022-06-26--00-55-43_1__segment5.wav,1,0,4,1,2022-06-26 0:55:43,30.23,68.36,Queenless
../archive/sound_files/sound_files/2022-06-25--03-47-42_1__segment2.wav,0,1,4,1,2022-06-25 3:47:42,27.52,75.07,Queenright
../archive/sound_files/sound_files/2022-07-06--03-21-47_1__segment5.wav,3,1,4,1,2022-07-06 3:21:47,27.46,79.27,Queen_Accepted
../archive/sound_files/sound_files/2022-06-24--11-03-30_1__segment0.wav,0,1,4,1,2022-06-24 11:03:30,48.42,20.98,Queenright
../archive/sound_files/sound_files/2022-06-25--08-44-36_1__segment0.wav,0,1,4,1,2022-06-25 8:44:36,32.12,58.6,Queenright
../archive/sound_files/sound_files/2022-07-12--13-01-21_1__segment2.wav,3,1,4,1,2022-07-12 13:01:21,36.9,32.4,Queen_Accepted
../archive/sound_files/sound_files/2022-06-24--13-01-08_1__segment1.wav,0,1,4,1,2022-06-24 13:01:08,44.55,20.51,Queenright
../archive/sound_files/sound_files/2022-06-29--05-20-21_1__segment3.wav,2,1,4,1,2022-06-29 5:20:21,23.82,92.82,Queen_New
../archive/sound_files/sound_files/2022-07-14--12-27-07_1__segment5.wav,3,1,4,1,2022-07-14 12:27:07,36.0,34.26,Queen_Accepted
../archive/sound_files/sound_files/2022-07-08--15-45-34_1__segment2.wav,3,1,4,1,2022-07-08 15:45:34,31.4,39.04,Queen_Accepted
../archive/sound_files/sound_files/2022-07-03--06-13-59_1__segment3.wav,3,1,4,1,2022-07-03 6:13:59,27.78,69.02,Queen_Accepted
../archive/sound_files/sound_files/2022-07-12--11-02-27_1__segment1.wav,3,1,4,1,2022-07-12 11:02:27,35.58,53.14,Queen_Accepted
../archive/sound_files/sound_files/2022-07-08--14-46-25_1__segment2.wav,3,1,4,1,2022-07-08 14:46:25,32.75,38.27,Queen_Accepted
../archive/sound_files/sound_files/2022-07-04--18-48-31_1__segment3.wav,3,1,4,1,2022-07-04 18:48:31,29.74,55.43,Queen_Accepted
../archive/sound_files/sound_files/2022-07-04--20-46-42_1__segment2.wav,3,1,4,1,2022-07-04 20:46:42,28.88,58.59,Queen_Accepted
../archive/sound_files/sound_files/2022-07-03--13-08-56_1__segment2.wav,3,1,4,1,2022-07-03 13:08:56,31.63,58.56,Queen_Accepted
../archive/sound_files/sound_files/2022-07-01--07-13-33_1__segment0.wav,3,1,4,1,2022-07-01 7:13:33,25.26,75.28,Queen_Accepted
../archive/sound_files/sound_files/2022-06-29--07-19-08_1__segment1.wav,2,1,4,1,2022-06-29 7:19:08,25.74,79.33,Queen_New
../archive/sound_files/sound_files/2022-06-26--10-48-55_1__segment4.wav,1,0,4,1,2022-06-26 10:48:55,35.52,53.75,Queenless
../archive/sound_files/sound_files/2022-07-10--19-52-11_1__segment3.wav,3,1,4,1,2022-07-10 19:52:11,30.37,39.57,Queen_Accepted
../archive/sound_files/sound_files/2022-06-29--11-17-33_1__segment2.wav,2,1,4,1,2022-06-29 11:17:33,44.85,36.92,Queen_New
../archive/sound_files/sound_files/2022-07-09--06-35-42_1__segment5.wav,3,1,4,1,2022-07-09 6:35:42,24.59,86.08,Queen_Accepted
../archive/sound_files/sound_files/2022-06-30--22-20-40_1__segment4.wav,3,1,4,1,2022-06-30 22:20:40,24.49,87.77,Queen_Accepted
../archive/sound_files/sound_files/2022-07-11--06-14-15_1__segment0.wav,3,1,4,1,2022-07-11 6:14:15,25.33,76.67,Queen_Accepted
../archive/sound_files/sound_files/2022-06-24--18-55-31_1__segment5.wav,0,1,4,1,2022-06-24 18:55:31,31.69,53.44,Queenright
../archive/sound_files/sound_files/2022-07-06--13-14-32_1__segment0.wav,3,1,4,1,2022-07-06 13:14:32,35.14,46.88,Queen_Accepted
../archive/sound_files/sound_files/2022-07-07--11-03-43_1__segment2.wav,3,1,4,1,2022-07-07 11:03:43,34.74,50.5,Queen_Accepted
../archive/sound_files/sound_files/2022-07-06--06-19-25_1__segment0.wav,3,1,4,1,2022-07-06 6:19:25,26.11,75.64,Queen_Accepted
../archive/sound_files/sound_files/2022-07-13--00-53-05_1__segment4.wav,3,1,4,1,2022-07-13 0:53:05,25.99,69.5,Queen_Accepted
../archive/sound_files/sound_files/2022-07-02--17-25-11_1__segment3.wav,3,1,4,1,2022-07-02 17:25:11,28.75,55.54,Queen_Accepted
../archive/sound_files/sound_files/2022-06-26--17-42-56_1__segment4.wav,1,0,4,1,2022-06-26 17:42:56,32.44,56.09,Queenless
../archive/sound_files/sound_files/2022-07-06--22-10-00_1__segment2.wav,3,1,4,1,2022-07-06 22:10:00,27.21,66.67,Queen_Accepted
../archive/sound_files/sound_files/2022-07-03--15-07-28_1__segment4.wav,3,1,4,1,2022-07-03 15:07:28,28.98,60.5,Queen_Accepted
../archive/sound_files/sound_files/2022-06-25--23-56-32_1__segment2.wav,1,0,4,1,2022-06-25 23:56:32,30.82,68.49,Queenless
../archive/sound_files/sound_files/2022-07-08--13-47-14_1__segment5.wav,3,1,4,1,2022-07-08 13:47:14,34.83,34.97,Queen_Accepted
../archive/sound_files/sound_files/2022-07-09--03-38-28_1__segment3.wav,3,1,4,1,2022-07-09 3:38:28,25.98,81.56,Queen_Accepted
../archive/sound_files/sound_files/2022-07-01--07-13-33_1__segment4.wav,3,1,4,1,2022-07-01 7:13:33,25.26,75.28,Queen_Accepted
../archive/sound_files/sound_files/2022-07-01--05-15-04_1__segment1.wav,3,1,4,1,2022-07-01 5:15:04,24.35,76.81,Queen_Accepted
../archive/sound_files/sound_files/2022-07-09--13-35-26_1__segment1.wav,3,1,4,1,2022-07-09 13:35:26,35.63,41.49,Queen_Accepted
../archive/sound_files/sound_files/2022-07-03--16-06-38_1__segment2.wav,3,1,4,1,2022-07-03 16:06:38,29.43,46.67,Queen_Accepted
../archive/sound_files/sound_files/2022-07-10--05-40-55_1__segment1.wav,3,1,4,1,2022-07-10 5:40:55,24.85,76.95,Queen_Accepted
../archive/sound_files/sound_files/2022-07-03--16-06-38_1__segment0.wav,3,1,4,1,2022-07-03 16:06:38,29.43,46.67,Queen_Accepted
../archive/sound_files/sound_files/2022-06-28--15-10-15_1__segment5.wav,2,1,4,1,2022-06-28 15:10:15,33.56,49.84,Queen_New
../archive/sound_files/sound_files/2022-07-02--17-25-11_1__segment5.wav,3,1,4,1,2022-07-02 17:25:11,28.75,55.54,Queen_Accepted
../archive/sound_files/sound_files/2022-06-28--11-13-44_1__segment0.wav,2,1,4,1,2022-06-28 11:13:44,36.38,57.21,Queen_New
../archive/sound_files/sound_files/2022-07-06--23-08-57_1__segment1.wav,3,1,4,1,2022-07-06 23:08:57,27.5,70.76,Queen_Accepted
../archive/sound_files/sound_files/2022-07-09--15-34-08_1__segment4.wav,3,1,4,1,2022-07-09 15:34:08,31.8,51.48,Queen_Accepted
../archive/sound_files/sound_files/2022-07-01--20-07-21_1__segment1.wav,3,1,4,1,2022-07-01 20:07:21,25.62,75.79,Queen_Accepted
../archive/sound_files/sound_files/2022-07-07--09-05-06_1__segment3.wav,3,1,4,1,2022-07-07 9:05:06,27.91,64.34,Queen_Accepted
../archive/sound_files/sound_files/2022-06-26--22-38-40_1__segment0.wav,1,0,4,1,2022-06-26 22:38:40,30.4,78.26,Queenless
../archive/sound_files/sound_files/2022-06-27--08-31-09_1__segment4.wav,1,0,4,1,2022-06-27 8:31:09,29.34,68.98,Queenless
../archive/sound_files/sound_files/2022-07-07--15-00-22_1__segment5.wav,3,1,4,1,2022-07-07 15:00:22,32.37,55.0,Queen_Accepted
../archive/sound_files/sound_files/2022-06-29--15-12-49_1__segment5.wav,2,1,4,1,2022-06-29 15:12:49,33.16,44.65,Queen_New
../archive/sound_files/sound_files/2022-06-25--17-02-27_1__segment0.wav,1,0,4,1,2022-06-25 17:02:27,32.46,44.19,Queenless
../archive/sound_files/sound_files/2022-07-09--10-33-31_1__segment5.wav,3,1,4,1,2022-07-09 10:33:31,33.82,54.73,Queen_Accepted
../archive/sound_files/sound_files/2022-07-12--14-00-17_1__segment3.wav,3,1,4,1,2022-07-12 14:00:17,34.33,36.08,Queen_Accepted
../archive/sound_files/sound_files/2022-07-05--12-33-57_1__segment0.wav,3,1,4,1,2022-07-05 12:33:57,34.03,45.69,Queen_Accepted
../archive/sound_files/sound_files/2022-07-03--00-18-51_1__segment4.wav,3,1,4,1,2022-07-03 0:18:51,27.93,65.81,Queen_Accepted
../archive/sound_files/sound_files/2022-06-27--01-36-20_1__segment1.wav,1,0,4,1,2022-06-27 1:36:20,29.26,75.72,Queenless
../archive/sound_files/sound_files/2022-07-09--22-39-40_1__segment1.wav,3,1,4,1,2022-07-09 22:39:40,27.23,73.66,Queen_Accepted
../archive/sound_files/sound_files/2022-06-26--00-55-43_1__segment3.wav,1,0,4,1,2022-06-26 0:55:43,30.23,68.36,Queenless
../archive/sound_files/sound_files/2022-07-08--19-41-57_1__segment2.wav,3,1,4,1,2022-07-08 19:41:57,28.09,46.67,Queen_Accepted
../archive/sound_files/sound_files/2022-07-06--15-12-57_1__segment0.wav,3,1,4,1,2022-07-06 15:12:57,31.36,51.05,Queen_Accepted
../archive/sound_files/sound_files/2022-07-08--17-43-51_1__segment0.wav,3,1,4,1,2022-07-08 17:43:51,31.06,54.25,Queen_Accepted
../archive/sound_files/sound_files/2022-06-26--03-53-17_1__segment5.wav,1,0,4,1,2022-06-26 3:53:17,29.3,68.19,Queenless
../archive/sound_files/sound_files/2022-07-05--05-39-02_1__segment1.wav,3,1,4,1,2022-07-05 5:39:02,27.76,77.81,Queen_Accepted
../archive/sound_files/sound_files/2022-07-02--20-22-06_1__segment0.wav,3,1,4,1,2022-07-02 20:22:06,27.35,64.66,Queen_Accepted
../archive/sound_files/sound_files/2022-06-25--18-01-33_1__segment4.wav,1,0,4,1,2022-06-25 18:01:33,32.85,44.25,Queenless
../archive/sound_files/sound_files/2022-06-25--19-59-50_1__segment3.wav,1,0,4,1,2022-06-25 19:59:50,32.47,62.26,Queenless
../archive/sound_files/sound_files/2022-07-07--23-55-59_1__segment1.wav,3,1,4,1,2022-07-07 23:55:59,26.97,72.63,Queen_Accepted
../archive/sound_files/sound_files/2022-07-15--05-17-44_1__segment2.wav,3,1,4,1,2022-07-15 5:17:44,25.42,89.08,Queen_Accepted
../archive/sound_files/sound_files/2022-07-04--16-46-50_1__segment3.wav,3,1,4,1,2022-07-04 16:46:50,31.2,45.37,Queen_Accepted
../archive/sound_files/sound_files/2022-07-15--12-13-31_1__segment3.wav,3,1,4,1,2022-07-15 12:13:31,36.76,36.27,Queen_Accepted
../archive/sound_files/sound_files/2022-07-14--10-28-38_1__segment5.wav,3,1,4,1,2022-07-14 10:28:38,34.04,53.13,Queen_Accepted
../archive/sound_files/sound_files/2022-07-01--20-07-21_1__segment0.wav,3,1,4,1,2022-07-01 20:07:21,25.62,75.79,Queen_Accepted
../archive/sound_files/sound_files/2022-07-05--04-39-52_1__segment0.wav,3,1,4,1,2022-07-05 4:39:52,27.17,72.61,Queen_Accepted
../archive/sound_files/sound_files/2022-07-01--13-40-23_1__segment5.wav,3,1,4,1,2022-07-01 13:40:23,38.86,24.13,Queen_Accepted
../archive/sound_files/sound_files/2022-07-10--07-40-40_1__segment1.wav,3,1,4,1,2022-07-10 7:40:40,26.26,70.04,Queen_Accepted
../archive/sound_files/sound_files/2022-07-05--15-31-18_1__segment1.wav,3,1,4,1,2022-07-05 15:31:18,30.34,58.36,Queen_Accepted
../archive/sound_files/sound_files/2022-07-14--18-21-47_1__segment2.wav,3,1,4,1,2022-07-14 18:21:47,29.88,53.82,Queen_Accepted
../archive/sound_files/sound_files/2022-07-04--18-48-31_1__segment1.wav,3,1,4,1,2022-07-04 18:48:31,29.74,55.43,Queen_Accepted
../archive/sound_files/sound_files/2022-07-05--21-26-04_1__segment2.wav,3,1,4,1,2022-07-05 21:26:04,28.1,66.06,Queen_Accepted
../archive/sound_files/sound_files/2022-07-12--18-58-16_1__segment4.wav,3,1,4,1,2022-07-12 18:58:16,29.15,44.75,Queen_Accepted
../archive/sound_files/sound_files/2022-07-01--21-06-42_1__segment5.wav,3,1,4,1,2022-07-01 21:06:42,26.99,74.62,Queen_Accepted
../archive/sound_files/sound_files/2022-07-11--11-19-17_1__segment1.wav,3,1,4,1,2022-07-11 11:19:17,37.48,31.66,Queen_Accepted
../archive/sound_files/sound_files/2022-07-05--06-38-16_1__segment1.wav,3,1,4,1,2022-07-05 6:38:16,28.35,73.86,Queen_Accepted
../archive/sound_files/sound_files/2022-07-15--00-21-50_1__segment5.wav,3,1,4,1,2022-07-15 0:21:50,26.85,85.25,Queen_Accepted
../archive/sound_files/sound_files/2022-06-28--05-16-54_1__segment2.wav,2,1,4,1,2022-06-28 5:16:54,24.04,92.31,Queen_New
../archive/sound_files/sound_files/2022-06-25--20-58-57_1__segment3.wav,1,0,4,1,2022-06-25 20:58:57,32.47,67.06,Queenless
../archive/sound_files/sound_files/2022-07-11--10-20-30_1__segment5.wav,3,1,4,1,2022-07-11 10:20:30,35.45,45.42,Queen_Accepted
../archive/sound_files/sound_files/2022-07-02--20-22-06_1__segment3.wav,3,1,4,1,2022-07-02 20:22:06,27.35,64.66,Queen_Accepted
../archive/sound_files/sound_files/2022-06-24--18-55-31_1__segment1.wav,0,1,4,1,2022-06-24 18:55:31,31.69,53.44,Queenright
../archive/sound_files/sound_files/2022-07-10--05-40-55_1__segment2.wav,3,1,4,1,2022-07-10 5:40:55,24.85,76.95,Queen_Accepted
../archive/sound_files/sound_files/2022-07-10--13-37-42_1__segment3.wav,3,1,4,1,2022-07-10 13:37:42,36.48,32.73,Queen_Accepted
../archive/sound_files/sound_files/2022-07-09--01-40-05_1__segment2.wav,3,1,4,1,2022-07-09 1:40:05,26.79,76.53,Queen_Accepted
../archive/sound_files/sound_files/2022-07-09--06-35-42_1__segment1.wav,3,1,4,1,2022-07-09 6:35:42,24.59,86.08,Queen_Accepted
../archive/sound_files/sound_files/2022-07-06--13-14-32_1__segment1.wav,3,1,4,1,2022-07-06 13:14:32,35.14,46.88,Queen_Accepted
../archive/sound_files/sound_files/2022-07-08--09-50-20_1__segment3.wav,3,1,4,1,2022-07-08 9:50:20,31.5,61.09,Queen_Accepted
../archive/sound_files/sound_files/2022-07-12--06-05-44_1__segment3.wav,3,1,4,1,2022-07-12 6:05:44,23.01,69.42,Queen_Accepted
../archive/sound_files/sound_files/2022-07-02--23-19-39_1__segment4.wav,3,1,4,1,2022-07-02 23:19:39,27.98,65.59,Queen_Accepted
../archive/sound_files/sound_files/2022-07-09--08-34-36_1__segment4.wav,3,1,4,1,2022-07-09 8:34:36,27.4,74.66,Queen_Accepted
../archive/sound_files/sound_files/2022-07-04--01-58-01_1__segment2.wav,3,1,4,1,2022-07-04 1:58:01,28.15,69.9,Queen_Accepted
../archive/sound_files/sound_files/2022-07-10--19-52-11_1__segment0.wav,3,1,4,1,2022-07-10 19:52:11,30.37,39.57,Queen_Accepted
../archive/sound_files/sound_files/2022-07-03--04-15-39_1__segment2.wav,3,1,4,1,2022-07-03 4:15:39,27.51,70.24,Queen_Accepted
../archive/sound_files/sound_files/2022-07-02--14-52-46_1__segment4.wav,3,1,4,1,2022-07-02 14:52:46,29.83,53.97,Queen_Accepted
../archive/sound_files/sound_files/2022-06-26--05-51-52_1__segment4.wav,1,0,4,1,2022-06-26 5:51:52,29.24,67.52,Queenless
../archive/sound_files/sound_files/2022-06-25--08-44-36_1__segment3.wav,0,1,4,1,2022-06-25 8:44:36,32.12,58.6,Queenright
../archive/sound_files/sound_files/2022-07-02--10-56-10_1__segment0.wav,3,1,4,1,2022-07-02 10:56:10,30.95,55.73,Queen_Accepted
../archive/sound_files/sound_files/2022-06-24--19-54-30_1__segment1.wav,0,1,4,1,2022-06-24 19:54:30,31.22,61.15,Queenright
../archive/sound_files/sound_files/2022-07-07--23-55-59_1__segment2.wav,3,1,4,1,2022-07-07 23:55:59,26.97,72.63,Queen_Accepted
../archive/sound_files/sound_files/2022-07-05--16-30-31_1__segment3.wav,3,1,4,1,2022-07-05 16:30:31,30.59,47.75,Queen_Accepted
../archive/sound_files/sound_files/2022-07-05--11-34-47_1__segment5.wav,3,1,4,1,2022-07-05 11:34:47,32.26,42.62,Queen_Accepted
../archive/sound_files/sound_files/2022-06-26--09-49-26_1__segment3.wav,1,0,4,1,2022-06-26 9:49:26,32.82,60.46,Queenless
../archive/sound_files/sound_files/2022-06-28--05-16-54_1__segment1.wav,2,1,4,1,2022-06-28 5:16:54,24.04,92.31,Queen_New
../archive/sound_files/sound_files/2022-06-27--03-34-51_1__segment4.wav,1,0,4,1,2022-06-27 3:34:51,29.06,67.95,Queenless
../archive/sound_files/sound_files/2022-07-06--19-11-16_1__segment4.wav,3,1,4,1,2022-07-06 19:11:16,27.14,52.51,Queen_Accepted
../archive/sound_files/sound_files/2022-07-01--19-08-38_1__segment0.wav,3,1,4,1,2022-07-01 19:08:38,23.08,68.56,Queen_Accepted
../archive/sound_files/sound_files/2022-07-01--20-07-21_1__segment2.wav,3,1,4,1,2022-07-01 20:07:21,25.62,75.79,Queen_Accepted
../archive/sound_files/sound_files/2022-06-29--13-15-03_1__segment5.wav,2,1,4,1,2022-06-29 13:15:03,39.38,26.66,Queen_New
../archive/sound_files/sound_files/2022-07-14--17-22-39_1__segment0.wav,3,1,4,1,2022-07-14 17:22:39,30.18,47.96,Queen_Accepted
../archive/sound_files/sound_files/2022-07-02--19-23-00_1__segment5.wav,3,1,4,1,2022-07-02 19:23:00,28.94,54.22,Queen_Accepted
../archive/sound_files/sound_files/2022-07-08--18-42-55_1__segment1.wav,3,1,4,1,2022-07-08 18:42:55,29.72,53.36,Queen_Accepted
../archive/sound_files/sound_files/2022-07-09--07-35-11_1__segment3.wav,3,1,4,1,2022-07-09 7:35:11,25.99,81.44,Queen_Accepted
../archive/sound_files/sound_files/2022-07-12--22-54-41_1__segment1.wav,3,1,4,1,2022-07-12 22:54:41,28.4,82.44,Queen_Accepted
../archive/sound_files/sound_files/2022-07-12--10-03-19_1__segment0.wav,3,1,4,1,2022-07-12 10:03:19,31.88,60.23,Queen_Accepted
../archive/sound_files/sound_files/2022-06-29--10-18-07_1__segment0.wav,2,1,4,1,2022-06-29 10:18:07,41.38,42.63,Queen_New
../archive/sound_files/sound_files/2022-07-08--05-52-36_1__segment4.wav,3,1,4,1,2022-07-08 5:52:36,24.31,81.14,Queen_Accepted
../archive/sound_files/sound_files/2022-07-07--22-53-00_1__segment2.wav,3,1,4,1,2022-07-07 22:53:00,27.9,69.07,Queen_Accepted
../archive/sound_files/sound_files/2022-07-01--16-37-23_1__segment5.wav,3,1,4,1,2022-07-01 16:37:23,31.04,55.31,Queen_Accepted
../archive/sound_files/sound_files/2022-07-07--10-04-31_1__segment1.wav,3,1,4,1,2022-07-07 10:04:31,31.33,56.17,Queen_Accepted
../archive/sound_files/sound_files/2022-07-15--04-18-34_1__segment4.wav,3,1,4,1,2022-07-15 4:18:34,25.63,89.5,Queen_Accepted
../archive/sound_files/sound_files/2022-07-12--13-01-21_1__segment5.wav,3,1,4,1,2022-07-12 13:01:21,36.9,32.4,Queen_Accepted
../archive/sound_files/sound_files/2022-07-13--00-53-05_1__segment3.wav,3,1,4,1,2022-07-13 0:53:05,25.99,69.5,Queen_Accepted
../archive/sound_files/sound_files/2022-07-08--21-40-10_1__segment5.wav,3,1,4,1,2022-07-08 21:40:10,28.83,77.07,Queen_Accepted
../archive/sound_files/sound_files/2022-06-27--10-21-13_1__segment4.wav,1,0,4,1,2022-06-27 10:21:13,33.19,56.58,Queenless
../archive/sound_files/sound_files/2022-07-03--10-10-57_1__segment2.wav,3,1,4,1,2022-07-03 10:10:57,28.57,67.99,Queen_Accepted
../archive/sound_files/sound_files/2022-06-25--11-42-54_1__segment1.wav,0,1,4,1,2022-06-25 11:42:54,44.35,24.02,Queenright
../archive/sound_files/sound_files/2022-07-14--13-26-20_1__segment1.wav,3,1,4,1,2022-07-14 13:26:20,35.76,34.91,Queen_Accepted
../archive/sound_files/sound_files/2022-07-04--03-56-30_1__segment0.wav,3,1,4,1,2022-07-04 3:56:30,27.99,63.81,Queen_Accepted
../archive/sound_files/sound_files/2022-06-27--01-36-20_1__segment2.wav,1,0,4,1,2022-06-27 1:36:20,29.26,75.72,Queenless
../archive/sound_files/sound_files/2022-07-09--01-40-05_1__segment4.wav,3,1,4,1,2022-07-09 1:40:05,26.79,76.53,Queen_Accepted
../archive/sound_files/sound_files/2022-07-09--18-42-04_1__segment1.wav,3,1,4,1,2022-07-09 18:42:04,29.16,52.48,Queen_Accepted
../archive/sound_files/sound_files/2022-07-03--06-13-59_1__segment1.wav,3,1,4,1,2022-07-03 6:13:59,27.78,69.02,Queen_Accepted
../archive/sound_files/sound_files/2022-07-08--18-42-55_1__segment4.wav,3,1,4,1,2022-07-08 18:42:55,29.72,53.36,Queen_Accepted
../archive/sound_files/sound_files/2022-07-14--19-20-53_1__segment4.wav,3,1,4,1,2022-07-14 19:20:53,28.49,51.49,Queen_Accepted
../archive/sound_files/sound_files/2022-07-05--12-33-57_1__segment1.wav,3,1,4,1,2022-07-05 12:33:57,34.03,45.69,Queen_Accepted
../archive/sound_files/sound_files/2022-07-05--03-40-42_1__segment0.wav,3,1,4,1,2022-07-05 3:40:42,27.03,66.93,Queen_Accepted
../archive/sound_files/sound_files/2022-06-28--02-19-24_1__segment4.wav,2,1,4,1,2022-06-28 2:19:24,24.93,91.22,Queen_New
../archive/sound_files/sound_files/2022-06-28--15-10-15_1__segment0.wav,2,1,4,1,2022-06-28 15:10:15,33.56,49.84,Queen_New
../archive/sound_files/sound_files/2022-07-09--05-37-03_1__segment4.wav,3,1,4,1,2022-07-09 5:37:03,24.9,82.43,Queen_Accepted
../archive/sound_files/sound_files/2022-07-03--12-09-31_1__segment2.wav,3,1,4,1,2022-07-03 12:09:31,31.12,65.73,Queen_Accepted
../archive/sound_files/sound_files/2022-07-06--12-15-20_1__segment0.wav,3,1,4,1,2022-07-06 12:15:20,34.27,41.5,Queen_Accepted
../archive/sound_files/sound_files/2022-07-06--01-23-04_1__segment5.wav,3,1,4,1,2022-07-06 1:23:04,27.26,74.34,Queen_Accepted
../archive/sound_files/sound_files/2022-07-07--21-53-50_1__segment0.wav,3,1,4,1,2022-07-07 21:53:50,28.9,70.29,Queen_Accepted
../archive/sound_files/sound_files/2022-06-26--22-38-40_1__segment3.wav,1,0,4,1,2022-06-26 22:38:40,30.4,78.26,Queenless
../archive/sound_files/sound_files/2022-07-14--19-20-53_1__segment0.wav,3,1,4,1,2022-07-14 19:20:53,28.49,51.49,Queen_Accepted
../archive/sound_files/sound_files/2022-06-25--03-47-42_1__segment3.wav,0,1,4,1,2022-06-25 3:47:42,27.52,75.07,Queenright
../archive/sound_files/sound_files/2022-06-26--00-55-43_1__segment0.wav,1,0,4,1,2022-06-26 0:55:43,30.23,68.36,Queenless
../archive/sound_files/sound_files/2022-07-09--09-34-03_1__segment3.wav,3,1,4,1,2022-07-09 9:34:03,30.21,65.67,Queen_Accepted
../archive/sound_files/sound_files/2022-07-01--16-37-23_1__segment2.wav,3,1,4,1,2022-07-01 16:37:23,31.04,55.31,Queen_Accepted
../archive/sound_files/sound_files/2022-07-02--02-02-40_1__segment1.wav,3,1,4,1,2022-07-02 2:02:40,26.59,66.22,Queen_Accepted
../archive/sound_files/sound_files/2022-06-25--17-02-27_1__segment3.wav,1,0,4,1,2022-06-25 17:02:27,32.46,44.19,Queenless
../archive/sound_files/sound_files/2022-07-07--00-09-04_1__segment3.wav,3,1,4,1,2022-07-07 0:09:04,25.96,64.34,Queen_Accepted
../archive/sound_files/sound_files/2022-06-27--19-25-25_1__segment0.wav,2,1,4,1,2022-06-27 19:25:25,29.26,67.9,Queen_New
../archive/sound_files/sound_files/2022-07-07--17-57-13_1__segment2.wav,3,1,4,1,2022-07-07 17:57:13,30.22,50.13,Queen_Accepted
../archive/sound_files/sound_files/2022-06-27--12-20-07_1__segment1.wav,1,0,4,1,2022-06-27 12:20:07,36.3,50.91,Queenless
../archive/sound_files/sound_files/2022-07-03--23-00-27_1__segment0.wav,3,1,4,1,2022-07-03 23:00:27,28.96,67.07,Queen_Accepted
../archive/sound_files/sound_files/2022-07-15--12-13-31_1__segment0.wav,3,1,4,1,2022-07-15 12:13:31,36.76,36.27,Queen_Accepted
../archive/sound_files/sound_files/2022-07-15--00-21-50_1__segment4.wav,3,1,4,1,2022-07-15 0:21:50,26.85,85.25,Queen_Accepted
../archive/sound_files/sound_files/2022-07-14--18-21-47_1__segment3.wav,3,1,4,1,2022-07-14 18:21:47,29.88,53.82,Queen_Accepted
../archive/sound_files/sound_files/2022-07-07--16-58-09_1__segment4.wav,3,1,4,1,2022-07-07 16:58:09,30.55,48.54,Queen_Accepted
../archive/sound_files/sound_files/2022-07-12--21-55-32_1__segment1.wav,3,1,4,1,2022-07-12 21:55:32,29.14,75.79,Queen_Accepted
../archive/sound_files/sound_files/2022-07-03--12-09-31_1__segment5.wav,3,1,4,1,2022-07-03 12:09:31,31.12,65.73,Queen_Accepted
../archive/sound_files/sound_files/2022-06-27--07-31-49_1__segment3.wav,1,0,4,1,2022-06-27 7:31:49,28.97,72.67,Queenless
../archive/sound_files/sound_files/2022-07-02--14-52-46_1__segment0.wav,3,1,4,1,2022-07-02 14:52:46,29.83,53.97,Queen_Accepted
../archive/sound_files/sound_files/2022-07-02--05-00-25_1__segment2.wav,3,1,4,1,2022-07-02 5:00:25,27.67,68.51,Queen_Accepted
../archive/sound_files/sound_files/2022-06-25--21-58-09_1__segment4.wav,1,0,4,1,2022-06-25 21:58:09,31.84,69.55,Queenless
../archive/sound_files/sound_files/2022-07-09--05-37-03_1__segment3.wav,3,1,4,1,2022-07-09 5:37:03,24.9,82.43,Queen_Accepted
../archive/sound_files/sound_files/2022-06-26--00-55-43_1__segment2.wav,1,0,4,1,2022-06-26 0:55:43,30.23,68.36,Queenless
../archive/sound_files/sound_files/2022-07-02--04-01-13_1__segment2.wav,3,1,4,1,2022-07-02 4:01:13,27.87,70.19,Queen_Accepted
../archive/sound_files/sound_files/2022-07-06--07-18-41_1__segment0.wav,3,1,4,1,2022-07-06 7:18:41,26.64,79.9,Queen_Accepted
../archive/sound_files/sound_files/2022-06-28--19-28-49_1__segment2.wav,2,1,4,1,2022-06-28 19:28:49,29.19,70.13,Queen_New
../archive/sound_files/sound_files/2022-07-03--15-07-28_1__segment0.wav,3,1,4,1,2022-07-03 15:07:28,28.98,60.5,Queen_Accepted
../archive/sound_files/sound_files/2022-06-25--04-46-52_1__segment1.wav,0,1,4,1,2022-06-25 4:46:52,27.34,78.32,Queenright
../archive/sound_files/sound_files/2022-07-04--02-57-15_1__segment0.wav,3,1,4,1,2022-07-04 2:57:15,28.15,66.5,Queen_Accepted
../archive/sound_files/sound_files/2022-07-07--17-57-13_1__segment5.wav,3,1,4,1,2022-07-07 17:57:13,30.22,50.13,Queen_Accepted
../archive/sound_files/sound_files/2022-07-03--04-15-39_1__segment4.wav,3,1,4,1,2022-07-03 4:15:39,27.51,70.24,Queen_Accepted
../archive/sound_files/sound_files/2022-06-26--23-37-51_1__segment5.wav,1,0,4,1,2022-06-26 23:37:51,30.06,77.41,Queenless
../archive/sound_files/sound_files/2022-07-01--02-17-27_1__segment3.wav,3,1,4,1,2022-07-01 2:17:27,24.6,79.35,Queen_Accepted
../archive/sound_files/sound_files/2022-07-06--03-21-47_1__segment4.wav,3,1,4,1,2022-07-06 3:21:47,27.46,79.27,Queen_Accepted
../archive/sound_files/sound_files/2022-06-28--22-26-13_1__segment3.wav,2,1,4,1,2022-06-28 22:26:13,27.12,81.69,Queen_New
../archive/sound_files/sound_files/2022-07-10--01-43-36_1__segment2.wav,3,1,4,1,2022-07-10 1:43:36,26.31,77.2,Queen_Accepted
../archive/sound_files/sound_files/2022-07-09--03-38-28_1__segment1.wav,3,1,4,1,2022-07-09 3:38:28,25.98,81.56,Queen_Accepted
../archive/sound_files/sound_files/2022-07-05--14-32-08_1__segment5.wav,3,1,4,1,2022-07-05 14:32:08,30.65,46.28,Queen_Accepted
../archive/sound_files/sound_files/2022-07-03--23-59-39_1__segment4.wav,3,1,4,1,2022-07-03 23:59:39,28.73,67.97,Queen_Accepted
../archive/sound_files/sound_files/2022-07-06--09-17-18_1__segment1.wav,3,1,4,1,2022-07-06 9:17:18,28.81,69.26,Queen_Accepted
../archive/sound_files/sound_files/2022-06-28--06-16-08_1__segment5.wav,2,1,4,1,2022-06-28 6:16:08,24.18,92.78,Queen_New
../archive/sound_files/sound_files/2022-06-25--17-02-27_1__segment1.wav,1,0,4,1,2022-06-25 17:02:27,32.46,44.19,Queenless
../archive/sound_files/sound_files/2022-07-14--16-23-36_1__segment1.wav,3,1,4,1,2022-07-14 16:23:36,31.9,40.65,Queen_Accepted
../archive/sound_files/sound_files/2022-07-02--07-58-20_1__segment2.wav,3,1,4,1,2022-07-02 7:58:20,28.43,61.0,Queen_Accepted
../archive/sound_files/sound_files/2022-06-25--10-43-44_1__segment2.wav,0,1,4,1,2022-06-25 10:43:44,47.72,32.5,Queenright
../archive/sound_files/sound_files/2022-07-09--14-35-13_1__segment4.wav,3,1,4,1,2022-07-09 14:35:13,32.71,48.31,Queen_Accepted
../archive/sound_files/sound_files/2022-06-28--21-27-05_1__segment3.wav,2,1,4,1,2022-06-28 21:27:05,27.42,79.88,Queen_New
../archive/sound_files/sound_files/2022-06-25--13-40-07_1__segment2.wav,0,1,4,1,2022-06-25 13:40:07,38.41,27.12,Queenright
../archive/sound_files/sound_files/2022-07-06--01-23-04_1__segment3.wav,3,1,4,1,2022-07-06 1:23:04,27.26,74.34,Queen_Accepted
../archive/sound_files/sound_files/2022-07-08--08-50-34_1__segment0.wav,3,1,4,1,2022-07-08 8:50:34,27.7,72.94,Queen_Accepted
../archive/sound_files/sound_files/2022-07-14--16-23-36_1__segment0.wav,3,1,4,1,2022-07-14 16:23:36,31.9,40.65,Queen_Accepted
../archive/sound_files/sound_files/2022-07-06--17-11-37_1__segment1.wav,3,1,4,1,2022-07-06 17:11:37,29.19,51.96,Queen_Accepted
../archive/sound_files/sound_files/2022-06-29--02-22-49_1__segment1.wav,2,1,4,1,2022-06-29 2:22:49,24.82,90.71,Queen_New
../archive/sound_files/sound_files/2022-06-26--04-52-33_1__segment3.wav,1,0,4,1,2022-06-26 4:52:33,28.86,67.76,Queenless
../archive/sound_files/sound_files/2022-06-29--08-18-36_1__segment5.wav,2,1,4,1,2022-06-29 8:18:36,28.53,72.85,Queen_New
../archive/sound_files/sound_files/2022-07-02--05-59-41_1__segment1.wav,3,1,4,1,2022-07-02 5:59:41,27.61,65.03,Queen_Accepted
../archive/sound_files/sound_files/2022-06-25--09-44-22_1__segment2.wav,0,1,4,1,2022-06-25 9:44:22,42.13,40.98,Queenright
../archive/sound_files/sound_files/2022-06-27--05-33-18_1__segment1.wav,1,0,4,1,2022-06-27 5:33:18,28.77,65.26,Queenless
../archive/sound_files/sound_files/2022-07-03--11-10-11_1__segment4.wav,3,1,4,1,2022-07-03 11:10:11,29.41,66.26,Queen_Accepted
../archive/sound_files/sound_files/2022-07-15--01-20-58_1__segment5.wav,3,1,4,1,2022-07-15 1:20:58,26.1,91.12,Queen_Accepted
../archive/sound_files/sound_files/2022-07-04--16-46-50_1__segment1.wav,3,1,4,1,2022-07-04 16:46:50,31.2,45.37,Queen_Accepted
../archive/sound_files/sound_files/2022-07-15--11-14-12_1__segment3.wav,3,1,4,1,2022-07-15 11:14:12,35.61,45.85,Queen_Accepted
../archive/sound_files/sound_files/2022-07-05--11-34-47_1__segment1.wav,3,1,4,1,2022-07-05 11:34:47,32.26,42.62,Queen_Accepted
../archive/sound_files/sound_files/2022-07-04--23-44-33_1__segment2.wav,3,1,4,1,2022-07-04 23:44:33,29.18,69.54,Queen_Accepted
../archive/sound_files/sound_files/2022-06-29--06-19-33_1__segment2.wav,2,1,4,1,2022-06-29 6:19:33,23.26,88.99,Queen_New
../archive/sound_files/sound_files/2022-06-27--04-34-04_1__segment3.wav,1,0,4,1,2022-06-27 4:34:04,29.09,70.78,Queenless
../archive/sound_files/sound_files/2022-07-05--23-24-37_1__segment5.wav,3,1,4,1,2022-07-05 23:24:37,28.07,75.53,Queen_Accepted
../archive/sound_files/sound_files/2022-07-14--18-21-47_1__segment0.wav,3,1,4,1,2022-07-14 18:21:47,29.88,53.82,Queen_Accepted
../archive/sound_files/sound_files/2022-06-27--03-34-51_1__segment0.wav,1,0,4,1,2022-06-27 3:34:51,29.06,67.95,Queenless
../archive/sound_files/sound_files/2022-06-27--08-31-09_1__segment0.wav,1,0,4,1,2022-06-27 8:31:09,29.34,68.98,Queenless
../archive/sound_files/sound_files/2022-06-25--18-01-33_1__segment5.wav,1,0,4,1,2022-06-25 18:01:33,32.85,44.25,Queenless
../archive/sound_files/sound_files/2022-07-05--03-40-42_1__segment4.wav,3,1,4,1,2022-07-05 3:40:42,27.03,66.93,Queen_Accepted
../archive/sound_files/sound_files/2022-06-30--19-23-19_1__segment0.wav,3,1,4,1,2022-06-30 19:23:19,26.26,75.37,Queen_Accepted
../archive/sound_files/sound_files/2022-07-02--12-54-38_1__segment1.wav,3,1,4,1,2022-07-02 12:54:38,32.89,52.26,Queen_Accepted
../archive/sound_files/sound_files/2022-07-12--16-00-54_1__segment3.wav,3,1,4,1,2022-07-12 16:00:54,32.14,40.6,Queen_Accepted
../archive/sound_files/sound_files/2022-07-13--08-47-04_1__segment2.wav,3,1,4,1,2022-07-13 8:47:04,27.27,67.1,Queen_Accepted
../archive/sound_files/sound_files/2022-07-14--17-22-39_1__segment1.wav,3,1,4,1,2022-07-14 17:22:39,30.18,47.96,Queen_Accepted
../archive/sound_files/sound_files/2022-07-09--15-34-08_1__segment3.wav,3,1,4,1,2022-07-09 15:34:08,31.8,51.48,Queen_Accepted
../archive/sound_files/sound_files/2022-07-08--10-49-34_1__segment1.wav,3,1,4,1,2022-07-08 10:49:34,34.84,50.69,Queen_Accepted
../archive/sound_files/sound_files/2022-07-01--22-05-58_1__segment1.wav,3,1,4,1,2022-07-01 22:05:58,27.75,68.96,Queen_Accepted
../archive/sound_files/sound_files/2022-07-10--12-38-24_1__segment5.wav,3,1,4,1,2022-07-10 12:38:24,37.87,31.77,Queen_Accepted
../archive/sound_files/sound_files/2022-06-24--11-03-30_1__segment4.wav,0,1,4,1,2022-06-24 11:03:30,48.42,20.98,Queenright
../archive/sound_files/sound_files/2022-06-24--14-00-07_1__segment5.wav,0,1,4,1,2022-06-24 14:00:07,38.81,25.14,Queenright
../archive/sound_files/sound_files/2022-07-02--19-23-00_1__segment4.wav,3,1,4,1,2022-07-02 19:23:00,28.94,54.22,Queen_Accepted
../archive/sound_files/sound_files/2022-06-24--12-02-42_1__segment4.wav,0,1,4,1,2022-06-24 12:02:42,47.41,18.39,Queenright
../archive/sound_files/sound_files/2022-07-06--17-11-37_1__segment5.wav,3,1,4,1,2022-07-06 17:11:37,29.19,51.96,Queen_Accepted
../archive/sound_files/sound_files/2022-07-07--07-06-51_1__segment4.wav,3,1,4,1,2022-07-07 7:06:51,26.83,72.15,Queen_Accepted
../archive/sound_files/sound_files/2022-06-29--00-24-28_1__segment3.wav,2,1,4,1,2022-06-29 0:24:28,25.93,90.16,Queen_New
../archive/sound_files/sound_files/2022-07-08--09-50-20_1__segment1.wav,3,1,4,1,2022-07-08 9:50:20,31.5,61.09,Queen_Accepted
../archive/sound_files/sound_files/2022-07-03--17-05-48_1__segment2.wav,3,1,4,1,2022-07-03 17:05:48,28.16,48.77,Queen_Accepted
../archive/sound_files/sound_files/2022-07-06--05-20-11_1__segment2.wav,3,1,4,1,2022-07-06 5:20:11,27.35,73.78,Queen_Accepted
../archive/sound_files/sound_files/2022-07-05--21-26-04_1__segment0.wav,3,1,4,1,2022-07-05 21:26:04,28.1,66.06,Queen_Accepted
../archive/sound_files/sound_files/2022-06-27--19-25-25_1__segment1.wav,2,1,4,1,2022-06-27 19:25:25,29.26,67.9,Queen_New
../archive/sound_files/sound_files/2022-07-04--10-51-34_1__segment1.wav,3,1,4,1,2022-07-04 10:51:34,33.09,54.65,Queen_Accepted
../archive/sound_files/sound_files/2022-07-03--00-18-51_1__segment2.wav,3,1,4,1,2022-07-03 0:18:51,27.93,65.81,Queen_Accepted
../archive/sound_files/sound_files/2022-06-25--19-00-41_1__segment0.wav,1,0,4,1,2022-06-25 19:00:41,32.77,54.16,Queenless
../archive/sound_files/sound_files/2022-07-03--14-08-02_1__segment2.wav,3,1,4,1,2022-07-03 14:08:02,29.98,43.35,Queen_Accepted
../archive/sound_files/sound_files/2022-06-28--03-18-36_1__segment2.wav,2,1,4,1,2022-06-28 3:18:36,24.71,93.47,Queen_New
../archive/sound_files/sound_files/2022-06-27--23-21-55_1__segment4.wav,2,1,4,1,2022-06-27 23:21:55,26.17,86.02,Queen_New
../archive/sound_files/sound_files/2022-07-08--20-41-04_1__segment0.wav,3,1,4,1,2022-07-08 20:41:04,27.51,61.14,Queen_Accepted
../archive/sound_files/sound_files/2022-06-29--00-24-28_1__segment5.wav,2,1,4,1,2022-06-29 0:24:28,25.93,90.16,Queen_New
../archive/sound_files/sound_files/2022-07-14--11-27-51_1__segment4.wav,3,1,4,1,2022-07-14 11:27:51,36.37,43.67,Queen_Accepted
../archive/sound_files/sound_files/2022-07-03--18-04-54_1__segment5.wav,3,1,4,1,2022-07-03 18:04:54,27.42,45.02,Queen_Accepted
../archive/sound_files/sound_files/2022-06-28--19-28-49_1__segment1.wav,2,1,4,1,2022-06-28 19:28:49,29.19,70.13,Queen_New
../archive/sound_files/sound_files/2022-07-03--15-07-28_1__segment2.wav,3,1,4,1,2022-07-03 15:07:28,28.98,60.5,Queen_Accepted
../archive/sound_files/sound_files/2022-07-02--02-02-40_1__segment5.wav,3,1,4,1,2022-07-02 2:02:40,26.59,66.22,Queen_Accepted
../archive/sound_files/sound_files/2022-07-15--00-21-50_1__segment0.wav,3,1,4,1,2022-07-15 0:21:50,26.85,85.25,Queen_Accepted
../archive/sound_files/sound_files/2022-06-29--00-24-28_1__segment1.wav,2,1,4,1,2022-06-29 0:24:28,25.93,90.16,Queen_New
../archive/sound_files/sound_files/2022-07-02--01-03-31_1__segment1.wav,3,1,4,1,2022-07-02 1:03:31,28.09,66.04,Queen_Accepted
../archive/sound_files/sound_files/2022-07-02--14-52-46_1__segment1.wav,3,1,4,1,2022-07-02 14:52:46,29.83,53.97,Queen_Accepted
../archive/sound_files/sound_files/2022-06-25--05-46-02_1__segment0.wav,0,1,4,1,2022-06-25 5:46:02,26.98,78.22,Queenright
../archive/sound_files/sound_files/2022-07-04--16-46-50_1__segment0.wav,3,1,4,1,2022-07-04 16:46:50,31.2,45.37,Queen_Accepted
../archive/sound_files/sound_files/2022-06-25--16-03-24_1__segment3.wav,1,0,4,1,2022-06-25 16:03:24,33.64,45.1,Queenless
../archive/sound_files/sound_files/2022-06-25--21-58-09_1__segment5.wav,1,0,4,1,2022-06-25 21:58:09,31.84,69.55,Queenless
../archive/sound_files/sound_files/2022-07-09--08-34-36_1__segment1.wav,3,1,4,1,2022-07-09 8:34:36,27.4,74.66,Queen_Accepted
../archive/sound_files/sound_files/2022-07-07--18-56-17_1__segment0.wav,3,1,4,1,2022-07-07 18:56:17,28.47,49.06,Queen_Accepted
../archive/sound_files/sound_files/2022-07-15--03-19-22_1__segment2.wav,3,1,4,1,2022-07-15 3:19:22,25.96,88.86,Queen_Accepted
../archive/sound_files/sound_files/2022-06-29--06-19-33_1__segment1.wav,2,1,4,1,2022-06-29 6:19:33,23.26,88.99,Queen_New
../archive/sound_files/sound_files/2022-06-30--23-19-59_1__segment0.wav,3,1,4,1,2022-06-30 23:19:59,24.9,84.74,Queen_Accepted
../archive/sound_files/sound_files/2022-06-26--03-53-17_1__segment1.wav,1,0,4,1,2022-06-26 3:53:17,29.3,68.19,Queenless
../archive/sound_files/sound_files/2022-07-14--15-24-55_1__segment5.wav,3,1,4,1,2022-07-14 15:24:55,32.53,48.2,Queen_Accepted
../archive/sound_files/sound_files/2022-06-28--05-16-54_1__segment0.wav,2,1,4,1,2022-06-28 5:16:54,24.04,92.31,Queen_New
../archive/sound_files/sound_files/2022-07-08--22-39-36_1__segment0.wav,3,1,4,1,2022-07-08 22:39:36,28.07,72.16,Queen_Accepted
../archive/sound_files/sound_files/2022-07-08--01-55-53_1__segment3.wav,3,1,4,1,2022-07-08 1:55:53,26.48,73.48,Queen_Accepted
../archive/sound_files/sound_files/2022-06-28--18-29-45_1__segment1.wav,2,1,4,1,2022-06-28 18:29:45,26.29,46.55,Queen_New
../archive/sound_files/sound_files/2022-07-08--05-52-36_1__segment5.wav,3,1,4,1,2022-07-08 5:52:36,24.31,81.14,Queen_Accepted
../archive/sound_files/sound_files/2022-06-26--07-50-24_1__segment1.wav,1,0,4,1,2022-06-26 7:50:24,29.51,67.58,Queenless
../archive/sound_files/sound_files/2022-06-29--16-11-49_1__segment1.wav,2,1,4,1,2022-06-29 16:11:49,31.25,53.55,Queen_New
../archive/sound_files/sound_files/2022-07-04--03-56-30_1__segment3.wav,3,1,4,1,2022-07-04 3:56:30,27.99,63.81,Queen_Accepted
../archive/sound_files/sound_files/2022-07-02--09-56-39_1__segment3.wav,3,1,4,1,2022-07-02 9:56:39,30.32,57.54,Queen_Accepted
../archive/sound_files/sound_files/2022-06-29--09-18-42_1__segment3.wav,2,1,4,1,2022-06-29 9:18:42,35.51,57.01,Queen_New
../archive/sound_files/sound_files/2022-07-01--15-38-20_1__segment3.wav,3,1,4,1,2022-07-01 15:38:20,32.58,53.97,Queen_Accepted
../archive/sound_files/sound_files/2022-07-03--17-05-48_1__segment4.wav,3,1,4,1,2022-07-03 17:05:48,28.16,48.77,Queen_Accepted
../archive/sound_files/sound_files/2022-06-28--10-14-18_1__segment1.wav,2,1,4,1,2022-06-28 10:14:18,33.81,58.94,Queen_New
../archive/sound_files/sound_files/2022-07-03--22-01-15_1__segment3.wav,3,1,4,1,2022-07-03 22:01:15,28.82,65.95,Queen_Accepted
../archive/sound_files/sound_files/2022-07-15--12-13-31_1__segment5.wav,3,1,4,1,2022-07-15 12:13:31,36.76,36.27,Queen_Accepted
../archive/sound_files/sound_files/2022-06-27--22-22-47_1__segment1.wav,2,1,4,1,2022-06-27 22:22:47,26.87,81.65,Queen_New
../archive/sound_files/sound_files/2022-07-04--07-53-35_1__segment4.wav,3,1,4,1,2022-07-04 7:53:35,28.96,57.77,Queen_Accepted
../archive/sound_files/sound_files/2022-06-28--20-27-58_1__segment4.wav,2,1,4,1,2022-06-28 20:27:58,28.35,75.11,Queen_New
../archive/sound_files/sound_files/2022-07-15--03-19-22_1__segment3.wav,3,1,4,1,2022-07-15 3:19:22,25.96,88.86,Queen_Accepted
../archive/sound_files/sound_files/2022-06-25--23-56-32_1__segment5.wav,1,0,4,1,2022-06-25 23:56:32,30.82,68.49,Queenless
../archive/sound_files/sound_files/2022-06-26--18-42-02_1__segment1.wav,1,0,4,1,2022-06-26 18:42:02,32.24,57.38,Queenless
../archive/sound_files/sound_files/2022-07-12--20-56-25_1__segment2.wav,3,1,4,1,2022-07-12 20:56:25,28.32,66.91,Queen_Accepted
../archive/sound_files/sound_files/2022-07-04--23-44-33_1__segment1.wav,3,1,4,1,2022-07-04 23:44:33,29.18,69.54,Queen_Accepted
../archive/sound_files/sound_files/2022-06-28--09-14-48_1__segment4.wav,2,1,4,1,2022-06-28 9:14:48,31.87,63.54,Queen_New
../archive/sound_files/sound_files/2022-07-04--13-49-25_1__segment5.wav,3,1,4,1,2022-07-04 13:49:25,32.64,42.18,Queen_Accepted
../archive/sound_files/sound_files/2022-07-13--11-45-19_1__segment0.wav,3,1,4,1,2022-07-13 11:45:19,36.49,47.32,Queen_Accepted
../archive/sound_files/sound_files/2022-07-03--13-08-56_1__segment3.wav,3,1,4,1,2022-07-03 13:08:56,31.63,58.56,Queen_Accepted
../archive/sound_files/sound_files/2022-07-04--20-46-42_1__segment5.wav,3,1,4,1,2022-07-04 20:46:42,28.88,58.59,Queen_Accepted
../archive/sound_files/sound_files/2022-07-04--04-55-41_1__segment3.wav,3,1,4,1,2022-07-04 4:55:41,26.69,69.97,Queen_Accepted
../archive/sound_files/sound_files/2022-07-09--19-41-41_1__segment2.wav,3,1,4,1,2022-07-09 19:41:41,28.23,56.83,Queen_Accepted
../archive/sound_files/sound_files/2022-06-25--00-50-11_1__segment1.wav,0,1,4,1,2022-06-25 0:50:11,28.38,76.39,Queenright
../archive/sound_files/sound_files/2022-07-05--13-32-52_1__segment4.wav,3,1,4,1,2022-07-05 13:32:52,31.65,45.67,Queen_Accepted
../archive/sound_files/sound_files/2022-07-09--22-39-40_1__segment2.wav,3,1,4,1,2022-07-09 22:39:40,27.23,73.66,Queen_Accepted
../archive/sound_files/sound_files/2022-07-08--09-50-20_1__segment0.wav,3,1,4,1,2022-07-08 9:50:20,31.5,61.09,Queen_Accepted
../archive/sound_files/sound_files/2022-07-08--02-55-07_1__segment4.wav,3,1,4,1,2022-07-08 2:55:07,26.31,76.52,Queen_Accepted
../archive/sound_files/sound_files/2022-07-07--13-01-42_1__segment4.wav,3,1,4,1,2022-07-07 13:01:42,37.39,43.96,Queen_Accepted
../archive/sound_files/sound_files/2022-07-04--09-52-21_1__segment5.wav,3,1,4,1,2022-07-04 9:52:21,32.37,61.09,Queen_Accepted
../archive/sound_files/sound_files/2022-07-08--18-42-55_1__segment5.wav,3,1,4,1,2022-07-08 18:42:55,29.72,53.36,Queen_Accepted
../archive/sound_files/sound_files/2022-06-24--13-01-08_1__segment4.wav,0,1,4,1,2022-06-24 13:01:08,44.55,20.51,Queenright
../archive/sound_files/sound_files/2022-07-11--12-22-00_1__segment2.wav,3,1,4,1,2022-07-11 12:22:00,38.35,29.99,Queen_Accepted
../archive/sound_files/sound_files/2022-06-26--13-46-18_1__segment4.wav,1,0,4,1,2022-06-26 13:46:18,35.14,37.31,Queenless
../archive/sound_files/sound_files/2022-07-10--12-38-24_1__segment1.wav,3,1,4,1,2022-07-10 12:38:24,37.87,31.77,Queen_Accepted
../archive/sound_files/sound_files/2022-07-12--11-02-27_1__segment5.wav,3,1,4,1,2022-07-12 11:02:27,35.58,53.14,Queen_Accepted
../archive/sound_files/sound_files/2022-07-05--10-35-36_1__segment4.wav,3,1,4,1,2022-07-05 10:35:36,33.59,53.35,Queen_Accepted
../archive/sound_files/sound_files/2022-07-09--08-34-36_1__segment2.wav,3,1,4,1,2022-07-09 8:34:36,27.4,74.66,Queen_Accepted
../archive/sound_files/sound_files/2022-07-03--20-03-02_1__segment1.wav,3,1,4,1,2022-07-03 20:03:02,28.94,63.99,Queen_Accepted
../archive/sound_files/sound_files/2022-07-01--17-36-29_1__segment4.wav,3,1,4,1,2022-07-01 17:36:29,29.69,60.76,Queen_Accepted
../archive/sound_files/sound_files/2022-07-05--07-37-32_1__segment5.wav,3,1,4,1,2022-07-05 7:37:32,28.18,69.66,Queen_Accepted
../archive/sound_files/sound_files/2022-06-26--12-47-25_1__segment2.wav,1,0,4,1,2022-06-26 12:47:25,37.14,36.61,Queenless
../archive/sound_files/sound_files/2022-07-04--23-44-33_1__segment4.wav,3,1,4,1,2022-07-04 23:44:33,29.18,69.54,Queen_Accepted
../archive/sound_files/sound_files/2022-06-30--22-20-40_1__segment5.wav,3,1,4,1,2022-06-30 22:20:40,24.49,87.77,Queen_Accepted
../archive/sound_files/sound_files/2022-07-04--05-54-54_1__segment1.wav,3,1,4,1,2022-07-04 5:54:54,27.45,69.61,Queen_Accepted
../archive/sound_files/sound_files/2022-06-24--23-51-14_1__segment1.wav,0,1,4,1,2022-06-24 23:51:14,28.88,75.42,Queenright
../archive/sound_files/sound_files/2022-07-15--01-20-58_1__segment1.wav,3,1,4,1,2022-07-15 1:20:58,26.1,91.12,Queen_Accepted
../archive/sound_files/sound_files/2022-07-14--20-19-58_1__segment5.wav,3,1,4,1,2022-07-14 20:19:58,26.83,45.19,Queen_Accepted
../archive/sound_files/sound_files/2022-06-25--18-01-33_1__segment2.wav,1,0,4,1,2022-06-25 18:01:33,32.85,44.25,Queenless
../archive/sound_files/sound_files/2022-07-14--23-22-40_1__segment0.wav,3,1,4,1,2022-07-14 23:22:40,27.32,71.76,Queen_Accepted
../archive/sound_files/sound_files/2022-06-29--14-14-09_1__segment3.wav,2,1,4,1,2022-06-29 14:14:09,33.26,34.6,Queen_New
../archive/sound_files/sound_files/2022-07-07--03-06-52_1__segment3.wav,3,1,4,1,2022-07-07 3:06:52,27.39,74.35,Queen_Accepted
../archive/sound_files/sound_files/2022-06-25--03-47-42_1__segment1.wav,0,1,4,1,2022-06-25 3:47:42,27.52,75.07,Queenright
../archive/sound_files/sound_files/2022-06-26--23-37-51_1__segment1.wav,1,0,4,1,2022-06-26 23:37:51,30.06,77.41,Queenless
../archive/sound_files/sound_files/2022-06-24--15-58-15_1__segment0.wav,0,1,4,1,2022-06-24 15:58:15,35.57,34.84,Queenright
../archive/sound_files/sound_files/2022-07-02--07-58-20_1__segment5.wav,3,1,4,1,2022-07-02 7:58:20,28.43,61.0,Queen_Accepted
../archive/sound_files/sound_files/2022-07-14--14-25-33_1__segment0.wav,3,1,4,1,2022-07-14 14:25:33,33.34,38.15,Queen_Accepted
../archive/sound_files/sound_files/2022-07-10--10-39-50_1__segment5.wav,3,1,4,1,2022-07-10 10:39:50,34.37,53.99,Queen_Accepted
../archive/sound_files/sound_files/2022-07-01--04-15-51_1__segment1.wav,3,1,4,1,2022-07-01 4:15:51,24.46,76.56,Queen_Accepted
../archive/sound_files/sound_files/2022-07-08--10-49-34_1__segment2.wav,3,1,4,1,2022-07-08 10:49:34,34.84,50.69,Queen_Accepted
../archive/sound_files/sound_files/2022-07-06--06-19-25_1__segment4.wav,3,1,4,1,2022-07-06 6:19:25,26.11,75.64,Queen_Accepted
../archive/sound_files/sound_files/2022-07-03--00-18-51_1__segment5.wav,3,1,4,1,2022-07-03 0:18:51,27.93,65.81,Queen_Accepted
../archive/sound_files/sound_files/2022-07-01--13-40-23_1__segment3.wav,3,1,4,1,2022-07-01 13:40:23,38.86,24.13,Queen_Accepted
../archive/sound_files/sound_files/2022-07-10--04-41-21_1__segment1.wav,3,1,4,1,2022-07-10 4:41:21,25.44,79.66,Queen_Accepted
../archive/sound_files/sound_files/2022-07-06--19-11-16_1__segment1.wav,3,1,4,1,2022-07-06 19:11:16,27.14,52.51,Queen_Accepted
../archive/sound_files/sound_files/2022-07-06--11-15-57_1__segment3.wav,3,1,4,1,2022-07-06 11:15:57,32.51,47.01,Queen_Accepted
../archive/sound_files/sound_files/2022-07-02--01-03-31_1__segment2.wav,3,1,4,1,2022-07-02 1:03:31,28.09,66.04,Queen_Accepted
../archive/sound_files/sound_files/2022-06-27--17-15-43_1__segment2.wav,1,0,4,1,2022-06-27 17:15:43,32.48,43.6,Queenless
../archive/sound_files/sound_files/2022-06-27--18-14-49_1__segment4.wav,1,0,4,1,2022-06-27 18:14:49,32.43,57.88,Queenless
../archive/sound_files/sound_files/2022-07-05--09-36-17_1__segment5.wav,3,1,4,1,2022-07-05 9:36:17,31.16,62.7,Queen_Accepted
../archive/sound_files/sound_files/2022-06-28--12-12-59_1__segment5.wav,2,1,4,1,2022-06-28 12:12:59,36.71,46.79,Queen_New
../archive/sound_files/sound_files/2022-07-05--04-39-52_1__segment4.wav,3,1,4,1,2022-07-05 4:39:52,27.17,72.61,Queen_Accepted
../archive/sound_files/sound_files/2022-06-29--10-18-07_1__segment1.wav,2,1,4,1,2022-06-29 10:18:07,41.38,42.63,Queen_New
../archive/sound_files/sound_files/2022-07-15--06-16-56_1__segment2.wav,3,1,4,1,2022-07-15 6:16:56,23.61,81.18,Queen_Accepted
../archive/sound_files/sound_files/2022-06-28--03-18-36_1__segment3.wav,2,1,4,1,2022-06-28 3:18:36,24.71,93.47,Queen_New
../archive/sound_files/sound_files/2022-07-12--18-58-16_1__segment3.wav,3,1,4,1,2022-07-12 18:58:16,29.15,44.75,Queen_Accepted
../archive/sound_files/sound_files/2022-07-08--19-41-57_1__segment0.wav,3,1,4,1,2022-07-08 19:41:57,28.09,46.67,Queen_Accepted
../archive/sound_files/sound_files/2022-06-26--19-41-10_1__segment0.wav,1,0,4,1,2022-06-26 19:41:10,31.92,63.57,Queenless
../archive/sound_files/sound_files/2022-06-27--13-19-05_1__segment4.wav,1,0,4,1,2022-06-27 13:19:05,36.74,51.62,Queenless
../archive/sound_files/sound_files/2022-07-12--19-57-19_1__segment1.wav,3,1,4,1,2022-07-12 19:57:19,27.48,47.16,Queen_Accepted
../archive/sound_files/sound_files/2022-06-29--04-21-13_1__segment4.wav,2,1,4,1,2022-06-29 4:21:13,24.19,91.63,Queen_New
../archive/sound_files/sound_files/2022-07-03--04-15-39_1__segment5.wav,3,1,4,1,2022-07-03 4:15:39,27.51,70.24,Queen_Accepted
../archive/sound_files/sound_files/2022-06-26--18-42-02_1__segment0.wav,1,0,4,1,2022-06-26 18:42:02,32.24,57.38,Queenless
../archive/sound_files/sound_files/2022-07-05--22-25-26_1__segment1.wav,3,1,4,1,2022-07-05 22:25:26,28.4,75.16,Queen_Accepted
../archive/sound_files/sound_files/2022-06-25--03-47-42_1__segment5.wav,0,1,4,1,2022-06-25 3:47:42,27.52,75.07,Queenright
../archive/sound_files/sound_files/2022-07-14--20-19-58_1__segment1.wav,3,1,4,1,2022-07-14 20:19:58,26.83,45.19,Queen_Accepted
../archive/sound_files/sound_files/2022-07-15--07-16-18_1__segment4.wav,3,1,4,1,2022-07-15 7:16:18,25.55,79.78,Queen_Accepted
../archive/sound_files/sound_files/2022-07-01--11-12-58_1__segment2.wav,3,1,4,1,2022-07-01 11:12:58,46.73,28.69,Queen_Accepted
../archive/sound_files/sound_files/2022-07-11--10-20-30_1__segment3.wav,3,1,4,1,2022-07-11 10:20:30,35.45,45.42,Queen_Accepted
../archive/sound_files/sound_files/2022-06-26--22-38-40_1__segment4.wav,1,0,4,1,2022-06-26 22:38:40,30.4,78.26,Queenless
../archive/sound_files/sound_files/2022-06-28--08-15-02_1__segment5.wav,2,1,4,1,2022-06-28 8:15:02,31.1,62.96,Queen_New
../archive/sound_files/sound_files/2022-06-28--19-28-49_1__segment4.wav,2,1,4,1,2022-06-28 19:28:49,29.19,70.13,Queen_New
../archive/sound_files/sound_files/2022-07-10--14-36-54_1__segment0.wav,3,1,4,1,2022-07-10 14:36:54,34.31,30.97,Queen_Accepted
../archive/sound_files/sound_files/2022-06-27--21-23-38_1__segment4.wav,2,1,4,1,2022-06-27 21:23:38,28.06,79.9,Queen_New
../archive/sound_files/sound_files/2022-07-07--15-00-22_1__segment1.wav,3,1,4,1,2022-07-07 15:00:22,32.37,55.0,Queen_Accepted
../archive/sound_files/sound_files/2022-07-05--22-25-26_1__segment5.wav,3,1,4,1,2022-07-05 22:25:26,28.4,75.16,Queen_Accepted
../archive/sound_files/sound_files/2022-07-02--12-54-38_1__segment4.wav,3,1,4,1,2022-07-02 12:54:38,32.89,52.26,Queen_Accepted
../archive/sound_files/sound_files/2022-07-10--02-42-56_1__segment1.wav,3,1,4,1,2022-07-10 2:42:56,25.42,76.66,Queen_Accepted
../archive/sound_files/sound_files/2022-06-26--09-49-26_1__segment2.wav,1,0,4,1,2022-06-26 9:49:26,32.82,60.46,Queenless
../archive/sound_files/sound_files/2022-06-28--16-09-24_1__segment2.wav,2,1,4,1,2022-06-28 16:09:24,32.94,51.52,Queen_New
../archive/sound_files/sound_files/2022-07-04--22-45-04_1__segment1.wav,3,1,4,1,2022-07-04 22:45:04,29.22,62.91,Queen_Accepted
../archive/sound_files/sound_files/2022-07-06--05-20-11_1__segment1.wav,3,1,4,1,2022-07-06 5:20:11,27.35,73.78,Queen_Accepted
../archive/sound_files/sound_files/2022-07-07--16-58-09_1__segment5.wav,3,1,4,1,2022-07-07 16:58:09,30.55,48.54,Queen_Accepted
../archive/sound_files/sound_files/2022-07-06--08-17-56_1__segment0.wav,3,1,4,1,2022-07-06 8:17:56,27.67,73.51,Queen_Accepted
../archive/sound_files/sound_files/2022-06-29--03-22-00_1__segment1.wav,2,1,4,1,2022-06-29 3:22:00,24.58,87.29,Queen_New
../archive/sound_files/sound_files/2022-06-27--16-16-33_1__segment3.wav,1,0,4,1,2022-06-27 16:16:33,33.41,49.95,Queenless
../archive/sound_files/sound_files/2022-06-28--01-20-12_1__segment5.wav,2,1,4,1,2022-06-28 1:20:12,25.3,90.74,Queen_New
../archive/sound_files/sound_files/2022-07-15--10-14-53_1__segment1.wav,3,1,4,1,2022-07-15 10:14:53,32.72,54.65,Queen_Accepted
../archive/sound_files/sound_files/2022-07-01--06-14-14_1__segment4.wav,3,1,4,1,2022-07-01 6:14:14,24.15,78.25,Queen_Accepted
../archive/sound_files/sound_files/2022-07-06--21-09-31_1__segment4.wav,3,1,4,1,2022-07-06 21:09:31,27.3,64.69,Queen_Accepted
../archive/sound_files/sound_files/2022-06-24--14-59-04_1__segment0.wav,0,1,4,1,2022-06-24 14:59:04,36.17,27.72,Queenright
../archive/sound_files/sound_files/2022-06-30--21-21-31_1__segment2.wav,3,1,4,1,2022-06-30 21:21:31,25.24,84.59,Queen_Accepted
../archive/sound_files/sound_files/2022-07-15--13-12-45_1__segment3.wav,3,1,4,1,2022-07-15 13:12:45,36.07,36.63,Queen_Accepted
../archive/sound_files/sound_files/2022-07-08--21-40-10_1__segment0.wav,3,1,4,1,2022-07-08 21:40:10,28.83,77.07,Queen_Accepted
../archive/sound_files/sound_files/2022-07-07--15-59-01_1__segment4.wav,3,1,4,1,2022-07-07 15:59:01,31.46,46.5,Queen_Accepted
../archive/sound_files/sound_files/2022-06-28--00-21-03_1__segment2.wav,2,1,4,1,2022-06-28 0:21:03,25.73,88.06,Queen_New
../archive/sound_files/sound_files/2022-07-04--14-48-38_1__segment0.wav,3,1,4,1,2022-07-04 14:48:38,32.15,42.33,Queen_Accepted
../archive/sound_files/sound_files/2022-07-06--21-09-31_1__segment3.wav,3,1,4,1,2022-07-06 21:09:31,27.3,64.69,Queen_Accepted
../archive/sound_files/sound_files/2022-07-02--23-19-39_1__segment5.wav,3,1,4,1,2022-07-02 23:19:39,27.98,65.59,Queen_Accepted
../archive/sound_files/sound_files/2022-06-25--20-58-57_1__segment5.wav,1,0,4,1,2022-06-25 20:58:57,32.47,67.06,Queenless
../archive/sound_files/sound_files/2022-07-12--17-59-09_1__segment4.wav,3,1,4,1,2022-07-12 17:59:09,30.44,44.52,Queen_Accepted
../archive/sound_files/sound_files/2022-07-04--03-56-30_1__segment2.wav,3,1,4,1,2022-07-04 3:56:30,27.99,63.81,Queen_Accepted
../archive/sound_files/sound_files/2022-07-05--08-37-01_1__segment4.wav,3,1,4,1,2022-07-05 8:37:01,29.57,66.07,Queen_Accepted
../archive/sound_files/sound_files/2022-07-09--04-37-37_1__segment1.wav,3,1,4,1,2022-07-09 4:37:37,25.7,77.2,Queen_Accepted
../archive/sound_files/sound_files/2022-06-24--12-02-42_1__segment1.wav,0,1,4,1,2022-06-24 12:02:42,47.41,18.39,Queenright
../archive/sound_files/sound_files/2022-07-04--15-47-45_1__segment5.wav,3,1,4,1,2022-07-04 15:47:45,32.56,52.57,Queen_Accepted
../archive/sound_files/sound_files/2022-06-28--14-11-05_1__segment3.wav,2,1,4,1,2022-06-28 14:11:05,34.45,47.34,Queen_New
../archive/sound_files/sound_files/2022-07-04--15-47-45_1__segment0.wav,3,1,4,1,2022-07-04 15:47:45,32.56,52.57,Queen_Accepted
../archive/sound_files/sound_files/2022-07-15--07-16-18_1__segment2.wav,3,1,4,1,2022-07-15 7:16:18,25.55,79.78,Queen_Accepted
../archive/sound_files/sound_files/2022-07-06--09-17-18_1__segment0.wav,3,1,4,1,2022-07-06 9:17:18,28.81,69.26,Queen_Accepted
../archive/sound_files/sound_files/2022-06-28--23-25-19_1__segment0.wav,2,1,4,1,2022-06-28 23:25:19,26.29,83.87,Queen_New
../archive/sound_files/sound_files/2022-07-14--23-22-40_1__segment4.wav,3,1,4,1,2022-07-14 23:22:40,27.32,71.76,Queen_Accepted
../archive/sound_files/sound_files/2022-06-29--15-12-49_1__segment1.wav,2,1,4,1,2022-06-29 15:12:49,33.16,44.65,Queen_New
../archive/sound_files/sound_files/2022-07-05--22-25-26_1__segment2.wav,3,1,4,1,2022-07-05 22:25:26,28.4,75.16,Queen_Accepted
../archive/sound_files/sound_files/2022-07-09--20-40-26_1__segment3.wav,3,1,4,1,2022-07-09 20:40:26,27.9,57.44,Queen_Accepted
../archive/sound_files/sound_files/2022-07-07--00-09-04_1__segment2.wav,3,1,4,1,2022-07-07 0:09:04,25.96,64.34,Queen_Accepted
../archive/sound_files/sound_files/2022-06-29--05-20-21_1__segment0.wav,2,1,4,1,2022-06-29 5:20:21,23.82,92.82,Queen_New
../archive/sound_files/sound_files/2022-07-02--07-58-20_1__segment0.wav,3,1,4,1,2022-07-02 7:58:20,28.43,61.0,Queen_Accepted
../archive/sound_files/sound_files/2022-07-07--02-08-26_1__segment5.wav,3,1,4,1,2022-07-07 2:08:26,27.69,70.41,Queen_Accepted
../archive/sound_files/sound_files/2022-07-08--04-53-25_1__segment4.wav,3,1,4,1,2022-07-08 4:53:25,25.4,73.33,Queen_Accepted
../archive/sound_files/sound_files/2022-06-26--09-49-26_1__segment5.wav,1,0,4,1,2022-06-26 9:49:26,32.82,60.46,Queenless
../archive/sound_files/sound_files/2022-07-02--12-54-38_1__segment5.wav,3,1,4,1,2022-07-02 12:54:38,32.89,52.26,Queen_Accepted
../archive/sound_files/sound_files/2022-07-08--09-50-20_1__segment5.wav,3,1,4,1,2022-07-08 9:50:20,31.5,61.09,Queen_Accepted
../archive/sound_files/sound_files/2022-06-27--23-21-55_1__segment0.wav,2,1,4,1,2022-06-27 23:21:55,26.17,86.02,Queen_New
../archive/sound_files/sound_files/2022-06-28--07-15-55_1__segment4.wav,2,1,4,1,2022-06-28 7:15:55,27.5,71.36,Queen_New
../archive/sound_files/sound_files/2022-07-08--12-48-01_1__segment0.wav,3,1,4,1,2022-07-08 12:48:01,37.78,35.71,Queen_Accepted
../archive/sound_files/sound_files/2022-07-04--12-50-12_1__segment2.wav,3,1,4,1,2022-07-04 12:50:12,33.04,46.17,Queen_Accepted
../archive/sound_files/sound_files/2022-07-10--14-36-54_1__segment2.wav,3,1,4,1,2022-07-10 14:36:54,34.31,30.97,Queen_Accepted
../archive/sound_files/sound_files/2022-06-25--05-46-02_1__segment4.wav,0,1,4,1,2022-06-25 5:46:02,26.98,78.22,Queenright
../archive/sound_files/sound_files/2022-06-26--21-39-27_1__segment2.wav,1,0,4,1,2022-06-26 21:39:27,30.87,70.35,Queenless
../archive/sound_files/sound_files/2022-07-15--12-13-31_1__segment2.wav,3,1,4,1,2022-07-15 12:13:31,36.76,36.27,Queen_Accepted
../archive/sound_files/sound_files/2022-07-15--04-18-34_1__segment2.wav,3,1,4,1,2022-07-15 4:18:34,25.63,89.5,Queen_Accepted
../archive/sound_files/sound_files/2022-07-04--17-46-00_1__segment0.wav,3,1,4,1,2022-07-04 17:46:00,30.32,46.63,Queen_Accepted
../archive/sound_files/sound_files/2022-07-05--17-29-38_1__segment1.wav,3,1,4,1,2022-07-05 17:29:38,29.9,49.92,Queen_Accepted
../archive/sound_files/sound_files/2022-07-08--02-55-07_1__segment0.wav,3,1,4,1,2022-07-08 2:55:07,26.31,76.52,Queen_Accepted
../archive/sound_files/sound_files/2022-07-15--03-19-22_1__segment1.wav,3,1,4,1,2022-07-15 3:19:22,25.96,88.86,Queen_Accepted
../archive/sound_files/sound_files/2022-07-09--04-37-37_1__segment2.wav,3,1,4,1,2022-07-09 4:37:37,25.7,77.2,Queen_Accepted
../archive/sound_files/sound_files/2022-07-14--10-28-38_1__segment3.wav,3,1,4,1,2022-07-14 10:28:38,34.04,53.13,Queen_Accepted
../archive/sound_files/sound_files/2022-06-28--14-11-05_1__segment2.wav,2,1,4,1,2022-06-28 14:11:05,34.45,47.34,Queen_New
../archive/sound_files/sound_files/2022-07-05--17-29-38_1__segment5.wav,3,1,4,1,2022-07-05 17:29:38,29.9,49.92,Queen_Accepted
../archive/sound_files/sound_files/2022-07-08--00-56-41_1__segment5.wav,3,1,4,1,2022-07-08 0:56:41,27.15,81.83,Queen_Accepted
../archive/sound_files/sound_files/2022-07-01--06-14-14_1__segment1.wav,3,1,4,1,2022-07-01 6:14:14,24.15,78.25,Queen_Accepted
../archive/sound_files/sound_files/2022-07-04--23-44-33_1__segment5.wav,3,1,4,1,2022-07-04 23:44:33,29.18,69.54,Queen_Accepted
../archive/sound_files/sound_files/2022-07-01--09-13-50_1__segment0.wav,3,1,4,1,2022-07-01 9:13:50,33.97,50.38,Queen_Accepted
../archive/sound_files/sound_files/2022-07-12--13-01-21_1__segment4.wav,3,1,4,1,2022-07-12 13:01:21,36.9,32.4,Queen_Accepted
../archive/sound_files/sound_files/2022-06-25--18-01-33_1__segment1.wav,1,0,4,1,2022-06-25 18:01:33,32.85,44.25,Queenless
../archive/sound_files/sound_files/2022-07-04--06-54-06_1__segment5.wav,3,1,4,1,2022-07-04 6:54:06,27.28,67.35,Queen_Accepted
../archive/sound_files/sound_files/2022-07-15--10-14-53_1__segment4.wav,3,1,4,1,2022-07-15 10:14:53,32.72,54.65,Queen_Accepted
../archive/sound_files/sound_files/2022-07-14--19-20-53_1__segment2.wav,3,1,4,1,2022-07-14 19:20:53,28.49,51.49,Queen_Accepted
../archive/sound_files/sound_files/2022-07-09--07-35-11_1__segment2.wav,3,1,4,1,2022-07-09 7:35:11,25.99,81.44,Queen_Accepted
../archive/sound_files/sound_files/2022-06-25--05-46-02_1__segment5.wav,0,1,4,1,2022-06-25 5:46:02,26.98,78.22,Queenright
../archive/sound_files/sound_files/2022-06-27--12-20-07_1__segment5.wav,1,0,4,1,2022-06-27 12:20:07,36.3,50.91,Queenless
../archive/sound_files/sound_files/2022-07-12--18-58-16_1__segment1.wav,3,1,4,1,2022-07-12 18:58:16,29.15,44.75,Queen_Accepted
../archive/sound_files/sound_files/2022-07-07--11-03-43_1__segment1.wav,3,1,4,1,2022-07-07 11:03:43,34.74,50.5,Queen_Accepted
../archive/sound_files/sound_files/2022-06-26--19-41-10_1__segment1.wav,1,0,4,1,2022-06-26 19:41:10,31.92,63.57,Queenless
../archive/sound_files/sound_files/2022-07-07--15-00-22_1__segment0.wav,3,1,4,1,2022-07-07 15:00:22,32.37,55.0,Queen_Accepted
../archive/sound_files/sound_files/2022-06-27--07-31-49_1__segment1.wav,1,0,4,1,2022-06-27 7:31:49,28.97,72.67,Queenless
../archive/sound_files/sound_files/2022-07-10--09-40-34_1__segment2.wav,3,1,4,1,2022-07-10 9:40:34,30.63,58.59,Queen_Accepted
../archive/sound_files/sound_files/2022-07-09--10-33-31_1__segment2.wav,3,1,4,1,2022-07-09 10:33:31,33.82,54.73,Queen_Accepted
../archive/sound_files/sound_files/2022-06-25--16-03-24_1__segment2.wav,1,0,4,1,2022-06-25 16:03:24,33.64,45.1,Queenless
../archive/sound_files/sound_files/2022-07-04--00-58-48_1__segment2.wav,3,1,4,1,2022-07-04 0:58:48,28.31,72.2,Queen_Accepted
../archive/sound_files/sound_files/2022-07-07--01-08-35_1__segment1.wav,3,1,4,1,2022-07-07 1:08:35,27.25,73.72,Queen_Accepted
../archive/sound_files/sound_files/2022-07-05--01-42-28_1__segment1.wav,3,1,4,1,2022-07-05 1:42:28,28.95,67.97,Queen_Accepted
../archive/sound_files/sound_files/2022-07-10--00-42-54_1__segment2.wav,3,1,4,1,2022-07-10 0:42:54,26.58,81.6,Queen_Accepted
../archive/sound_files/sound_files/2022-07-01--05-15-04_1__segment3.wav,3,1,4,1,2022-07-01 5:15:04,24.35,76.81,Queen_Accepted
../archive/sound_files/sound_files/2022-07-03--13-08-56_1__segment5.wav,3,1,4,1,2022-07-03 13:08:56,31.63,58.56,Queen_Accepted
../archive/sound_files/sound_files/2022-07-03--21-02-06_1__segment4.wav,3,1,4,1,2022-07-03 21:02:06,28.57,59.36,Queen_Accepted
../archive/sound_files/sound_files/2022-07-01--17-36-29_1__segment3.wav,3,1,4,1,2022-07-01 17:36:29,29.69,60.76,Queen_Accepted
../archive/sound_files/sound_files/2022-06-25--22-57-22_1__segment0.wav,1,0,4,1,2022-06-25 22:57:22,31.37,70.86,Queenless
../archive/sound_files/sound_files/2022-07-06--18-10-58_1__segment3.wav,3,1,4,1,2022-07-06 18:10:58,28.92,57.21,Queen_Accepted
../archive/sound_files/sound_files/2022-07-02--10-56-10_1__segment4.wav,3,1,4,1,2022-07-02 10:56:10,30.95,55.73,Queen_Accepted
../archive/sound_files/sound_files/2022-07-12--08-04-17_1__segment4.wav,3,1,4,1,2022-07-12 8:04:17,25.41,74.6,Queen_Accepted
../archive/sound_files/sound_files/2022-07-01--00-19-07_1__segment4.wav,3,1,4,1,2022-07-01 0:19:07,24.96,79.96,Queen_Accepted
../archive/sound_files/sound_files/2022-07-03--11-10-11_1__segment5.wav,3,1,4,1,2022-07-03 11:10:11,29.41,66.26,Queen_Accepted
../archive/sound_files/sound_files/2022-06-25--10-43-44_1__segment4.wav,0,1,4,1,2022-06-25 10:43:44,47.72,32.5,Queenright
../archive/sound_files/sound_files/2022-07-03--19-03-58_1__segment2.wav,3,1,4,1,2022-07-03 19:03:58,29.1,57.32,Queen_Accepted
../archive/sound_files/sound_files/2022-07-13--22-37-39_1__segment5.wav,3,1,4,1,2022-07-13 22:37:39,27.21,73.78,Queen_Accepted
../archive/sound_files/sound_files/2022-07-10--10-39-50_1__segment2.wav,3,1,4,1,2022-07-10 10:39:50,34.37,53.99,Queen_Accepted
../archive/sound_files/sound_files/2022-06-28--18-29-45_1__segment5.wav,2,1,4,1,2022-06-28 18:29:45,26.29,46.55,Queen_New
../archive/sound_files/sound_files/2022-06-26--16-43-48_1__segment2.wav,1,0,4,1,2022-06-26 16:43:48,33.43,49.17,Queenless
../archive/sound_files/sound_files/2022-07-05--12-33-57_1__segment3.wav,3,1,4,1,2022-07-05 12:33:57,34.03,45.69,Queen_Accepted
../archive/sound_files/sound_files/2022-07-02--01-03-31_1__segment0.wav,3,1,4,1,2022-07-02 1:03:31,28.09,66.04,Queen_Accepted
../archive/sound_files/sound_files/2022-07-12--12-01-45_1__segment1.wav,3,1,4,1,2022-07-12 12:01:45,37.36,40.18,Queen_Accepted
../archive/sound_files/sound_files/2022-07-05--16-30-31_1__segment2.wav,3,1,4,1,2022-07-05 16:30:31,30.59,47.75,Queen_Accepted
../archive/sound_files/sound_files/2022-07-10--01-43-36_1__segment5.wav,3,1,4,1,2022-07-10 1:43:36,26.31,77.2,Queen_Accepted
../archive/sound_files/sound_files/2022-07-07--04-06-10_1__segment3.wav,3,1,4,1,2022-07-07 4:06:10,27.35,69.21,Queen_Accepted
../archive/sound_files/sound_files/2022-06-27--07-31-49_1__segment4.wav,1,0,4,1,2022-06-27 7:31:49,28.97,72.67,Queenless
../archive/sound_files/sound_files/2022-07-12--23-53-54_1__segment4.wav,3,1,4,1,2022-07-12 23:53:54,26.74,70.33,Queen_Accepted
../archive/sound_files/sound_files/2022-07-04--10-51-34_1__segment0.wav,3,1,4,1,2022-07-04 10:51:34,33.09,54.65,Queen_Accepted
../archive/sound_files/sound_files/2022-07-04--11-50-51_1__segment4.wav,3,1,4,1,2022-07-04 11:50:51,33.25,51.37,Queen_Accepted
../archive/sound_files/sound_files/2022-07-06--20-10-24_1__segment2.wav,3,1,4,1,2022-07-06 20:10:24,26.56,52.12,Queen_Accepted
../archive/sound_files/sound_files/2022-07-02--13-53-34_1__segment2.wav,3,1,4,1,2022-07-02 13:53:34,31.62,46.15,Queen_Accepted
../archive/sound_files/sound_files/2022-06-27--19-25-25_1__segment3.wav,2,1,4,1,2022-06-27 19:25:25,29.26,67.9,Queen_New
../archive/sound_files/sound_files/2022-07-06--01-23-04_1__segment0.wav,3,1,4,1,2022-07-06 1:23:04,27.26,74.34,Queen_Accepted
../archive/sound_files/sound_files/2022-07-03--03-16-26_1__segment5.wav,3,1,4,1,2022-07-03 3:16:26,27.37,67.79,Queen_Accepted
../archive/sound_files/sound_files/2022-07-05--23-24-37_1__segment0.wav,3,1,4,1,2022-07-05 23:24:37,28.07,75.53,Queen_Accepted
../archive/sound_files/sound_files/2022-06-27--06-32-32_1__segment5.wav,1,0,4,1,2022-06-27 6:32:32,28.81,68.64,Queenless
../archive/sound_files/sound_files/2022-06-28--15-10-15_1__segment1.wav,2,1,4,1,2022-06-28 15:10:15,33.56,49.84,Queen_New
../archive/sound_files/sound_files/2022-07-07--15-59-01_1__segment0.wav,3,1,4,1,2022-07-07 15:59:01,31.46,46.5,Queen_Accepted
../archive/sound_files/sound_files/2022-06-24--14-00-07_1__segment0.wav,0,1,4,1,2022-06-24 14:00:07,38.81,25.14,Queenright
../archive/sound_files/sound_files/2022-06-27--21-23-38_1__segment5.wav,2,1,4,1,2022-06-27 21:23:38,28.06,79.9,Queen_New
../archive/sound_files/sound_files/2022-07-01--23-05-05_1__segment2.wav,3,1,4,1,2022-07-01 23:05:05,27.03,73.91,Queen_Accepted
../archive/sound_files/sound_files/2022-07-06--12-15-20_1__segment5.wav,3,1,4,1,2022-07-06 12:15:20,34.27,41.5,Queen_Accepted
../archive/sound_files/sound_files/2022-06-28--23-25-19_1__segment4.wav,2,1,4,1,2022-06-28 23:25:19,26.29,83.87,Queen_New
../archive/sound_files/sound_files/2022-07-04--22-45-04_1__segment2.wav,3,1,4,1,2022-07-04 22:45:04,29.22,62.91,Queen_Accepted
../archive/sound_files/sound_files/2022-07-03--22-01-15_1__segment2.wav,3,1,4,1,2022-07-03 22:01:15,28.82,65.95,Queen_Accepted
../archive/sound_files/sound_files/2022-07-08--15-45-34_1__segment4.wav,3,1,4,1,2022-07-08 15:45:34,31.4,39.04,Queen_Accepted
../archive/sound_files/sound_files/2022-07-13--05-49-03_1__segment3.wav,3,1,4,1,2022-07-13 5:49:03,24.0,73.35,Queen_Accepted
../archive/sound_files/sound_files/2022-06-29--01-23-38_1__segment4.wav,2,1,4,1,2022-06-29 1:23:38,25.33,89.42,Queen_New
../archive/sound_files/sound_files/2022-07-05--20-26-51_1__segment5.wav,3,1,4,1,2022-07-05 20:26:51,25.96,51.94,Queen_Accepted
../archive/sound_files/sound_files/2022-06-28--08-15-02_1__segment1.wav,2,1,4,1,2022-06-28 8:15:02,31.1,62.96,Queen_New
../archive/sound_files/sound_files/2022-07-09--11-32-41_1__segment2.wav,3,1,4,1,2022-07-09 11:32:41,35.37,40.71,Queen_Accepted
../archive/sound_files/sound_files/2022-07-10--09-40-34_1__segment4.wav,3,1,4,1,2022-07-10 9:40:34,30.63,58.59,Queen_Accepted
../archive/sound_files/sound_files/2022-06-25--21-58-09_1__segment1.wav,1,0,4,1,2022-06-25 21:58:09,31.84,69.55,Queenless
../archive/sound_files/sound_files/2022-06-26--15-44-40_1__segment4.wav,1,0,4,1,2022-06-26 15:44:40,33.77,41.54,Queenless
../archive/sound_files/sound_files/2022-07-04--18-48-31_1__segment5.wav,3,1,4,1,2022-07-04 18:48:31,29.74,55.43,Queen_Accepted
../archive/sound_files/sound_files/2022-07-12--19-57-19_1__segment5.wav,3,1,4,1,2022-07-12 19:57:19,27.48,47.16,Queen_Accepted
../archive/sound_files/sound_files/2022-07-04--04-55-41_1__segment2.wav,3,1,4,1,2022-07-04 4:55:41,26.69,69.97,Queen_Accepted
../archive/sound_files/sound_files/2022-07-03--00-18-51_1__segment1.wav,3,1,4,1,2022-07-03 0:18:51,27.93,65.81,Queen_Accepted
../archive/sound_files/sound_files/2022-07-15--14-12-51_1__segment0.wav,3,1,4,1,2022-07-15 14:12:51,33.94,39.4,Queen_Accepted
../archive/sound_files/sound_files/2022-06-27--22-22-47_1__segment5.wav,2,1,4,1,2022-06-27 22:22:47,26.87,81.65,Queen_New
../archive/sound_files/sound_files/2022-07-06--09-17-18_1__segment4.wav,3,1,4,1,2022-07-06 9:17:18,28.81,69.26,Queen_Accepted
../archive/sound_files/sound_files/2022-06-27--01-36-20_1__segment0.wav,1,0,4,1,2022-06-27 1:36:20,29.26,75.72,Queenless
../archive/sound_files/sound_files/2022-06-28--05-16-54_1__segment5.wav,2,1,4,1,2022-06-28 5:16:54,24.04,92.31,Queen_New
../archive/sound_files/sound_files/2022-07-06--05-20-11_1__segment3.wav,3,1,4,1,2022-07-06 5:20:11,27.35,73.78,Queen_Accepted
../archive/sound_files/sound_files/2022-06-30--19-23-19_1__segment5.wav,3,1,4,1,2022-06-30 19:23:19,26.26,75.37,Queen_Accepted
../archive/sound_files/sound_files/2022-07-04--08-52-56_1__segment2.wav,3,1,4,1,2022-07-04 8:52:56,30.2,58.57,Queen_Accepted
../archive/sound_files/sound_files/2022-07-12--23-53-54_1__segment0.wav,3,1,4,1,2022-07-12 23:53:54,26.74,70.33,Queen_Accepted
../archive/sound_files/sound_files/2022-07-10--14-36-54_1__segment4.wav,3,1,4,1,2022-07-10 14:36:54,34.31,30.97,Queen_Accepted
../archive/sound_files/sound_files/2022-06-24--11-03-30_1__segment2.wav,0,1,4,1,2022-06-24 11:03:30,48.42,20.98,Queenright
../archive/sound_files/sound_files/2022-07-02--22-20-24_1__segment0.wav,3,1,4,1,2022-07-02 22:20:24,27.77,68.18,Queen_Accepted
../archive/sound_files/sound_files/2022-07-03--21-02-06_1__segment1.wav,3,1,4,1,2022-07-03 21:02:06,28.57,59.36,Queen_Accepted
../archive/sound_files/sound_files/2022-06-29--01-23-38_1__segment5.wav,2,1,4,1,2022-06-29 1:23:38,25.33,89.42,Queen_New
../archive/sound_files/sound_files/2022-07-07--13-01-42_1__segment2.wav,3,1,4,1,2022-07-07 13:01:42,37.39,43.96,Queen_Accepted
../archive/sound_files/sound_files/2022-06-27--10-21-13_1__segment2.wav,1,0,4,1,2022-06-27 10:21:13,33.19,56.58,Queenless
../archive/sound_files/sound_files/2022-06-26--14-45-27_1__segment1.wav,1,0,4,1,2022-06-26 14:45:27,34.63,51.47,Queenless
../archive/sound_files/sound_files/2022-07-09--00-40-46_1__segment1.wav,3,1,4,1,2022-07-09 0:40:46,27.42,80.63,Queen_Accepted
../archive/sound_files/sound_files/2022-07-07--21-53-50_1__segment1.wav,3,1,4,1,2022-07-07 21:53:50,28.9,70.29,Queen_Accepted
../archive/sound_files/sound_files/2022-06-26--09-49-26_1__segment4.wav,1,0,4,1,2022-06-26 9:49:26,32.82,60.46,Queenless
../archive/sound_files/sound_files/2022-07-06--03-21-47_1__segment0.wav,3,1,4,1,2022-07-06 3:21:47,27.46,79.27,Queen_Accepted
../archive/sound_files/sound_files/2022-06-29--07-19-08_1__segment5.wav,2,1,4,1,2022-06-29 7:19:08,25.74,79.33,Queen_New
../archive/sound_files/sound_files/2022-07-03--17-05-48_1__segment1.wav,3,1,4,1,2022-07-03 17:05:48,28.16,48.77,Queen_Accepted
../archive/sound_files/sound_files/2022-07-07--23-52-43_1__segment1.wav,3,1,4,1,2022-07-07 23:52:43,27.07,73.05,Queen_Accepted
../archive/sound_files/sound_files/2022-07-08--02-55-07_1__segment3.wav,3,1,4,1,2022-07-08 2:55:07,26.31,76.52,Queen_Accepted
../archive/sound_files/sound_files/2022-06-24--21-52-38_1__segment1.wav,0,1,4,1,2022-06-24 21:52:38,29.99,71.59,Queenright
../archive/sound_files/sound_files/2022-07-08--14-46-25_1__segment4.wav,3,1,4,1,2022-07-08 14:46:25,32.75,38.27,Queen_Accepted
../archive/sound_files/sound_files/2022-06-27--20-24-32_1__segment3.wav,2,1,4,1,2022-06-27 20:24:32,28.69,74.42,Queen_New
../archive/sound_files/sound_files/2022-07-14--10-28-38_1__segment2.wav,3,1,4,1,2022-07-14 10:28:38,34.04,53.13,Queen_Accepted
../archive/sound_files/sound_files/2022-07-01--04-15-51_1__segment4.wav,3,1,4,1,2022-07-01 4:15:51,24.46,76.56,Queen_Accepted
../archive/sound_files/sound_files/2022-07-01--04-15-51_1__segment5.wav,3,1,4,1,2022-07-01 4:15:51,24.46,76.56,Queen_Accepted
../archive/sound_files/sound_files/2022-07-01--01-18-17_1__segment2.wav,3,1,4,1,2022-07-01 1:18:17,24.88,83.25,Queen_Accepted
../archive/sound_files/sound_files/2022-07-08--20-41-04_1__segment3.wav,3,1,4,1,2022-07-08 20:41:04,27.51,61.14,Queen_Accepted
../archive/sound_files/sound_files/2022-07-01--22-05-58_1__segment2.wav,3,1,4,1,2022-07-01 22:05:58,27.75,68.96,Queen_Accepted
../archive/sound_files/sound_files/2022-06-26--01-54-51_1__segment1.wav,1,0,4,1,2022-06-26 1:54:51,29.97,69.15,Queenless
../archive/sound_files/sound_files/2022-07-01--08-13-37_1__segment3.wav,3,1,4,1,2022-07-01 8:13:37,29.24,60.93,Queen_Accepted
../archive/sound_files/sound_files/2022-06-24--18-55-31_1__segment2.wav,0,1,4,1,2022-06-24 18:55:31,31.69,53.44,Queenright
../archive/sound_files/sound_files/2022-06-28--23-25-19_1__segment1.wav,2,1,4,1,2022-06-28 23:25:19,26.29,83.87,Queen_New
../archive/sound_files/sound_files/2022-07-06--16-12-54_1__segment3.wav,3,1,4,1,2022-07-06 16:12:54,29.77,58.66,Queen_Accepted
../archive/sound_files/sound_files/2022-06-24--19-54-30_1__segment5.wav,0,1,4,1,2022-06-24 19:54:30,31.22,61.15,Queenright
../archive/sound_files/sound_files/2022-07-02--19-23-00_1__segment1.wav,3,1,4,1,2022-07-02 19:23:00,28.94,54.22,Queen_Accepted
../archive/sound_files/sound_files/2022-07-03--01-18-05_1__segment5.wav,3,1,4,1,2022-07-03 1:18:05,27.79,64.3,Queen_Accepted
../archive/sound_files/sound_files/2022-06-26--17-42-56_1__segment5.wav,1,0,4,1,2022-06-26 17:42:56,32.44,56.09,Queenless
../archive/sound_files/sound_files/2022-06-26--12-47-25_1__segment5.wav,1,0,4,1,2022-06-26 12:47:25,37.14,36.61,Queenless
../archive/sound_files/sound_files/2022-06-28--03-18-36_1__segment0.wav,2,1,4,1,2022-06-28 3:18:36,24.71,93.47,Queen_New
../archive/sound_files/sound_files/2022-06-29--01-23-38_1__segment1.wav,2,1,4,1,2022-06-29 1:23:38,25.33,89.42,Queen_New
../archive/sound_files/sound_files/2022-07-12--19-57-19_1__segment0.wav,3,1,4,1,2022-07-12 19:57:19,27.48,47.16,Queen_Accepted
../archive/sound_files/sound_files/2022-07-10--12-38-24_1__segment0.wav,3,1,4,1,2022-07-10 12:38:24,37.87,31.77,Queen_Accepted
../archive/sound_files/sound_files/2022-07-05--09-36-17_1__segment0.wav,3,1,4,1,2022-07-05 9:36:17,31.16,62.7,Queen_Accepted
../archive/sound_files/sound_files/2022-07-10--04-41-21_1__segment5.wav,3,1,4,1,2022-07-10 4:41:21,25.44,79.66,Queen_Accepted
../archive/sound_files/sound_files/2022-07-01--14-39-10_1__segment3.wav,3,1,4,1,2022-07-01 14:39:10,33.92,30.37,Queen_Accepted
../archive/sound_files/sound_files/2022-06-28--14-11-05_1__segment1.wav,2,1,4,1,2022-06-28 14:11:05,34.45,47.34,Queen_New
../archive/sound_files/sound_files/2022-07-03--08-12-28_1__segment1.wav,3,1,4,1,2022-07-03 8:12:28,27.83,66.92,Queen_Accepted
../archive/sound_files/sound_files/2022-07-07--21-53-50_1__segment5.wav,3,1,4,1,2022-07-07 21:53:50,28.9,70.29,Queen_Accepted
../archive/sound_files/sound_files/2022-07-14--12-27-07_1__segment0.wav,3,1,4,1,2022-07-14 12:27:07,36.0,34.26,Queen_Accepted
../archive/sound_files/sound_files/2022-06-25--09-44-22_1__segment0.wav,0,1,4,1,2022-06-25 9:44:22,42.13,40.98,Queenright
../archive/sound_files/sound_files/2022-06-29--11-17-33_1__segment5.wav,2,1,4,1,2022-06-29 11:17:33,44.85,36.92,Queen_New
../archive/sound_files/sound_files/2022-07-10--07-40-40_1__segment3.wav,3,1,4,1,2022-07-10 7:40:40,26.26,70.04,Queen_Accepted
../archive/sound_files/sound_files/2022-07-05--09-36-17_1__segment2.wav,3,1,4,1,2022-07-05 9:36:17,31.16,62.7,Queen_Accepted
../archive/sound_files/sound_files/2022-07-03--17-05-48_1__segment3.wav,3,1,4,1,2022-07-03 17:05:48,28.16,48.77,Queen_Accepted
../archive/sound_files/sound_files/2022-07-15--06-16-56_1__segment3.wav,3,1,4,1,2022-07-15 6:16:56,23.61,81.18,Queen_Accepted
../archive/sound_files/sound_files/2022-07-05--19-27-46_1__segment2.wav,3,1,4,1,2022-07-05 19:27:46,27.81,55.48,Queen_Accepted
../archive/sound_files/sound_files/2022-06-27--12-20-07_1__segment0.wav,1,0,4,1,2022-06-27 12:20:07,36.3,50.91,Queenless
../archive/sound_files/sound_files/2022-07-07--18-56-17_1__segment5.wav,3,1,4,1,2022-07-07 18:56:17,28.47,49.06,Queen_Accepted
../archive/sound_files/sound_files/2022-07-07--08-05-44_1__segment3.wav,3,1,4,1,2022-07-07 8:05:44,26.85,68.87,Queen_Accepted
../archive/sound_files/sound_files/2022-07-06--18-10-58_1__segment1.wav,3,1,4,1,2022-07-06 18:10:58,28.92,57.21,Queen_Accepted
../archive/sound_files/sound_files/2022-07-08--17-43-51_1__segment1.wav,3,1,4,1,2022-07-08 17:43:51,31.06,54.25,Queen_Accepted
../archive/sound_files/sound_files/2022-06-25--21-58-09_1__segment0.wav,1,0,4,1,2022-06-25 21:58:09,31.84,69.55,Queenless
../archive/sound_files/sound_files/2022-07-04--08-52-56_1__segment5.wav,3,1,4,1,2022-07-04 8:52:56,30.2,58.57,Queen_Accepted
../archive/sound_files/sound_files/2022-07-08--19-41-57_1__segment3.wav,3,1,4,1,2022-07-08 19:41:57,28.09,46.67,Queen_Accepted
../archive/sound_files/sound_files/2022-07-03--05-14-48_1__segment5.wav,3,1,4,1,2022-07-03 5:14:48,27.21,65.09,Queen_Accepted
../archive/sound_files/sound_files/2022-06-28--21-27-05_1__segment2.wav,2,1,4,1,2022-06-28 21:27:05,27.42,79.88,Queen_New
../archive/sound_files/sound_files/2022-07-05--01-42-28_1__segment0.wav,3,1,4,1,2022-07-05 1:42:28,28.95,67.97,Queen_Accepted
../archive/sound_files/sound_files/2022-07-10--09-40-34_1__segment0.wav,3,1,4,1,2022-07-10 9:40:34,30.63,58.59,Queen_Accepted
../archive/sound_files/sound_files/2022-07-06--03-21-47_1__segment1.wav,3,1,4,1,2022-07-06 3:21:47,27.46,79.27,Queen_Accepted
../archive/sound_files/sound_files/2022-07-10--04-41-21_1__segment0.wav,3,1,4,1,2022-07-10 4:41:21,25.44,79.66,Queen_Accepted
../archive/sound_files/sound_files/2022-06-27--14-18-17_1__segment3.wav,1,0,4,1,2022-06-27 14:18:17,34.91,45.73,Queenless
../archive/sound_files/sound_files/2022-07-01--23-05-05_1__segment3.wav,3,1,4,1,2022-07-01 23:05:05,27.03,73.91,Queen_Accepted
../archive/sound_files/sound_files/2022-07-10--11-39-23_1__segment5.wav,3,1,4,1,2022-07-10 11:39:23,36.9,41.53,Queen_Accepted
../archive/sound_files/sound_files/2022-07-09--19-41-41_1__segment5.wav,3,1,4,1,2022-07-09 19:41:41,28.23,56.83,Queen_Accepted
../archive/sound_files/sound_files/2022-07-03--21-02-06_1__segment5.wav,3,1,4,1,2022-07-03 21:02:06,28.57,59.36,Queen_Accepted
../archive/sound_files/sound_files/2022-06-29--13-15-03_1__segment1.wav,2,1,4,1,2022-06-29 13:15:03,39.38,26.66,Queen_New
../archive/sound_files/sound_files/2022-06-28--12-12-59_1__segment1.wav,2,1,4,1,2022-06-28 12:12:59,36.71,46.79,Queen_New
../archive/sound_files/sound_files/2022-07-04--00-58-48_1__segment1.wav,3,1,4,1,2022-07-04 0:58:48,28.31,72.2,Queen_Accepted
../archive/sound_files/sound_files/2022-07-03--06-13-59_1__segment0.wav,3,1,4,1,2022-07-03 6:13:59,27.78,69.02,Queen_Accepted
../archive/sound_files/sound_files/2022-07-01--23-05-05_1__segment0.wav,3,1,4,1,2022-07-01 23:05:05,27.03,73.91,Queen_Accepted
../archive/sound_files/sound_files/2022-07-09--03-38-28_1__segment0.wav,3,1,4,1,2022-07-09 3:38:28,25.98,81.56,Queen_Accepted
../archive/sound_files/sound_files/2022-07-13--03-50-40_1__segment1.wav,3,1,4,1,2022-07-13 3:50:40,25.66,73.82,Queen_Accepted
../archive/sound_files/sound_files/2022-07-14--20-19-58_1__segment4.wav,3,1,4,1,2022-07-14 20:19:58,26.83,45.19,Queen_Accepted
../archive/sound_files/sound_files/2022-07-07--16-58-09_1__segment0.wav,3,1,4,1,2022-07-07 16:58:09,30.55,48.54,Queen_Accepted
../archive/sound_files/sound_files/2022-07-08--23-41-33_1__segment5.wav,3,1,4,1,2022-07-08 23:41:33,27.49,72.15,Queen_Accepted
../archive/sound_files/sound_files/2022-06-28--16-09-24_1__segment5.wav,2,1,4,1,2022-06-28 16:09:24,32.94,51.52,Queen_New
../archive/sound_files/sound_files/2022-07-08--13-47-14_1__segment0.wav,3,1,4,1,2022-07-08 13:47:14,34.83,34.97,Queen_Accepted
../archive/sound_files/sound_files/2022-07-15--12-13-31_1__segment4.wav,3,1,4,1,2022-07-15 12:13:31,36.76,36.27,Queen_Accepted
../archive/sound_files/sound_files/2022-07-05--19-27-46_1__segment5.wav,3,1,4,1,2022-07-05 19:27:46,27.81,55.48,Queen_Accepted
../archive/sound_files/sound_files/2022-07-05--20-26-51_1__segment3.wav,3,1,4,1,2022-07-05 20:26:51,25.96,51.94,Queen_Accepted
../archive/sound_files/sound_files/2022-07-08--01-55-53_1__segment1.wav,3,1,4,1,2022-07-08 1:55:53,26.48,73.48,Queen_Accepted
../archive/sound_files/sound_files/2022-07-04--09-52-21_1__segment3.wav,3,1,4,1,2022-07-04 9:52:21,32.37,61.09,Queen_Accepted
../archive/sound_files/sound_files/2022-07-06--00-23-52_1__segment4.wav,3,1,4,1,2022-07-06 0:23:52,27.53,75.44,Queen_Accepted
../archive/sound_files/sound_files/2022-07-09--09-34-03_1__segment0.wav,3,1,4,1,2022-07-09 9:34:03,30.21,65.67,Queen_Accepted
../archive/sound_files/sound_files/2022-06-28--13-11-58_1__segment0.wav,2,1,4,1,2022-06-28 13:11:58,36.69,48.49,Queen_New
../archive/sound_files/sound_files/2022-07-08--16-44-43_1__segment0.wav,3,1,4,1,2022-07-08 16:44:43,30.77,42.57,Queen_Accepted
../archive/sound_files/sound_files/2022-07-01--15-38-20_1__segment1.wav,3,1,4,1,2022-07-01 15:38:20,32.58,53.97,Queen_Accepted
../archive/sound_files/sound_files/2022-07-01--06-14-14_1__segment3.wav,3,1,4,1,2022-07-01 6:14:14,24.15,78.25,Queen_Accepted
../archive/sound_files/sound_files/2022-06-25--17-02-27_1__segment2.wav,1,0,4,1,2022-06-25 17:02:27,32.46,44.19,Queenless
../archive/sound_files/sound_files/2022-07-09--05-37-03_1__segment2.wav,3,1,4,1,2022-07-09 5:37:03,24.9,82.43,Queen_Accepted
../archive/sound_files/sound_files/2022-07-10--06-39-34_1__segment0.wav,3,1,4,1,2022-07-10 6:39:34,23.82,77.23,Queen_Accepted
../archive/sound_files/sound_files/2022-07-03--11-10-11_1__segment0.wav,3,1,4,1,2022-07-03 11:10:11,29.41,66.26,Queen_Accepted
../archive/sound_files/sound_files/2022-06-25--19-00-41_1__segment3.wav,1,0,4,1,2022-06-25 19:00:41,32.77,54.16,Queenless
../archive/sound_files/sound_files/2022-07-02--21-21-14_1__segment1.wav,3,1,4,1,2022-07-02 21:21:14,27.68,67.24,Queen_Accepted
../archive/sound_files/sound_files/2022-07-08--12-48-01_1__segment2.wav,3,1,4,1,2022-07-08 12:48:01,37.78,35.71,Queen_Accepted
../archive/sound_files/sound_files/2022-07-06--02-22-17_1__segment3.wav,3,1,4,1,2022-07-06 2:22:17,27.65,80.07,Queen_Accepted
../archive/sound_files/sound_files/2022-07-02--03-01-54_1__segment3.wav,3,1,4,1,2022-07-02 3:01:54,27.2,68.73,Queen_Accepted
../archive/sound_files/sound_files/2022-06-28--11-13-44_1__segment5.wav,2,1,4,1,2022-06-28 11:13:44,36.38,57.21,Queen_New
../archive/sound_files/sound_files/2022-07-01--13-40-23_1__segment2.wav,3,1,4,1,2022-07-01 13:40:23,38.86,24.13,Queen_Accepted
../archive/sound_files/sound_files/2022-06-25--08-44-36_1__segment1.wav,0,1,4,1,2022-06-25 8:44:36,32.12,58.6,Queenright
../archive/sound_files/sound_files/2022-07-03--17-05-48_1__segment0.wav,3,1,4,1,2022-07-03 17:05:48,28.16,48.77,Queen_Accepted
../archive/sound_files/sound_files/2022-07-02--13-53-34_1__segment4.wav,3,1,4,1,2022-07-02 13:53:34,31.62,46.15,Queen_Accepted
../archive/sound_files/sound_files/2022-07-05--15-31-18_1__segment2.wav,3,1,4,1,2022-07-05 15:31:18,30.34,58.36,Queen_Accepted
../archive/sound_files/sound_files/2022-07-07--16-58-09_1__segment3.wav,3,1,4,1,2022-07-07 16:58:09,30.55,48.54,Queen_Accepted
../archive/sound_files/sound_files/2022-07-03--12-09-31_1__segment3.wav,3,1,4,1,2022-07-03 12:09:31,31.12,65.73,Queen_Accepted
../archive/sound_files/sound_files/2022-07-03--12-09-31_1__segment4.wav,3,1,4,1,2022-07-03 12:09:31,31.12,65.73,Queen_Accepted
../archive/sound_files/sound_files/2022-06-26--11-48-16_1__segment5.wav,1,0,4,1,2022-06-26 11:48:16,37.13,48.83,Queenless
../archive/sound_files/sound_files/2022-07-01--05-15-04_1__segment5.wav,3,1,4,1,2022-07-01 5:15:04,24.35,76.81,Queen_Accepted
../archive/sound_files/sound_files/2022-07-15--15-12-01_1__segment1.wav,3,1,4,1,2022-07-15 15:12:01,32.1,49.27,Queen_Accepted
../archive/sound_files/sound_files/2022-06-28--04-17-44_1__segment0.wav,2,1,4,1,2022-06-28 4:17:44,24.38,91.77,Queen_New
../archive/sound_files/sound_files/2022-07-07--08-05-44_1__segment1.wav,3,1,4,1,2022-07-07 8:05:44,26.85,68.87,Queen_Accepted
../archive/sound_files/sound_files/2022-06-24--14-59-04_1__segment1.wav,0,1,4,1,2022-06-24 14:59:04,36.17,27.72,Queenright
../archive/sound_files/sound_files/2022-06-28--20-27-58_1__segment3.wav,2,1,4,1,2022-06-28 20:27:58,28.35,75.11,Queen_New
../archive/sound_files/sound_files/2022-07-02--11-55-37_1__segment2.wav,3,1,4,1,2022-07-02 11:55:37,33.06,51.32,Queen_Accepted
../archive/sound_files/sound_files/2022-07-02--00-04-23_1__segment2.wav,3,1,4,1,2022-07-02 0:04:23,28.18,71.52,Queen_Accepted
../archive/sound_files/sound_files/2022-07-03--17-05-48_1__segment5.wav,3,1,4,1,2022-07-03 17:05:48,28.16,48.77,Queen_Accepted
../archive/sound_files/sound_files/2022-07-01--04-15-51_1__segment2.wav,3,1,4,1,2022-07-01 4:15:51,24.46,76.56,Queen_Accepted
../archive/sound_files/sound_files/2022-07-05--15-31-18_1__segment3.wav,3,1,4,1,2022-07-05 15:31:18,30.34,58.36,Queen_Accepted
../archive/sound_files/sound_files/2022-07-13--05-49-03_1__segment0.wav,3,1,4,1,2022-07-13 5:49:03,24.0,73.35,Queen_Accepted
../archive/sound_files/sound_files/2022-07-08--16-44-43_1__segment4.wav,3,1,4,1,2022-07-08 16:44:43,30.77,42.57,Queen_Accepted
../archive/sound_files/sound_files/2022-07-12--10-03-19_1__segment2.wav,3,1,4,1,2022-07-12 10:03:19,31.88,60.23,Queen_Accepted
../archive/sound_files/sound_files/2022-07-04--04-55-41_1__segment4.wav,3,1,4,1,2022-07-04 4:55:41,26.69,69.97,Queen_Accepted
../archive/sound_files/sound_files/2022-07-08--17-43-51_1__segment4.wav,3,1,4,1,2022-07-08 17:43:51,31.06,54.25,Queen_Accepted
../archive/sound_files/sound_files/2022-07-12--21-55-32_1__segment4.wav,3,1,4,1,2022-07-12 21:55:32,29.14,75.79,Queen_Accepted
../archive/sound_files/sound_files/2022-07-02--09-56-39_1__segment4.wav,3,1,4,1,2022-07-02 9:56:39,30.32,57.54,Queen_Accepted
../archive/sound_files/sound_files/2022-07-05--04-39-52_1__segment1.wav,3,1,4,1,2022-07-05 4:39:52,27.17,72.61,Queen_Accepted
../archive/sound_files/sound_files/2022-07-14--10-28-38_1__segment4.wav,3,1,4,1,2022-07-14 10:28:38,34.04,53.13,Queen_Accepted
../archive/sound_files/sound_files/2022-07-03--01-18-05_1__segment1.wav,3,1,4,1,2022-07-03 1:18:05,27.79,64.3,Queen_Accepted
../archive/sound_files/sound_files/2022-06-25--06-45-24_1__segment0.wav,0,1,4,1,2022-06-25 6:45:24,27.19,71.25,Queenright
../archive/sound_files/sound_files/2022-07-13--14-44-36_1__segment2.wav,3,1,4,1,2022-07-13 14:44:36,32.61,40.55,Queen_Accepted
../archive/sound_files/sound_files/2022-06-26--07-50-24_1__segment4.wav,1,0,4,1,2022-06-26 7:50:24,29.51,67.58,Queenless
../archive/sound_files/sound_files/2022-06-27--21-23-38_1__segment3.wav,2,1,4,1,2022-06-27 21:23:38,28.06,79.9,Queen_New
../archive/sound_files/sound_files/2022-07-03--09-11-41_1__segment1.wav,3,1,4,1,2022-07-03 9:11:41,28.15,65.43,Queen_Accepted
../archive/sound_files/sound_files/2022-06-27--11-20-47_1__segment0.wav,1,0,4,1,2022-06-27 11:20:47,34.69,52.7,Queenless
../archive/sound_files/sound_files/2022-07-12--19-57-19_1__segment2.wav,3,1,4,1,2022-07-12 19:57:19,27.48,47.16,Queen_Accepted
../archive/sound_files/sound_files/2022-07-02--00-04-23_1__segment1.wav,3,1,4,1,2022-07-02 0:04:23,28.18,71.52,Queen_Accepted
../archive/sound_files/sound_files/2022-06-27--17-15-43_1__segment5.wav,1,0,4,1,2022-06-27 17:15:43,32.48,43.6,Queenless
../archive/sound_files/sound_files/2022-07-11--10-20-30_1__segment1.wav,3,1,4,1,2022-07-11 10:20:30,35.45,45.42,Queen_Accepted
../archive/sound_files/sound_files/2022-07-02--05-00-25_1__segment0.wav,3,1,4,1,2022-07-02 5:00:25,27.67,68.51,Queen_Accepted
../archive/sound_files/sound_files/2022-07-03--16-06-38_1__segment4.wav,3,1,4,1,2022-07-03 16:06:38,29.43,46.67,Queen_Accepted
../archive/sound_files/sound_files/2022-07-08--03-54-17_1__segment3.wav,3,1,4,1,2022-07-08 3:54:17,25.89,75.0,Queen_Accepted
../archive/sound_files/sound_files/2022-07-08--09-50-20_1__segment4.wav,3,1,4,1,2022-07-08 9:50:20,31.5,61.09,Queen_Accepted
../archive/sound_files/sound_files/2022-07-08--13-47-14_1__segment2.wav,3,1,4,1,2022-07-08 13:47:14,34.83,34.97,Queen_Accepted
../archive/sound_files/sound_files/2022-07-12--17-00-05_1__segment5.wav,3,1,4,1,2022-07-12 17:00:05,31.23,42.38,Queen_Accepted
../archive/sound_files/sound_files/2022-06-28--04-17-44_1__segment4.wav,2,1,4,1,2022-06-28 4:17:44,24.38,91.77,Queen_New
../archive/sound_files/sound_files/2022-07-12--08-04-17_1__segment1.wav,3,1,4,1,2022-07-12 8:04:17,25.41,74.6,Queen_Accepted
../archive/sound_files/sound_files/2022-06-25--10-43-44_1__segment3.wav,0,1,4,1,2022-06-25 10:43:44,47.72,32.5,Queenright
../archive/sound_files/sound_files/2022-07-07--03-06-52_1__segment1.wav,3,1,4,1,2022-07-07 3:06:52,27.39,74.35,Queen_Accepted
../archive/sound_files/sound_files/2022-07-14--14-25-33_1__segment5.wav,3,1,4,1,2022-07-14 14:25:33,33.34,38.15,Queen_Accepted
../archive/sound_files/sound_files/2022-06-24--14-59-04_1__segment5.wav,0,1,4,1,2022-06-24 14:59:04,36.17,27.72,Queenright
../archive/sound_files/sound_files/2022-07-07--00-09-04_1__segment4.wav,3,1,4,1,2022-07-07 0:09:04,25.96,64.34,Queen_Accepted
../archive/sound_files/sound_files/2022-07-04--05-54-54_1__segment5.wav,3,1,4,1,2022-07-04 5:54:54,27.45,69.61,Queen_Accepted
../archive/sound_files/sound_files/2022-06-25--01-49-19_1__segment0.wav,0,1,4,1,2022-06-25 1:49:19,28.06,80.16,Queenright
../archive/sound_files/sound_files/2022-07-02--12-54-38_1__segment3.wav,3,1,4,1,2022-07-02 12:54:38,32.89,52.26,Queen_Accepted
../archive/sound_files/sound_files/2022-07-12--07-04-56_1__segment3.wav,3,1,4,1,2022-07-12 7:04:56,25.75,81.27,Queen_Accepted
../archive/sound_files/sound_files/2022-07-04--21-45-51_1__segment5.wav,3,1,4,1,2022-07-04 21:45:51,29.88,57.5,Queen_Accepted
../archive/sound_files/sound_files/2022-07-05--17-29-38_1__segment4.wav,3,1,4,1,2022-07-05 17:29:38,29.9,49.92,Queen_Accepted
../archive/sound_files/sound_files/2022-07-04--19-47-40_1__segment2.wav,3,1,4,1,2022-07-04 19:47:40,29.18,49.81,Queen_Accepted
../archive/sound_files/sound_files/2022-07-03--18-04-54_1__segment0.wav,3,1,4,1,2022-07-03 18:04:54,27.42,45.02,Queen_Accepted
../archive/sound_files/sound_files/2022-07-09--15-34-08_1__segment0.wav,3,1,4,1,2022-07-09 15:34:08,31.8,51.48,Queen_Accepted
../archive/sound_files/sound_files/2022-07-04--10-51-34_1__segment2.wav,3,1,4,1,2022-07-04 10:51:34,33.09,54.65,Queen_Accepted
../archive/sound_files/sound_files/2022-06-28--21-27-05_1__segment1.wav,2,1,4,1,2022-06-28 21:27:05,27.42,79.88,Queen_New
../archive/sound_files/sound_files/2022-07-01--10-13-33_1__segment2.wav,3,1,4,1,2022-07-01 10:13:33,41.15,37.54,Queen_Accepted
../archive/sound_files/sound_files/2022-07-01--10-13-33_1__segment0.wav,3,1,4,1,2022-07-01 10:13:33,41.15,37.54,Queen_Accepted
../archive/sound_files/sound_files/2022-07-08--14-46-25_1__segment5.wav,3,1,4,1,2022-07-08 14:46:25,32.75,38.27,Queen_Accepted
../archive/sound_files/sound_files/2022-07-11--12-22-00_1__segment0.wav,3,1,4,1,2022-07-11 12:22:00,38.35,29.99,Queen_Accepted
../archive/sound_files/sound_files/2022-06-28--06-16-08_1__segment2.wav,2,1,4,1,2022-06-28 6:16:08,24.18,92.78,Queen_New
../archive/sound_files/sound_files/2022-06-25--19-59-50_1__segment2.wav,1,0,4,1,2022-06-25 19:59:50,32.47,62.26,Queenless
../archive/sound_files/sound_files/2022-07-06--20-10-24_1__segment3.wav,3,1,4,1,2022-07-06 20:10:24,26.56,52.12,Queen_Accepted
../archive/sound_files/sound_files/2022-06-27--06-32-32_1__segment2.wav,1,0,4,1,2022-06-27 6:32:32,28.81,68.64,Queenless
../archive/sound_files/sound_files/2022-06-25--01-49-19_1__segment1.wav,0,1,4,1,2022-06-25 1:49:19,28.06,80.16,Queenright
../archive/sound_files/sound_files/2022-07-13--04-49-50_1__segment1.wav,3,1,4,1,2022-07-13 4:49:50,25.51,76.44,Queen_Accepted
../archive/sound_files/sound_files/2022-07-14--11-27-51_1__segment1.wav,3,1,4,1,2022-07-14 11:27:51,36.37,43.67,Queen_Accepted
../archive/sound_files/sound_files/2022-06-28--23-25-19_1__segment3.wav,2,1,4,1,2022-06-28 23:25:19,26.29,83.87,Queen_New
../archive/sound_files/sound_files/2022-07-04--00-58-48_1__segment5.wav,3,1,4,1,2022-07-04 0:58:48,28.31,72.2,Queen_Accepted
../archive/sound_files/sound_files/2022-07-02--05-00-25_1__segment3.wav,3,1,4,1,2022-07-02 5:00:25,27.67,68.51,Queen_Accepted
../archive/sound_files/sound_files/2022-06-27--11-20-47_1__segment3.wav,1,0,4,1,2022-06-27 11:20:47,34.69,52.7,Queenless
../archive/sound_files/sound_files/2022-07-06--15-12-57_1__segment4.wav,3,1,4,1,2022-07-06 15:12:57,31.36,51.05,Queen_Accepted
../archive/sound_files/sound_files/2022-07-02--05-59-41_1__segment2.wav,3,1,4,1,2022-07-02 5:59:41,27.61,65.03,Queen_Accepted
../archive/sound_files/sound_files/2022-06-28--07-15-55_1__segment3.wav,2,1,4,1,2022-06-28 7:15:55,27.5,71.36,Queen_New
../archive/sound_files/sound_files/2022-06-25--13-40-07_1__segment1.wav,0,1,4,1,2022-06-25 13:40:07,38.41,27.12,Queenright
../archive/sound_files/sound_files/2022-07-07--22-53-00_1__segment0.wav,3,1,4,1,2022-07-07 22:53:00,27.9,69.07,Queen_Accepted
../archive/sound_files/sound_files/2022-06-29--11-17-33_1__segment0.wav,2,1,4,1,2022-06-29 11:17:33,44.85,36.92,Queen_New
../archive/sound_files/sound_files/2022-07-04--07-53-35_1__segment2.wav,3,1,4,1,2022-07-04 7:53:35,28.96,57.77,Queen_Accepted
../archive/sound_files/sound_files/2022-06-28--07-15-55_1__segment0.wav,2,1,4,1,2022-06-28 7:15:55,27.5,71.36,Queen_New
../archive/sound_files/sound_files/2022-06-28--17-08-34_1__segment3.wav,2,1,4,1,2022-06-28 17:08:34,32.27,52.55,Queen_New
../archive/sound_files/sound_files/2022-07-04--15-47-45_1__segment1.wav,3,1,4,1,2022-07-04 15:47:45,32.56,52.57,Queen_Accepted
../archive/sound_files/sound_files/2022-06-25--19-59-50_1__segment4.wav,1,0,4,1,2022-06-25 19:59:50,32.47,62.26,Queenless
../archive/sound_files/sound_files/2022-07-02--21-21-14_1__segment0.wav,3,1,4,1,2022-07-02 21:21:14,27.68,67.24,Queen_Accepted
../archive/sound_files/sound_files/2022-06-25--00-50-11_1__segment3.wav,0,1,4,1,2022-06-25 0:50:11,28.38,76.39,Queenright
../archive/sound_files/sound_files/2022-07-08--19-41-57_1__segment5.wav,3,1,4,1,2022-07-08 19:41:57,28.09,46.67,Queen_Accepted
../archive/sound_files/sound_files/2022-07-09--19-41-41_1__segment1.wav,3,1,4,1,2022-07-09 19:41:41,28.23,56.83,Queen_Accepted
../archive/sound_files/sound_files/2022-07-15--02-20-13_1__segment0.wav,3,1,4,1,2022-07-15 2:20:13,26.36,83.12,Queen_Accepted
../archive/sound_files/sound_files/2022-07-15--06-16-56_1__segment0.wav,3,1,4,1,2022-07-15 6:16:56,23.61,81.18,Queen_Accepted
../archive/sound_files/sound_files/2022-06-26--19-41-10_1__segment2.wav,1,0,4,1,2022-06-26 19:41:10,31.92,63.57,Queenless
../archive/sound_files/sound_files/2022-07-14--15-24-55_1__segment3.wav,3,1,4,1,2022-07-14 15:24:55,32.53,48.2,Queen_Accepted
../archive/sound_files/sound_files/2022-06-25--06-45-24_1__segment5.wav,0,1,4,1,2022-06-25 6:45:24,27.19,71.25,Queenright
../archive/sound_files/sound_files/2022-07-02--11-55-37_1__segment5.wav,3,1,4,1,2022-07-02 11:55:37,33.06,51.32,Queen_Accepted
../archive/sound_files/sound_files/2022-06-30--21-21-31_1__segment0.wav,3,1,4,1,2022-06-30 21:21:31,25.24,84.59,Queen_Accepted
../archive/sound_files/sound_files/2022-07-08--14-46-25_1__segment3.wav,3,1,4,1,2022-07-08 14:46:25,32.75,38.27,Queen_Accepted
../archive/sound_files/sound_files/2022-07-08--04-53-25_1__segment0.wav,3,1,4,1,2022-07-08 4:53:25,25.4,73.33,Queen_Accepted
../archive/sound_files/sound_files/2022-06-28--00-21-03_1__segment0.wav,2,1,4,1,2022-06-28 0:21:03,25.73,88.06,Queen_New
../archive/sound_files/sound_files/2022-07-12--15-01-47_1__segment0.wav,3,1,4,1,2022-07-12 15:01:47,32.51,38.15,Queen_Accepted
../archive/sound_files/sound_files/2022-07-13--21-38-28_1__segment5.wav,3,1,4,1,2022-07-13 21:38:28,28.52,69.85,Queen_Accepted
../archive/sound_files/sound_files/2022-06-26--18-42-02_1__segment4.wav,1,0,4,1,2022-06-26 18:42:02,32.24,57.38,Queenless
../archive/sound_files/sound_files/2022-06-25--03-47-42_1__segment4.wav,0,1,4,1,2022-06-25 3:47:42,27.52,75.07,Queenright
../archive/sound_files/sound_files/2022-07-05--19-27-46_1__segment0.wav,3,1,4,1,2022-07-05 19:27:46,27.81,55.48,Queen_Accepted
../archive/sound_files/sound_files/2022-07-06--10-16-43_1__segment2.wav,3,1,4,1,2022-07-06 10:16:43,31.05,61.59,Queen_Accepted
../archive/sound_files/sound_files/2022-07-02--19-23-00_1__segment0.wav,3,1,4,1,2022-07-02 19:23:00,28.94,54.22,Queen_Accepted
../archive/sound_files/sound_files/2022-07-08--11-48-51_1__segment2.wav,3,1,4,1,2022-07-08 11:48:51,36.6,35.47,Queen_Accepted
../archive/sound_files/sound_files/2022-07-02--03-01-54_1__segment5.wav,3,1,4,1,2022-07-02 3:01:54,27.2,68.73,Queen_Accepted
../archive/sound_files/sound_files/2022-07-05--16-30-31_1__segment4.wav,3,1,4,1,2022-07-05 16:30:31,30.59,47.75,Queen_Accepted
../archive/sound_files/sound_files/2022-07-07--04-06-10_1__segment4.wav,3,1,4,1,2022-07-07 4:06:10,27.35,69.21,Queen_Accepted
../archive/sound_files/sound_files/2022-06-30--21-21-31_1__segment5.wav,3,1,4,1,2022-06-30 21:21:31,25.24,84.59,Queen_Accepted
../archive/sound_files/sound_files/2022-07-01--07-13-33_1__segment1.wav,3,1,4,1,2022-07-01 7:13:33,25.26,75.28,Queen_Accepted
../archive/sound_files/sound_files/2022-06-25--00-50-11_1__segment4.wav,0,1,4,1,2022-06-25 0:50:11,28.38,76.39,Queenright
../archive/sound_files/sound_files/2022-06-26--00-55-43_1__segment4.wav,1,0,4,1,2022-06-26 0:55:43,30.23,68.36,Queenless
../archive/sound_files/sound_files/2022-07-03--03-16-26_1__segment0.wav,3,1,4,1,2022-07-03 3:16:26,27.37,67.79,Queen_Accepted
../archive/sound_files/sound_files/2022-07-08--08-50-34_1__segment1.wav,3,1,4,1,2022-07-08 8:50:34,27.7,72.94,Queen_Accepted
../archive/sound_files/sound_files/2022-06-26--07-50-24_1__segment3.wav,1,0,4,1,2022-06-26 7:50:24,29.51,67.58,Queenless
../archive/sound_files/sound_files/2022-07-10--21-37-12_1__segment1.wav,3,1,4,1,2022-07-10 21:37:12,30.41,62.27,Queen_Accepted
../archive/sound_files/sound_files/2022-07-10--14-36-54_1__segment1.wav,3,1,4,1,2022-07-10 14:36:54,34.31,30.97,Queen_Accepted
../archive/sound_files/sound_files/2022-07-07--01-08-35_1__segment0.wav,3,1,4,1,2022-07-07 1:08:35,27.25,73.72,Queen_Accepted
../archive/sound_files/sound_files/2022-07-03--18-04-54_1__segment2.wav,3,1,4,1,2022-07-03 18:04:54,27.42,45.02,Queen_Accepted
../archive/sound_files/sound_files/2022-07-08--08-50-34_1__segment2.wav,3,1,4,1,2022-07-08 8:50:34,27.7,72.94,Queen_Accepted
../archive/sound_files/sound_files/2022-06-26--21-39-27_1__segment1.wav,1,0,4,1,2022-06-26 21:39:27,30.87,70.35,Queenless
../archive/sound_files/sound_files/2022-07-09--21-40-06_1__segment3.wav,3,1,4,1,2022-07-09 21:40:06,27.64,63.85,Queen_Accepted
../archive/sound_files/sound_files/2022-07-07--07-06-51_1__segment5.wav,3,1,4,1,2022-07-07 7:06:51,26.83,72.15,Queen_Accepted
../archive/sound_files/sound_files/2022-07-13--03-50-40_1__segment2.wav,3,1,4,1,2022-07-13 3:50:40,25.66,73.82,Queen_Accepted
../archive/sound_files/sound_files/2022-07-05--01-42-28_1__segment4.wav,3,1,4,1,2022-07-05 1:42:28,28.95,67.97,Queen_Accepted
../archive/sound_files/sound_files/2022-07-03--23-59-39_1__segment1.wav,3,1,4,1,2022-07-03 23:59:39,28.73,67.97,Queen_Accepted
../archive/sound_files/sound_files/2022-07-07--23-55-59_1__segment3.wav,3,1,4,1,2022-07-07 23:55:59,26.97,72.63,Queen_Accepted
../archive/sound_files/sound_files/2022-06-28--12-12-59_1__segment4.wav,2,1,4,1,2022-06-28 12:12:59,36.71,46.79,Queen_New
../archive/sound_files/sound_files/2022-07-07--22-53-00_1__segment1.wav,3,1,4,1,2022-07-07 22:53:00,27.9,69.07,Queen_Accepted
../archive/sound_files/sound_files/2022-07-02--10-56-10_1__segment2.wav,3,1,4,1,2022-07-02 10:56:10,30.95,55.73,Queen_Accepted
../archive/sound_files/sound_files/2022-07-01--22-05-58_1__segment0.wav,3,1,4,1,2022-07-01 22:05:58,27.75,68.96,Queen_Accepted
../archive/sound_files/sound_files/2022-07-03--07-13-12_1__segment3.wav,3,1,4,1,2022-07-03 7:13:12,27.58,67.24,Queen_Accepted
../archive/sound_files/sound_files/2022-07-15--10-14-53_1__segment5.wav,3,1,4,1,2022-07-15 10:14:53,32.72,54.65,Queen_Accepted
../archive/sound_files/sound_files/2022-07-06--17-11-37_1__segment0.wav,3,1,4,1,2022-07-06 17:11:37,29.19,51.96,Queen_Accepted
../archive/sound_files/sound_files/2022-07-04--22-45-04_1__segment4.wav,3,1,4,1,2022-07-04 22:45:04,29.22,62.91,Queen_Accepted
../archive/sound_files/sound_files/2022-07-09--01-40-05_1__segment0.wav,3,1,4,1,2022-07-09 1:40:05,26.79,76.53,Queen_Accepted
../archive/sound_files/sound_files/2022-06-28--08-15-02_1__segment0.wav,2,1,4,1,2022-06-28 8:15:02,31.1,62.96,Queen_New
../archive/sound_files/sound_files/2022-07-05--02-41-32_1__segment1.wav,3,1,4,1,2022-07-05 2:41:32,26.04,61.49,Queen_Accepted
../archive/sound_files/sound_files/2022-07-10--00-42-54_1__segment1.wav,3,1,4,1,2022-07-10 0:42:54,26.58,81.6,Queen_Accepted
../archive/sound_files/sound_files/2022-07-09--18-42-04_1__segment2.wav,3,1,4,1,2022-07-09 18:42:04,29.16,52.48,Queen_Accepted
../archive/sound_files/sound_files/2022-06-24--22-51-46_1__segment3.wav,0,1,4,1,2022-06-24 22:51:46,29.62,77.41,Queenright
../archive/sound_files/sound_files/2022-07-08--11-48-51_1__segment5.wav,3,1,4,1,2022-07-08 11:48:51,36.6,35.47,Queen_Accepted
../archive/sound_files/sound_files/2022-07-12--09-03-41_1__segment2.wav,3,1,4,1,2022-07-12 9:03:41,27.56,63.48,Queen_Accepted
../archive/sound_files/sound_files/2022-06-29--15-12-49_1__segment0.wav,2,1,4,1,2022-06-29 15:12:49,33.16,44.65,Queen_New
../archive/sound_files/sound_files/2022-07-02--08-57-35_1__segment3.wav,3,1,4,1,2022-07-02 8:57:35,29.01,62.27,Queen_Accepted
../archive/sound_files/sound_files/2022-07-15--09-15-12_1__segment3.wav,3,1,4,1,2022-07-15 9:15:12,28.04,65.63,Queen_Accepted
../archive/sound_files/sound_files/2022-07-11--08-19-41_1__segment2.wav,3,1,4,1,2022-07-11 8:19:41,28.38,67.05,Queen_Accepted
../archive/sound_files/sound_files/2022-07-15--14-12-51_1__segment2.wav,3,1,4,1,2022-07-15 14:12:51,33.94,39.4,Queen_Accepted
../archive/sound_files/sound_files/2022-07-03--14-08-02_1__segment4.wav,3,1,4,1,2022-07-03 14:08:02,29.98,43.35,Queen_Accepted
../archive/sound_files/sound_files/2022-06-28--12-12-59_1__segment0.wav,2,1,4,1,2022-06-28 12:12:59,36.71,46.79,Queen_New
../archive/sound_files/sound_files/2022-07-01--12-42-18_1__segment3.wav,3,1,4,1,2022-07-01 12:42:18,44.96,21.32,Queen_Accepted
../archive/sound_files/sound_files/2022-06-14--17-49-06_1__segment5.wav,3,1,5,1,2022-06-14 17:49:06,31.94,23.93,Queen_Accepted
../archive/sound_files/sound_files/2022-06-10--03-41-45_1__segment2.wav,2,1,5,1,2022-06-10 3:41:45,21.53,51.6,Queen_New
../archive/sound_files/sound_files/2022-06-09--12-07-53_1__segment5.wav,1,0,5,1,2022-06-09 12:07:53,38.69,25.04,Queenless
../archive/sound_files/sound_files/2022-06-14--06-57-25_1__segment5.wav,3,1,5,1,2022-06-14 6:57:25,22.96,38.21,Queen_Accepted
../archive/sound_files/sound_files/2022-06-11--00-39-19_1__segment1.wav,2,1,5,1,2022-06-11 0:39:19,23.44,55.81,Queen_New
../archive/sound_files/sound_files/2022-06-14--04-58-40_1__segment5.wav,3,1,5,1,2022-06-14 4:58:40,21.0,38.02,Queen_Accepted
../archive/sound_files/sound_files/2022-06-08--15-51-41_1__segment2.wav,0,1,5,1,2022-06-08 15:51:41,33.56,33.98,Queenright
../archive/sound_files/sound_files/2022-06-09--17-03-35_1__segment0.wav,1,0,5,1,2022-06-09 17:03:35,33.61,23.65,Queenless
../archive/sound_files/sound_files/2022-06-10--23-40-10_1__segment2.wav,2,1,5,1,2022-06-10 23:40:10,24.41,53.4,Queen_New
../archive/sound_files/sound_files/2022-06-09--01-15-08_1__segment5.wav,1,0,5,1,2022-06-09 1:15:08,22.21,48.16,Queenless
../archive/sound_files/sound_files/2022-06-14--16-50-02_1__segment3.wav,3,1,5,1,2022-06-14 16:50:02,32.8,20.93,Queen_Accepted
../archive/sound_files/sound_files/2022-06-09--18-49-09_1__segment3.wav,2,1,5,1,2022-06-09 18:49:09,31.19,39.57,Queen_New
../archive/sound_files/sound_files/2022-06-13--21-05-17_1__segment0.wav,3,1,5,1,2022-06-13 21:05:17,24.71,33.06,Queen_Accepted
../archive/sound_files/sound_files/2022-06-09--22-45-43_1__segment0.wav,2,1,5,1,2022-06-09 22:45:43,24.96,44.1,Queen_New
../archive/sound_files/sound_files/2022-06-08--21-18-22_1__segment3.wav,1,0,5,1,2022-06-08 21:18:22,25.02,45.67,Queenless
../archive/sound_files/sound_files/2022-06-10--12-36-08_1__segment5.wav,2,1,5,1,2022-06-10 12:36:08,42.57,21.37,Queen_New
../archive/sound_files/sound_files/2022-06-14--02-01-04_1__segment2.wav,3,1,5,1,2022-06-14 2:01:04,20.88,38.12,Queen_Accepted
../archive/sound_files/sound_files/2022-06-09--16-04-23_1__segment2.wav,1,0,5,1,2022-06-09 16:04:23,34.92,23.03,Queenless
../archive/sound_files/sound_files/2022-06-14--13-52-40_1__segment3.wav,3,1,5,1,2022-06-14 13:52:40,39.14,15.32,Queen_Accepted
../archive/sound_files/sound_files/2022-06-14--14-51-53_1__segment5.wav,3,1,5,1,2022-06-14 14:51:53,36.77,16.35,Queen_Accepted
../archive/sound_files/sound_files/2022-06-11--05-35-09_1__segment0.wav,2,1,5,1,2022-06-11 5:35:09,19.52,62.04,Queen_New
../archive/sound_files/sound_files/2022-06-11--09-34-30_1__segment3.wav,2,1,5,1,2022-06-11 9:34:30,33.34,34.26,Queen_New
../archive/sound_files/sound_files/2022-06-09--03-13-35_1__segment0.wav,1,0,5,1,2022-06-09 3:13:35,22.04,47.06,Queenless
../archive/sound_files/sound_files/2022-06-10--18-44-38_1__segment5.wav,2,1,5,1,2022-06-10 18:44:38,31.73,38.54,Queen_New
../archive/sound_files/sound_files/2022-06-10--05-40-10_1__segment2.wav,2,1,5,1,2022-06-10 5:40:10,21.29,51.23,Queen_New
../archive/sound_files/sound_files/2022-06-09--06-11-16_1__segment2.wav,1,0,5,1,2022-06-09 6:11:16,22.72,45.41,Queenless
../archive/sound_files/sound_files/2022-06-14--11-55-10_1__segment3.wav,3,1,5,1,2022-06-14 11:55:10,39.09,20.87,Queen_Accepted
../archive/sound_files/sound_files/2022-06-08--17-21-53_1__segment5.wav,1,0,5,1,2022-06-08 17:21:53,29.01,42.73,Queenless
../archive/sound_files/sound_files/2022-06-11--04-35-57_1__segment0.wav,2,1,5,1,2022-06-11 4:35:57,20.07,62.35,Queen_New
../archive/sound_files/sound_files/2022-06-09--17-03-35_1__segment1.wav,1,0,5,1,2022-06-09 17:03:35,33.61,23.65,Queenless
../archive/sound_files/sound_files/2022-06-13--18-08-05_1__segment3.wav,3,1,5,1,2022-06-13 18:08:05,25.73,28.22,Queen_Accepted
../archive/sound_files/sound_files/2022-06-11--03-36-48_1__segment0.wav,2,1,5,1,2022-06-11 3:36:48,20.71,62.03,Queen_New
../archive/sound_files/sound_files/2022-06-13--23-03-36_1__segment1.wav,3,1,5,1,2022-06-13 23:03:36,21.92,36.51,Queen_Accepted
../archive/sound_files/sound_files/2022-06-14--10-55-49_1__segment2.wav,3,1,5,1,2022-06-14 10:55:49,36.92,24.44,Queen_Accepted
../archive/sound_files/sound_files/2022-06-10--22-41-03_1__segment0.wav,2,1,5,1,2022-06-10 22:41:03,25.58,48.76,Queen_New
../archive/sound_files/sound_files/2022-06-10--08-38-24_1__segment5.wav,2,1,5,1,2022-06-10 8:38:24,30.27,40.96,Queen_New
../archive/sound_files/sound_files/2022-06-10--07-39-02_1__segment5.wav,2,1,5,1,2022-06-10 7:39:02,25.48,53.33,Queen_New
../archive/sound_files/sound_files/2022-06-09--21-46-36_1__segment0.wav,2,1,5,1,2022-06-09 21:46:36,26.26,40.48,Queen_New
../archive/sound_files/sound_files/2022-06-08--23-16-44_1__segment5.wav,1,0,5,1,2022-06-08 23:16:44,22.86,48.23,Queenless
../archive/sound_files/sound_files/2022-06-10--00-44-04_1__segment5.wav,2,1,5,1,2022-06-10 0:44:04,22.79,49.53,Queen_New
../archive/sound_files/sound_files/2022-06-09--11-08-21_1__segment4.wav,1,0,5,1,2022-06-09 11:08:21,34.53,31.81,Queenless
../archive/sound_files/sound_files/2022-06-10--10-37-28_1__segment5.wav,2,1,5,1,2022-06-10 10:37:28,38.47,26.42,Queen_New
../archive/sound_files/sound_files/2022-06-11--07-34-54_1__segment2.wav,2,1,5,1,2022-06-11 7:34:54,23.36,57.19,Queen_New
../archive/sound_files/sound_files/2022-06-09--05-12-03_1__segment5.wav,1,0,5,1,2022-06-09 5:12:03,21.32,47.32,Queenless
../archive/sound_files/sound_files/2022-06-10--07-39-02_1__segment3.wav,2,1,5,1,2022-06-10 7:39:02,25.48,53.33,Queen_New
../archive/sound_files/sound_files/2022-06-09--08-09-59_1__segment3.wav,1,0,5,1,2022-06-09 8:09:59,26.04,48.01,Queenless
../archive/sound_files/sound_files/2022-06-14--07-57-11_1__segment5.wav,3,1,5,1,2022-06-14 7:57:11,25.79,39.21,Queen_Accepted
../archive/sound_files/sound_files/2022-06-10--12-36-08_1__segment3.wav,2,1,5,1,2022-06-10 12:36:08,42.57,21.37,Queen_New
../archive/sound_files/sound_files/2022-06-10--07-39-02_1__segment0.wav,2,1,5,1,2022-06-10 7:39:02,25.48,53.33,Queen_New
../archive/sound_files/sound_files/2022-06-10--09-37-53_1__segment2.wav,2,1,5,1,2022-06-10 9:37:53,34.7,33.04,Queen_New
../archive/sound_files/sound_files/2022-06-09--17-03-35_1__segment3.wav,1,0,5,1,2022-06-09 17:03:35,33.61,23.65,Queenless
../archive/sound_files/sound_files/2022-06-10--00-44-04_1__segment0.wav,2,1,5,1,2022-06-10 0:44:04,22.79,49.53,Queen_New
../archive/sound_files/sound_files/2022-06-10--00-44-04_1__segment4.wav,2,1,5,1,2022-06-10 0:44:04,22.79,49.53,Queen_New
../archive/sound_files/sound_files/2022-06-10--20-42-49_1__segment5.wav,2,1,5,1,2022-06-10 20:42:49,28.6,41.06,Queen_New
../archive/sound_files/sound_files/2022-06-13--18-08-05_1__segment1.wav,3,1,5,1,2022-06-13 18:08:05,25.73,28.22,Queen_Accepted
../archive/sound_files/sound_files/2022-06-09--02-14-24_1__segment1.wav,1,0,5,1,2022-06-09 2:14:24,22.11,48.18,Queenless
../archive/sound_files/sound_files/2022-06-14--03-00-15_1__segment5.wav,3,1,5,1,2022-06-14 3:00:15,20.81,38.58,Queen_Accepted
../archive/sound_files/sound_files/2022-06-13--21-05-17_1__segment5.wav,3,1,5,1,2022-06-13 21:05:17,24.71,33.06,Queen_Accepted
../archive/sound_files/sound_files/2022-06-13--23-03-36_1__segment4.wav,3,1,5,1,2022-06-13 23:03:36,21.92,36.51,Queen_Accepted
../archive/sound_files/sound_files/2022-06-09--14-06-06_1__segment3.wav,1,0,5,1,2022-06-09 14:06:06,38.99,18.2,Queenless
../archive/sound_files/sound_files/2022-06-10--23-40-10_1__segment4.wav,2,1,5,1,2022-06-10 23:40:10,24.41,53.4,Queen_New
../archive/sound_files/sound_files/2022-06-09--15-05-10_1__segment2.wav,1,0,5,1,2022-06-09 15:05:10,36.55,23.44,Queenless
../archive/sound_files/sound_files/2022-06-11--12-32-11_1__segment4.wav,2,1,5,1,2022-06-11 12:32:11,40.57,18.04,Queen_New
../archive/sound_files/sound_files/2022-06-10--05-40-10_1__segment4.wav,2,1,5,1,2022-06-10 5:40:10,21.29,51.23,Queen_New
../archive/sound_files/sound_files/2022-06-10--06-39-26_1__segment1.wav,2,1,5,1,2022-06-10 6:39:26,21.95,51.43,Queen_New
../archive/sound_files/sound_files/2022-06-14--04-58-40_1__segment0.wav,3,1,5,1,2022-06-14 4:58:40,21.0,38.02,Queen_Accepted
../archive/sound_files/sound_files/2022-06-11--01-38-28_1__segment0.wav,2,1,5,1,2022-06-11 1:38:28,22.45,58.39,Queen_New
../archive/sound_files/sound_files/2022-06-10--08-38-24_1__segment0.wav,2,1,5,1,2022-06-10 8:38:24,30.27,40.96,Queen_New
../archive/sound_files/sound_files/2022-06-10--16-32-45_1__segment0.wav,2,1,5,1,2022-06-10 16:32:45,37.12,29.23,Queen_New
../archive/sound_files/sound_files/2022-06-09--13-07-21_1__segment0.wav,1,0,5,1,2022-06-09 13:07:21,40.32,20.04,Queenless
../archive/sound_files/sound_files/2022-06-11--06-34-24_1__segment0.wav,2,1,5,1,2022-06-11 6:34:24,19.87,59.59,Queen_New
../archive/sound_files/sound_files/2022-06-08--21-18-22_1__segment4.wav,1,0,5,1,2022-06-08 21:18:22,25.02,45.67,Queenless
../archive/sound_files/sound_files/2022-06-10--14-34-28_1__segment3.wav,2,1,5,1,2022-06-10 14:34:28,41.32,17.26,Queen_New
../archive/sound_files/sound_files/2022-06-11--15-29-11_1__segment1.wav,2,1,5,1,2022-06-11 15:29:11,36.09,32.06,Queen_New
../archive/sound_files/sound_files/2022-06-10--11-36-55_1__segment1.wav,2,1,5,1,2022-06-10 11:36:55,41.07,22.68,Queen_New
../archive/sound_files/sound_files/2022-06-09--23-44-54_1__segment2.wav,2,1,5,1,2022-06-09 23:44:54,23.84,47.34,Queen_New
../archive/sound_files/sound_files/2022-06-14--17-49-06_1__segment2.wav,3,1,5,1,2022-06-14 17:49:06,31.94,23.93,Queen_Accepted
../archive/sound_files/sound_files/2022-06-11--05-35-09_1__segment5.wav,2,1,5,1,2022-06-11 5:35:09,19.52,62.04,Queen_New
../archive/sound_files/sound_files/2022-06-09--10-08-51_1__segment0.wav,1,0,5,1,2022-06-09 10:08:51,31.93,38.1,Queenless
../archive/sound_files/sound_files/2022-06-09--17-03-35_1__segment5.wav,1,0,5,1,2022-06-09 17:03:35,33.61,23.65,Queenless
../archive/sound_files/sound_files/2022-06-14--06-57-25_1__segment2.wav,3,1,5,1,2022-06-14 6:57:25,22.96,38.21,Queen_Accepted
../archive/sound_files/sound_files/2022-06-14--12-53-59_1__segment4.wav,3,1,5,1,2022-06-14 12:53:59,40.31,17.0,Queen_Accepted
../archive/sound_files/sound_files/2022-06-11--07-34-54_1__segment5.wav,2,1,5,1,2022-06-11 7:34:54,23.36,57.19,Queen_New
../archive/sound_files/sound_files/2022-06-14--13-52-40_1__segment2.wav,3,1,5,1,2022-06-14 13:52:40,39.14,15.32,Queen_Accepted
../archive/sound_files/sound_files/2022-06-14--02-01-04_1__segment4.wav,3,1,5,1,2022-06-14 2:01:04,20.88,38.12,Queen_Accepted
../archive/sound_files/sound_files/2022-06-14--09-56-21_1__segment1.wav,3,1,5,1,2022-06-14 9:56:21,33.83,30.3,Queen_Accepted
../archive/sound_files/sound_files/2022-06-10--12-36-08_1__segment0.wav,2,1,5,1,2022-06-10 12:36:08,42.57,21.37,Queen_New
../archive/sound_files/sound_files/2022-06-11--15-29-11_1__segment4.wav,2,1,5,1,2022-06-11 15:29:11,36.09,32.06,Queen_New
../archive/sound_files/sound_files/2022-06-11--03-36-48_1__segment3.wav,2,1,5,1,2022-06-11 3:36:48,20.71,62.03,Queen_New
../archive/sound_files/sound_files/2022-06-11--04-35-57_1__segment5.wav,2,1,5,1,2022-06-11 4:35:57,20.07,62.35,Queen_New
../archive/sound_files/sound_files/2022-06-09--06-11-16_1__segment5.wav,1,0,5,1,2022-06-09 6:11:16,22.72,45.41,Queenless
../archive/sound_files/sound_files/2022-06-08--20-19-13_1__segment5.wav,1,0,5,1,2022-06-08 20:19:13,29.29,36.34,Queenless
../archive/sound_files/sound_files/2022-06-10--10-37-28_1__segment0.wav,2,1,5,1,2022-06-10 10:37:28,38.47,26.42,Queen_New
../archive/sound_files/sound_files/2022-06-14--08-56-49_1__segment4.wav,3,1,5,1,2022-06-14 8:56:49,30.05,37.19,Queen_Accepted
../archive/sound_files/sound_files/2022-06-09--08-09-59_1__segment2.wav,1,0,5,1,2022-06-09 8:09:59,26.04,48.01,Queenless
../archive/sound_files/sound_files/2022-06-10--05-40-10_1__segment3.wav,2,1,5,1,2022-06-10 5:40:10,21.29,51.23,Queen_New
../archive/sound_files/sound_files/2022-06-14--03-59-27_1__segment0.wav,3,1,5,1,2022-06-14 3:59:27,21.18,37.86,Queen_Accepted
../archive/sound_files/sound_files/2022-06-09--05-12-03_1__segment1.wav,1,0,5,1,2022-06-09 5:12:03,21.32,47.32,Queenless
../archive/sound_files/sound_files/2022-06-10--08-38-24_1__segment1.wav,2,1,5,1,2022-06-10 8:38:24,30.27,40.96,Queen_New
../archive/sound_files/sound_files/2022-06-10--07-39-02_1__segment1.wav,2,1,5,1,2022-06-10 7:39:02,25.48,53.33,Queen_New
../archive/sound_files/sound_files/2022-06-09--04-12-49_1__segment5.wav,1,0,5,1,2022-06-09 4:12:49,21.56,46.82,Queenless
../archive/sound_files/sound_files/2022-06-11--04-35-57_1__segment3.wav,2,1,5,1,2022-06-11 4:35:57,20.07,62.35,Queen_New
../archive/sound_files/sound_files/2022-06-10--11-36-55_1__segment4.wav,2,1,5,1,2022-06-10 11:36:55,41.07,22.68,Queen_New
../archive/sound_files/sound_files/2022-06-14--14-51-53_1__segment4.wav,3,1,5,1,2022-06-14 14:51:53,36.77,16.35,Queen_Accepted
../archive/sound_files/sound_files/2022-06-13--20-06-14_1__segment4.wav,3,1,5,1,2022-06-13 20:06:14,26.89,28.1,Queen_Accepted
../archive/sound_files/sound_files/2022-06-08--18-20-59_1__segment5.wav,1,0,5,1,2022-06-08 18:20:59,30.51,36.74,Queenless
../archive/sound_files/sound_files/2022-06-14--12-53-59_1__segment0.wav,3,1,5,1,2022-06-14 12:53:59,40.31,17.0,Queen_Accepted
../archive/sound_files/sound_files/2022-06-14--11-55-10_1__segment0.wav,3,1,5,1,2022-06-14 11:55:10,39.09,20.87,Queen_Accepted
../archive/sound_files/sound_files/2022-06-09--15-05-10_1__segment4.wav,1,0,5,1,2022-06-09 15:05:10,36.55,23.44,Queenless
../archive/sound_files/sound_files/2022-06-10--08-38-24_1__segment4.wav,2,1,5,1,2022-06-10 8:38:24,30.27,40.96,Queen_New
../archive/sound_files/sound_files/2022-06-10--18-44-38_1__segment2.wav,2,1,5,1,2022-06-10 18:44:38,31.73,38.54,Queen_New
../archive/sound_files/sound_files/2022-06-10--23-40-10_1__segment0.wav,2,1,5,1,2022-06-10 23:40:10,24.41,53.4,Queen_New
../archive/sound_files/sound_files/2022-06-11--10-34-05_1__segment4.wav,2,1,5,1,2022-06-11 10:34:05,36.83,25.66,Queen_New
../archive/sound_files/sound_files/2022-06-13--21-05-17_1__segment2.wav,3,1,5,1,2022-06-13 21:05:17,24.71,33.06,Queen_Accepted
../archive/sound_files/sound_files/2022-06-09--03-13-35_1__segment5.wav,1,0,5,1,2022-06-09 3:13:35,22.04,47.06,Queenless
../archive/sound_files/sound_files/2022-06-09--20-47-28_1__segment2.wav,2,1,5,1,2022-06-09 20:47:28,28.23,35.42,Queen_New
../archive/sound_files/sound_files/2022-06-14--05-57-50_1__segment4.wav,3,1,5,1,2022-06-14 5:57:50,21.7,39.05,Queen_Accepted
../archive/sound_files/sound_files/2022-06-08--21-18-22_1__segment5.wav,1,0,5,1,2022-06-08 21:18:22,25.02,45.67,Queenless
../archive/sound_files/sound_files/2022-06-09--12-07-53_1__segment1.wav,1,0,5,1,2022-06-09 12:07:53,38.69,25.04,Queenless
../archive/sound_files/sound_files/2022-06-09--04-12-49_1__segment0.wav,1,0,5,1,2022-06-09 4:12:49,21.56,46.82,Queenless
../archive/sound_files/sound_files/2022-06-10--09-37-53_1__segment1.wav,2,1,5,1,2022-06-10 9:37:53,34.7,33.04,Queen_New
../archive/sound_files/sound_files/2022-06-11--15-29-11_1__segment2.wav,2,1,5,1,2022-06-11 15:29:11,36.09,32.06,Queen_New
../archive/sound_files/sound_files/2022-06-14--00-02-46_1__segment5.wav,3,1,5,1,2022-06-14 0:02:46,21.41,38.27,Queen_Accepted
../archive/sound_files/sound_files/2022-06-13--19-07-11_1__segment0.wav,3,1,5,1,2022-06-13 19:07:11,28.01,22.8,Queen_Accepted
../archive/sound_files/sound_files/2022-06-09--10-08-51_1__segment2.wav,1,0,5,1,2022-06-09 10:08:51,31.93,38.1,Queenless
../archive/sound_files/sound_files/2022-06-09--03-13-35_1__segment1.wav,1,0,5,1,2022-06-09 3:13:35,22.04,47.06,Queenless
../archive/sound_files/sound_files/2022-06-09--10-08-51_1__segment3.wav,1,0,5,1,2022-06-09 10:08:51,31.93,38.1,Queenless
../archive/sound_files/sound_files/2022-06-09--21-46-36_1__segment3.wav,2,1,5,1,2022-06-09 21:46:36,26.26,40.48,Queen_New
../archive/sound_files/sound_files/2022-06-09--13-07-21_1__segment4.wav,1,0,5,1,2022-06-09 13:07:21,40.32,20.04,Queenless
../archive/sound_files/sound_files/2022-06-08--17-21-53_1__segment2.wav,1,0,5,1,2022-06-08 17:21:53,29.01,42.73,Queenless
../archive/sound_files/sound_files/2022-06-10--21-41-55_1__segment1.wav,2,1,5,1,2022-06-10 21:41:55,26.78,46.75,Queen_New
../archive/sound_files/sound_files/2022-06-09--08-09-59_1__segment1.wav,1,0,5,1,2022-06-09 8:09:59,26.04,48.01,Queenless
../archive/sound_files/sound_files/2022-06-11--07-34-54_1__segment1.wav,2,1,5,1,2022-06-11 7:34:54,23.36,57.19,Queen_New
../archive/sound_files/sound_files/2022-06-14--02-01-04_1__segment1.wav,3,1,5,1,2022-06-14 2:01:04,20.88,38.12,Queen_Accepted
../archive/sound_files/sound_files/2022-06-11--14-30-02_1__segment3.wav,2,1,5,1,2022-06-11 14:30:02,37.97,27.61,Queen_New
../archive/sound_files/sound_files/2022-06-13--20-06-14_1__segment2.wav,3,1,5,1,2022-06-13 20:06:14,26.89,28.1,Queen_Accepted
../archive/sound_files/sound_files/2022-06-14--03-00-15_1__segment2.wav,3,1,5,1,2022-06-14 3:00:15,20.81,38.58,Queen_Accepted
../archive/sound_files/sound_files/2022-06-14--17-49-06_1__segment0.wav,3,1,5,1,2022-06-14 17:49:06,31.94,23.93,Queen_Accepted
../archive/sound_files/sound_files/2022-06-08--14-52-28_1__segment0.wav,0,1,5,1,2022-06-08 14:52:28,36.42,30.29,Queenright
../archive/sound_files/sound_files/2022-06-08--18-20-59_1__segment4.wav,1,0,5,1,2022-06-08 18:20:59,30.51,36.74,Queenless
../archive/sound_files/sound_files/2022-06-09--19-48-22_1__segment3.wav,2,1,5,1,2022-06-09 19:48:22,30.73,29.67,Queen_New
../archive/sound_files/sound_files/2022-06-10--05-40-10_1__segment1.wav,2,1,5,1,2022-06-10 5:40:10,21.29,51.23,Queen_New
../archive/sound_files/sound_files/2022-06-14--06-57-25_1__segment0.wav,3,1,5,1,2022-06-14 6:57:25,22.96,38.21,Queen_Accepted
../archive/sound_files/sound_files/2022-06-09--00-15-56_1__segment4.wav,1,0,5,1,2022-06-09 0:15:56,22.51,49.07,Queenless
../archive/sound_files/sound_files/2022-06-09--07-10-32_1__segment1.wav,1,0,5,1,2022-06-09 7:10:32,23.76,57.41,Queenless
../archive/sound_files/sound_files/2022-06-08--17-21-53_1__segment4.wav,1,0,5,1,2022-06-08 17:21:53,29.01,42.73,Queenless
../archive/sound_files/sound_files/2022-06-14--17-49-06_1__segment3.wav,3,1,5,1,2022-06-14 17:49:06,31.94,23.93,Queen_Accepted
../archive/sound_files/sound_files/2022-06-09--09-09-25_1__segment3.wav,1,0,5,1,2022-06-09 9:09:25,28.95,44.52,Queenless
../archive/sound_files/sound_files/2022-06-08--22-17-32_1__segment2.wav,1,0,5,1,2022-06-08 22:17:32,23.89,46.37,Queenless
../archive/sound_files/sound_files/2022-06-09--11-08-21_1__segment3.wav,1,0,5,1,2022-06-09 11:08:21,34.53,31.81,Queenless
../archive/sound_files/sound_files/2022-06-09--11-08-21_1__segment0.wav,1,0,5,1,2022-06-09 11:08:21,34.53,31.81,Queenless
../archive/sound_files/sound_files/2022-06-10--18-44-38_1__segment0.wav,2,1,5,1,2022-06-10 18:44:38,31.73,38.54,Queen_New
../archive/sound_files/sound_files/2022-06-14--01-01-54_1__segment0.wav,3,1,5,1,2022-06-14 1:01:54,21.36,37.98,Queen_Accepted
../archive/sound_files/sound_files/2022-06-11--12-32-11_1__segment1.wav,2,1,5,1,2022-06-11 12:32:11,40.57,18.04,Queen_New
../archive/sound_files/sound_files/2022-06-13--19-07-11_1__segment1.wav,3,1,5,1,2022-06-13 19:07:11,28.01,22.8,Queen_Accepted
../archive/sound_files/sound_files/2022-06-10--11-36-55_1__segment2.wav,2,1,5,1,2022-06-10 11:36:55,41.07,22.68,Queen_New
../archive/sound_files/sound_files/2022-06-13--22-04-26_1__segment5.wav,3,1,5,1,2022-06-13 22:04:26,23.02,35.02,Queen_Accepted
../archive/sound_files/sound_files/2022-06-14--06-57-25_1__segment3.wav,3,1,5,1,2022-06-14 6:57:25,22.96,38.21,Queen_Accepted
../archive/sound_files/sound_files/2022-06-08--21-18-22_1__segment1.wav,1,0,5,1,2022-06-08 21:18:22,25.02,45.67,Queenless
../archive/sound_files/sound_files/2022-06-14--16-50-02_1__segment1.wav,3,1,5,1,2022-06-14 16:50:02,32.8,20.93,Queen_Accepted
../archive/sound_files/sound_files/2022-06-14--13-52-40_1__segment0.wav,3,1,5,1,2022-06-14 13:52:40,39.14,15.32,Queen_Accepted
../archive/sound_files/sound_files/2022-06-14--17-49-06_1__segment1.wav,3,1,5,1,2022-06-14 17:49:06,31.94,23.93,Queen_Accepted
../archive/sound_files/sound_files/2022-06-14--04-58-40_1__segment3.wav,3,1,5,1,2022-06-14 4:58:40,21.0,38.02,Queen_Accepted
../archive/sound_files/sound_files/2022-06-14--00-02-46_1__segment3.wav,3,1,5,1,2022-06-14 0:02:46,21.41,38.27,Queen_Accepted
../archive/sound_files/sound_files/2022-06-08--19-20-04_1__segment0.wav,1,0,5,1,2022-06-08 19:20:04,30.32,35.55,Queenless
../archive/sound_files/sound_files/2022-06-11--10-34-05_1__segment3.wav,2,1,5,1,2022-06-11 10:34:05,36.83,25.66,Queen_New
../archive/sound_files/sound_files/2022-06-14--11-55-10_1__segment4.wav,3,1,5,1,2022-06-14 11:55:10,39.09,20.87,Queen_Accepted
../archive/sound_files/sound_files/2022-06-09--00-15-56_1__segment1.wav,1,0,5,1,2022-06-09 0:15:56,22.51,49.07,Queenless
../archive/sound_files/sound_files/2022-06-14--09-56-21_1__segment5.wav,3,1,5,1,2022-06-14 9:56:21,33.83,30.3,Queen_Accepted
../archive/sound_files/sound_files/2022-06-10--01-43-17_1__segment3.wav,2,1,5,1,2022-06-10 1:43:17,22.27,50.36,Queen_New
../archive/sound_files/sound_files/2022-06-14--15-50-57_1__segment0.wav,3,1,5,1,2022-06-14 15:50:57,35.18,13.76,Queen_Accepted
../archive/sound_files/sound_files/2022-06-10--23-40-10_1__segment5.wav,2,1,5,1,2022-06-10 23:40:10,24.41,53.4,Queen_New
../archive/sound_files/sound_files/2022-06-11--12-32-11_1__segment0.wav,2,1,5,1,2022-06-11 12:32:11,40.57,18.04,Queen_New
../archive/sound_files/sound_files/2022-06-09--09-09-25_1__segment1.wav,1,0,5,1,2022-06-09 9:09:25,28.95,44.52,Queenless
../archive/sound_files/sound_files/2022-06-14--06-57-25_1__segment4.wav,3,1,5,1,2022-06-14 6:57:25,22.96,38.21,Queen_Accepted
../archive/sound_files/sound_files/2022-06-09--11-08-21_1__segment1.wav,1,0,5,1,2022-06-09 11:08:21,34.53,31.81,Queenless
../archive/sound_files/sound_files/2022-06-09--07-10-32_1__segment2.wav,1,0,5,1,2022-06-09 7:10:32,23.76,57.41,Queenless
../archive/sound_files/sound_files/2022-06-11--04-35-57_1__segment2.wav,2,1,5,1,2022-06-11 4:35:57,20.07,62.35,Queen_New
../archive/sound_files/sound_files/2022-06-11--08-33-52_1__segment0.wav,2,1,5,1,2022-06-11 8:33:52,28.71,46.45,Queen_New
../archive/sound_files/sound_files/2022-06-10--00-44-04_1__segment1.wav,2,1,5,1,2022-06-10 0:44:04,22.79,49.53,Queen_New
../archive/sound_files/sound_files/2022-06-10--22-41-03_1__segment4.wav,2,1,5,1,2022-06-10 22:41:03,25.58,48.76,Queen_New
../archive/sound_files/sound_files/2022-06-11--12-32-11_1__segment3.wav,2,1,5,1,2022-06-11 12:32:11,40.57,18.04,Queen_New
../archive/sound_files/sound_files/2022-06-08--14-52-28_1__segment2.wav,0,1,5,1,2022-06-08 14:52:28,36.42,30.29,Queenright
../archive/sound_files/sound_files/2022-06-14--08-56-49_1__segment0.wav,3,1,5,1,2022-06-14 8:56:49,30.05,37.19,Queen_Accepted
../archive/sound_files/sound_files/2022-06-10--21-41-55_1__segment0.wav,2,1,5,1,2022-06-10 21:41:55,26.78,46.75,Queen_New
../archive/sound_files/sound_files/2022-06-14--15-50-57_1__segment4.wav,3,1,5,1,2022-06-14 15:50:57,35.18,13.76,Queen_Accepted
../archive/sound_files/sound_files/2022-06-09--03-13-35_1__segment2.wav,1,0,5,1,2022-06-09 3:13:35,22.04,47.06,Queenless
../archive/sound_files/sound_files/2022-06-14--03-00-15_1__segment1.wav,3,1,5,1,2022-06-14 3:00:15,20.81,38.58,Queen_Accepted
../archive/sound_files/sound_files/2022-06-10--04-40-57_1__segment2.wav,2,1,5,1,2022-06-10 4:40:57,21.19,52.7,Queen_New
../archive/sound_files/sound_files/2022-06-14--03-00-15_1__segment4.wav,3,1,5,1,2022-06-14 3:00:15,20.81,38.58,Queen_Accepted
../archive/sound_files/sound_files/2022-06-13--19-07-11_1__segment2.wav,3,1,5,1,2022-06-13 19:07:11,28.01,22.8,Queen_Accepted
../archive/sound_files/sound_files/2022-06-11--05-35-09_1__segment1.wav,2,1,5,1,2022-06-11 5:35:09,19.52,62.04,Queen_New
../archive/sound_files/sound_files/2022-06-08--15-51-41_1__segment5.wav,0,1,5,1,2022-06-08 15:51:41,33.56,33.98,Queenright
../archive/sound_files/sound_files/2022-06-10--09-37-53_1__segment0.wav,2,1,5,1,2022-06-10 9:37:53,34.7,33.04,Queen_New
../archive/sound_files/sound_files/2022-06-08--19-20-04_1__segment3.wav,1,0,5,1,2022-06-08 19:20:04,30.32,35.55,Queenless
../archive/sound_files/sound_files/2022-06-10--14-34-28_1__segment4.wav,2,1,5,1,2022-06-10 14:34:28,41.32,17.26,Queen_New
../archive/sound_files/sound_files/2022-06-10--21-41-55_1__segment2.wav,2,1,5,1,2022-06-10 21:41:55,26.78,46.75,Queen_New
../archive/sound_files/sound_files/2022-06-11--01-38-28_1__segment2.wav,2,1,5,1,2022-06-11 1:38:28,22.45,58.39,Queen_New
../archive/sound_files/sound_files/2022-06-11--08-33-52_1__segment3.wav,2,1,5,1,2022-06-11 8:33:52,28.71,46.45,Queen_New
../archive/sound_files/sound_files/2022-06-09--04-12-49_1__segment4.wav,1,0,5,1,2022-06-09 4:12:49,21.56,46.82,Queenless
../archive/sound_files/sound_files/2022-06-09--01-15-08_1__segment3.wav,1,0,5,1,2022-06-09 1:15:08,22.21,48.16,Queenless
../archive/sound_files/sound_files/2022-06-10--20-42-49_1__segment0.wav,2,1,5,1,2022-06-10 20:42:49,28.6,41.06,Queen_New
../archive/sound_files/sound_files/2022-06-14--05-57-50_1__segment2.wav,3,1,5,1,2022-06-14 5:57:50,21.7,39.05,Queen_Accepted
../archive/sound_files/sound_files/2022-06-14--14-51-53_1__segment1.wav,3,1,5,1,2022-06-14 14:51:53,36.77,16.35,Queen_Accepted
../archive/sound_files/sound_files/2022-06-08--17-21-53_1__segment0.wav,1,0,5,1,2022-06-08 17:21:53,29.01,42.73,Queenless
../archive/sound_files/sound_files/2022-06-14--10-55-49_1__segment4.wav,3,1,5,1,2022-06-14 10:55:49,36.92,24.44,Queen_Accepted
../archive/sound_files/sound_files/2022-06-14--04-58-40_1__segment1.wav,3,1,5,1,2022-06-14 4:58:40,21.0,38.02,Queen_Accepted
../archive/sound_files/sound_files/2022-06-10--01-43-17_1__segment0.wav,2,1,5,1,2022-06-10 1:43:17,22.27,50.36,Queen_New
../archive/sound_files/sound_files/2022-06-11--15-29-11_1__segment3.wav,2,1,5,1,2022-06-11 15:29:11,36.09,32.06,Queen_New
../archive/sound_files/sound_files/2022-06-09--08-09-59_1__segment0.wav,1,0,5,1,2022-06-09 8:09:59,26.04,48.01,Queenless
../archive/sound_files/sound_files/2022-06-11--01-38-28_1__segment4.wav,2,1,5,1,2022-06-11 1:38:28,22.45,58.39,Queen_New
../archive/sound_files/sound_files/2022-06-14--07-57-11_1__segment2.wav,3,1,5,1,2022-06-14 7:57:11,25.79,39.21,Queen_Accepted
../archive/sound_files/sound_files/2022-06-14--02-01-04_1__segment5.wav,3,1,5,1,2022-06-14 2:01:04,20.88,38.12,Queen_Accepted
../archive/sound_files/sound_files/2022-06-10--10-37-28_1__segment2.wav,2,1,5,1,2022-06-10 10:37:28,38.47,26.42,Queen_New
../archive/sound_files/sound_files/2022-06-13--22-04-26_1__segment3.wav,3,1,5,1,2022-06-13 22:04:26,23.02,35.02,Queen_Accepted
../archive/sound_files/sound_files/2022-06-10--12-36-08_1__segment2.wav,2,1,5,1,2022-06-10 12:36:08,42.57,21.37,Queen_New
../archive/sound_files/sound_files/2022-06-14--04-58-40_1__segment4.wav,3,1,5,1,2022-06-14 4:58:40,21.0,38.02,Queen_Accepted
../archive/sound_files/sound_files/2022-06-10--01-43-17_1__segment4.wav,2,1,5,1,2022-06-10 1:43:17,22.27,50.36,Queen_New
../archive/sound_files/sound_files/2022-06-11--14-30-02_1__segment5.wav,2,1,5,1,2022-06-11 14:30:02,37.97,27.61,Queen_New
../archive/sound_files/sound_files/2022-06-11--09-34-30_1__segment1.wav,2,1,5,1,2022-06-11 9:34:30,33.34,34.26,Queen_New
../archive/sound_files/sound_files/2022-06-11--05-35-09_1__segment3.wav,2,1,5,1,2022-06-11 5:35:09,19.52,62.04,Queen_New
../archive/sound_files/sound_files/2022-06-09--18-49-09_1__segment0.wav,2,1,5,1,2022-06-09 18:49:09,31.19,39.57,Queen_New
../archive/sound_files/sound_files/2022-06-08--21-18-22_1__segment0.wav,1,0,5,1,2022-06-08 21:18:22,25.02,45.67,Queenless
../archive/sound_files/sound_files/2022-06-11--12-32-11_1__segment2.wav,2,1,5,1,2022-06-11 12:32:11,40.57,18.04,Queen_New
../archive/sound_files/sound_files/2022-06-09--18-49-09_1__segment5.wav,2,1,5,1,2022-06-09 18:49:09,31.19,39.57,Queen_New
../archive/sound_files/sound_files/2022-06-11--02-37-38_1__segment2.wav,2,1,5,1,2022-06-11 2:37:38,21.45,61.18,Queen_New
../archive/sound_files/sound_files/2022-06-14--05-57-50_1__segment1.wav,3,1,5,1,2022-06-14 5:57:50,21.7,39.05,Queen_Accepted
../archive/sound_files/sound_files/2022-06-09--01-15-08_1__segment1.wav,1,0,5,1,2022-06-09 1:15:08,22.21,48.16,Queenless
../archive/sound_files/sound_files/2022-06-11--01-38-28_1__segment1.wav,2,1,5,1,2022-06-11 1:38:28,22.45,58.39,Queen_New
../archive/sound_files/sound_files/2022-06-10--19-43-44_1__segment1.wav,2,1,5,1,2022-06-10 19:43:44,30.26,36.54,Queen_New
../archive/sound_files/sound_files/2022-06-08--14-52-28_1__segment1.wav,0,1,5,1,2022-06-08 14:52:28,36.42,30.29,Queenright
../archive/sound_files/sound_files/2022-06-11--06-34-24_1__segment2.wav,2,1,5,1,2022-06-11 6:34:24,19.87,59.59,Queen_New
../archive/sound_files/sound_files/2022-06-13--18-08-05_1__segment2.wav,3,1,5,1,2022-06-13 18:08:05,25.73,28.22,Queen_Accepted
../archive/sound_files/sound_files/2022-06-11--07-34-54_1__segment4.wav,2,1,5,1,2022-06-11 7:34:54,23.36,57.19,Queen_New
../archive/sound_files/sound_files/2022-06-09--05-12-03_1__segment2.wav,1,0,5,1,2022-06-09 5:12:03,21.32,47.32,Queenless
../archive/sound_files/sound_files/2022-06-10--19-43-44_1__segment4.wav,2,1,5,1,2022-06-10 19:43:44,30.26,36.54,Queen_New
../archive/sound_files/sound_files/2022-06-10--06-39-26_1__segment0.wav,2,1,5,1,2022-06-10 6:39:26,21.95,51.43,Queen_New
../archive/sound_files/sound_files/2022-06-11--06-34-24_1__segment3.wav,2,1,5,1,2022-06-11 6:34:24,19.87,59.59,Queen_New
../archive/sound_files/sound_files/2022-06-09--13-07-21_1__segment1.wav,1,0,5,1,2022-06-09 13:07:21,40.32,20.04,Queenless
../archive/sound_files/sound_files/2022-06-11--00-39-19_1__segment0.wav,2,1,5,1,2022-06-11 0:39:19,23.44,55.81,Queen_New
../archive/sound_files/sound_files/2022-06-13--23-03-36_1__segment5.wav,3,1,5,1,2022-06-13 23:03:36,21.92,36.51,Queen_Accepted
../archive/sound_files/sound_files/2022-06-11--11-33-26_1__segment3.wav,2,1,5,1,2022-06-11 11:33:26,39.7,21.21,Queen_New
../archive/sound_files/sound_files/2022-06-10--06-39-26_1__segment4.wav,2,1,5,1,2022-06-10 6:39:26,21.95,51.43,Queen_New
../archive/sound_files/sound_files/2022-06-10--06-39-26_1__segment3.wav,2,1,5,1,2022-06-10 6:39:26,21.95,51.43,Queen_New
../archive/sound_files/sound_files/2022-06-10--06-39-26_1__segment5.wav,2,1,5,1,2022-06-10 6:39:26,21.95,51.43,Queen_New
../archive/sound_files/sound_files/2022-06-11--07-34-54_1__segment0.wav,2,1,5,1,2022-06-11 7:34:54,23.36,57.19,Queen_New
../archive/sound_files/sound_files/2022-06-09--20-47-28_1__segment1.wav,2,1,5,1,2022-06-09 20:47:28,28.23,35.42,Queen_New
../archive/sound_files/sound_files/2022-06-13--22-04-26_1__segment0.wav,3,1,5,1,2022-06-13 22:04:26,23.02,35.02,Queen_Accepted
../archive/sound_files/sound_files/2022-06-11--08-33-52_1__segment4.wav,2,1,5,1,2022-06-11 8:33:52,28.71,46.45,Queen_New
../archive/sound_files/sound_files/2022-06-09--10-08-51_1__segment4.wav,1,0,5,1,2022-06-09 10:08:51,31.93,38.1,Queenless
../archive/sound_files/sound_files/2022-06-09--23-44-54_1__segment0.wav,2,1,5,1,2022-06-09 23:44:54,23.84,47.34,Queen_New
../archive/sound_files/sound_files/2022-06-11--06-34-24_1__segment4.wav,2,1,5,1,2022-06-11 6:34:24,19.87,59.59,Queen_New
../archive/sound_files/sound_files/2022-06-08--23-16-44_1__segment0.wav,1,0,5,1,2022-06-08 23:16:44,22.86,48.23,Queenless
../archive/sound_files/sound_files/2022-06-09--20-47-28_1__segment4.wav,2,1,5,1,2022-06-09 20:47:28,28.23,35.42,Queen_New
../archive/sound_files/sound_files/2022-06-14--08-56-49_1__segment1.wav,3,1,5,1,2022-06-14 8:56:49,30.05,37.19,Queen_Accepted
../archive/sound_files/sound_files/2022-06-10--20-42-49_1__segment3.wav,2,1,5,1,2022-06-10 20:42:49,28.6,41.06,Queen_New
../archive/sound_files/sound_files/2022-06-10--03-41-45_1__segment5.wav,2,1,5,1,2022-06-10 3:41:45,21.53,51.6,Queen_New
../archive/sound_files/sound_files/2022-06-08--21-18-22_1__segment2.wav,1,0,5,1,2022-06-08 21:18:22,25.02,45.67,Queenless
../archive/sound_files/sound_files/2022-06-10--02-42-31_1__segment0.wav,2,1,5,1,2022-06-10 2:42:31,21.91,51.37,Queen_New
../archive/sound_files/sound_files/2022-06-14--03-59-27_1__segment2.wav,3,1,5,1,2022-06-14 3:59:27,21.18,37.86,Queen_Accepted
../archive/sound_files/sound_files/2022-06-10--10-37-28_1__segment1.wav,2,1,5,1,2022-06-10 10:37:28,38.47,26.42,Queen_New
../archive/sound_files/sound_files/2022-06-10--11-36-55_1__segment3.wav,2,1,5,1,2022-06-10 11:36:55,41.07,22.68,Queen_New
../archive/sound_files/sound_files/2022-06-10--16-32-45_1__segment3.wav,2,1,5,1,2022-06-10 16:32:45,37.12,29.23,Queen_New
../archive/sound_files/sound_files/2022-06-09--08-09-59_1__segment5.wav,1,0,5,1,2022-06-09 8:09:59,26.04,48.01,Queenless
../archive/sound_files/sound_files/2022-06-08--14-52-28_1__segment4.wav,0,1,5,1,2022-06-08 14:52:28,36.42,30.29,Queenright
../archive/sound_files/sound_files/2022-06-11--03-36-48_1__segment2.wav,2,1,5,1,2022-06-11 3:36:48,20.71,62.03,Queen_New
../archive/sound_files/sound_files/2022-06-13--22-04-26_1__segment1.wav,3,1,5,1,2022-06-13 22:04:26,23.02,35.02,Queen_Accepted
../archive/sound_files/sound_files/2022-06-09--22-45-43_1__segment2.wav,2,1,5,1,2022-06-09 22:45:43,24.96,44.1,Queen_New
../archive/sound_files/sound_files/2022-06-14--16-50-02_1__segment0.wav,3,1,5,1,2022-06-14 16:50:02,32.8,20.93,Queen_Accepted
../archive/sound_files/sound_files/2022-06-11--10-34-05_1__segment2.wav,2,1,5,1,2022-06-11 10:34:05,36.83,25.66,Queen_New
../archive/sound_files/sound_files/2022-06-10--20-42-49_1__segment2.wav,2,1,5,1,2022-06-10 20:42:49,28.6,41.06,Queen_New
../archive/sound_files/sound_files/2022-06-08--15-51-41_1__segment0.wav,0,1,5,1,2022-06-08 15:51:41,33.56,33.98,Queenright
../archive/sound_files/sound_files/2022-06-09--21-46-36_1__segment2.wav,2,1,5,1,2022-06-09 21:46:36,26.26,40.48,Queen_New
../archive/sound_files/sound_files/2022-06-14--10-55-49_1__segment3.wav,3,1,5,1,2022-06-14 10:55:49,36.92,24.44,Queen_Accepted
../archive/sound_files/sound_files/2022-06-09--06-11-16_1__segment4.wav,1,0,5,1,2022-06-09 6:11:16,22.72,45.41,Queenless
../archive/sound_files/sound_files/2022-06-09--06-11-16_1__segment3.wav,1,0,5,1,2022-06-09 6:11:16,22.72,45.41,Queenless
../archive/sound_files/sound_files/2022-06-14--01-01-54_1__segment2.wav,3,1,5,1,2022-06-14 1:01:54,21.36,37.98,Queen_Accepted
../archive/sound_files/sound_files/2022-06-10--00-44-04_1__segment3.wav,2,1,5,1,2022-06-10 0:44:04,22.79,49.53,Queen_New
../archive/sound_files/sound_files/2022-06-10--04-40-57_1__segment3.wav,2,1,5,1,2022-06-10 4:40:57,21.19,52.7,Queen_New
../archive/sound_files/sound_files/2022-06-10--03-41-45_1__segment0.wav,2,1,5,1,2022-06-10 3:41:45,21.53,51.6,Queen_New
../archive/sound_files/sound_files/2022-06-11--13-31-16_1__segment2.wav,2,1,5,1,2022-06-11 13:31:16,40.09,23.01,Queen_New
../archive/sound_files/sound_files/2022-06-14--03-59-27_1__segment5.wav,3,1,5,1,2022-06-14 3:59:27,21.18,37.86,Queen_Accepted
../archive/sound_files/sound_files/2022-06-14--13-52-40_1__segment4.wav,3,1,5,1,2022-06-14 13:52:40,39.14,15.32,Queen_Accepted
../archive/sound_files/sound_files/2022-06-11--13-31-16_1__segment5.wav,2,1,5,1,2022-06-11 13:31:16,40.09,23.01,Queen_New
../archive/sound_files/sound_files/2022-06-10--16-32-45_1__segment2.wav,2,1,5,1,2022-06-10 16:32:45,37.12,29.23,Queen_New
../archive/sound_files/sound_files/2022-06-10--20-42-49_1__segment4.wav,2,1,5,1,2022-06-10 20:42:49,28.6,41.06,Queen_New
../archive/sound_files/sound_files/2022-06-09--20-47-28_1__segment5.wav,2,1,5,1,2022-06-09 20:47:28,28.23,35.42,Queen_New
../archive/sound_files/sound_files/2022-06-08--20-19-13_1__segment4.wav,1,0,5,1,2022-06-08 20:19:13,29.29,36.34,Queenless
../archive/sound_files/sound_files/2022-06-11--00-39-19_1__segment4.wav,2,1,5,1,2022-06-11 0:39:19,23.44,55.81,Queen_New
../archive/sound_files/sound_files/2022-06-09--02-14-24_1__segment2.wav,1,0,5,1,2022-06-09 2:14:24,22.11,48.18,Queenless
../archive/sound_files/sound_files/2022-06-14--01-01-54_1__segment1.wav,3,1,5,1,2022-06-14 1:01:54,21.36,37.98,Queen_Accepted
../archive/sound_files/sound_files/2022-06-08--22-17-32_1__segment0.wav,1,0,5,1,2022-06-08 22:17:32,23.89,46.37,Queenless
../archive/sound_files/sound_files/2022-06-10--13-35-20_1__segment0.wav,2,1,5,1,2022-06-10 13:35:20,42.41,19.66,Queen_New
../archive/sound_files/sound_files/2022-06-14--09-56-21_1__segment2.wav,3,1,5,1,2022-06-14 9:56:21,33.83,30.3,Queen_Accepted
../archive/sound_files/sound_files/2022-06-09--07-10-32_1__segment0.wav,1,0,5,1,2022-06-09 7:10:32,23.76,57.41,Queenless
../archive/sound_files/sound_files/2022-06-09--04-12-49_1__segment1.wav,1,0,5,1,2022-06-09 4:12:49,21.56,46.82,Queenless
../archive/sound_files/sound_files/2022-06-13--18-08-05_1__segment5.wav,3,1,5,1,2022-06-13 18:08:05,25.73,28.22,Queen_Accepted
../archive/sound_files/sound_files/2022-06-13--21-05-17_1__segment1.wav,3,1,5,1,2022-06-13 21:05:17,24.71,33.06,Queen_Accepted
../archive/sound_files/sound_files/2022-06-10--22-41-03_1__segment3.wav,2,1,5,1,2022-06-10 22:41:03,25.58,48.76,Queen_New
../archive/sound_files/sound_files/2022-06-09--16-04-23_1__segment0.wav,1,0,5,1,2022-06-09 16:04:23,34.92,23.03,Queenless
../archive/sound_files/sound_files/2022-06-14--03-59-27_1__segment3.wav,3,1,5,1,2022-06-14 3:59:27,21.18,37.86,Queen_Accepted
../archive/sound_files/sound_files/2022-06-09--18-49-09_1__segment2.wav,2,1,5,1,2022-06-09 18:49:09,31.19,39.57,Queen_New
../archive/sound_files/sound_files/2022-06-09--21-46-36_1__segment5.wav,2,1,5,1,2022-06-09 21:46:36,26.26,40.48,Queen_New
../archive/sound_files/sound_files/2022-06-10--05-40-10_1__segment5.wav,2,1,5,1,2022-06-10 5:40:10,21.29,51.23,Queen_New
../archive/sound_files/sound_files/2022-06-09--04-12-49_1__segment2.wav,1,0,5,1,2022-06-09 4:12:49,21.56,46.82,Queenless
../archive/sound_files/sound_files/2022-06-11--10-34-05_1__segment1.wav,2,1,5,1,2022-06-11 10:34:05,36.83,25.66,Queen_New
../archive/sound_files/sound_files/2022-06-13--23-03-36_1__segment0.wav,3,1,5,1,2022-06-13 23:03:36,21.92,36.51,Queen_Accepted
../archive/sound_files/sound_files/2022-06-13--20-06-14_1__segment0.wav,3,1,5,1,2022-06-13 20:06:14,26.89,28.1,Queen_Accepted
../archive/sound_files/sound_files/2022-06-08--18-20-59_1__segment1.wav,1,0,5,1,2022-06-08 18:20:59,30.51,36.74,Queenless
../archive/sound_files/sound_files/2022-06-10--08-38-24_1__segment3.wav,2,1,5,1,2022-06-10 8:38:24,30.27,40.96,Queen_New
../archive/sound_files/sound_files/2022-06-14--12-53-59_1__segment5.wav,3,1,5,1,2022-06-14 12:53:59,40.31,17.0,Queen_Accepted
../archive/sound_files/sound_files/2022-06-08--22-17-32_1__segment3.wav,1,0,5,1,2022-06-08 22:17:32,23.89,46.37,Queenless
../archive/sound_files/sound_files/2022-06-09--13-07-21_1__segment2.wav,1,0,5,1,2022-06-09 13:07:21,40.32,20.04,Queenless
../archive/sound_files/sound_files/2022-06-11--02-37-38_1__segment1.wav,2,1,5,1,2022-06-11 2:37:38,21.45,61.18,Queen_New
../archive/sound_files/sound_files/2022-06-10--05-40-10_1__segment0.wav,2,1,5,1,2022-06-10 5:40:10,21.29,51.23,Queen_New
../archive/sound_files/sound_files/2022-06-14--11-55-10_1__segment5.wav,3,1,5,1,2022-06-14 11:55:10,39.09,20.87,Queen_Accepted
../archive/sound_files/sound_files/2022-06-09--19-48-22_1__segment1.wav,2,1,5,1,2022-06-09 19:48:22,30.73,29.67,Queen_New
../archive/sound_files/sound_files/2022-06-09--00-15-56_1__segment3.wav,1,0,5,1,2022-06-09 0:15:56,22.51,49.07,Queenless
../archive/sound_files/sound_files/2022-06-10--18-44-38_1__segment3.wav,2,1,5,1,2022-06-10 18:44:38,31.73,38.54,Queen_New
../archive/sound_files/sound_files/2022-06-14--15-50-57_1__segment3.wav,3,1,5,1,2022-06-14 15:50:57,35.18,13.76,Queen_Accepted
../archive/sound_files/sound_files/2022-06-09--09-09-25_1__segment4.wav,1,0,5,1,2022-06-09 9:09:25,28.95,44.52,Queenless
../archive/sound_files/sound_files/2022-06-10--18-44-38_1__segment1.wav,2,1,5,1,2022-06-10 18:44:38,31.73,38.54,Queen_New
../archive/sound_files/sound_files/2022-06-11--00-39-19_1__segment3.wav,2,1,5,1,2022-06-11 0:39:19,23.44,55.81,Queen_New
../archive/sound_files/sound_files/2022-06-11--09-34-30_1__segment0.wav,2,1,5,1,2022-06-11 9:34:30,33.34,34.26,Queen_New
../archive/sound_files/sound_files/2022-06-14--15-50-57_1__segment1.wav,3,1,5,1,2022-06-14 15:50:57,35.18,13.76,Queen_Accepted
../archive/sound_files/sound_files/2022-06-14--06-57-25_1__segment1.wav,3,1,5,1,2022-06-14 6:57:25,22.96,38.21,Queen_Accepted
../archive/sound_files/sound_files/2022-06-09--13-07-21_1__segment5.wav,1,0,5,1,2022-06-09 13:07:21,40.32,20.04,Queenless
../archive/sound_files/sound_files/2022-06-09--12-07-53_1__segment4.wav,1,0,5,1,2022-06-09 12:07:53,38.69,25.04,Queenless
../archive/sound_files/sound_files/2022-06-10--14-34-28_1__segment2.wav,2,1,5,1,2022-06-10 14:34:28,41.32,17.26,Queen_New
../archive/sound_files/sound_files/2022-06-10--03-41-45_1__segment1.wav,2,1,5,1,2022-06-10 3:41:45,21.53,51.6,Queen_New
../archive/sound_files/sound_files/2022-06-10--12-36-08_1__segment1.wav,2,1,5,1,2022-06-10 12:36:08,42.57,21.37,Queen_New
../archive/sound_files/sound_files/2022-06-10--22-41-03_1__segment1.wav,2,1,5,1,2022-06-10 22:41:03,25.58,48.76,Queen_New
../archive/sound_files/sound_files/2022-06-10--21-41-55_1__segment4.wav,2,1,5,1,2022-06-10 21:41:55,26.78,46.75,Queen_New
../archive/sound_files/sound_files/2022-06-10--19-43-44_1__segment3.wav,2,1,5,1,2022-06-10 19:43:44,30.26,36.54,Queen_New
../archive/sound_files/sound_files/2022-06-11--00-39-19_1__segment2.wav,2,1,5,1,2022-06-11 0:39:19,23.44,55.81,Queen_New
../archive/sound_files/sound_files/2022-06-08--23-16-44_1__segment4.wav,1,0,5,1,2022-06-08 23:16:44,22.86,48.23,Queenless
../archive/sound_files/sound_files/2022-06-09--20-47-28_1__segment3.wav,2,1,5,1,2022-06-09 20:47:28,28.23,35.42,Queen_New
../archive/sound_files/sound_files/2022-06-14--11-55-10_1__segment1.wav,3,1,5,1,2022-06-14 11:55:10,39.09,20.87,Queen_Accepted
../archive/sound_files/sound_files/2022-06-10--01-43-17_1__segment2.wav,2,1,5,1,2022-06-10 1:43:17,22.27,50.36,Queen_New
../archive/sound_files/sound_files/2022-06-08--22-17-32_1__segment4.wav,1,0,5,1,2022-06-08 22:17:32,23.89,46.37,Queenless
../archive/sound_files/sound_files/2022-06-11--03-36-48_1__segment1.wav,2,1,5,1,2022-06-11 3:36:48,20.71,62.03,Queen_New
../archive/sound_files/sound_files/2022-06-13--22-04-26_1__segment2.wav,3,1,5,1,2022-06-13 22:04:26,23.02,35.02,Queen_Accepted
../archive/sound_files/sound_files/2022-06-09--13-07-21_1__segment3.wav,1,0,5,1,2022-06-09 13:07:21,40.32,20.04,Queenless
../archive/sound_files/sound_files/2022-06-10--21-41-55_1__segment5.wav,2,1,5,1,2022-06-10 21:41:55,26.78,46.75,Queen_New
../archive/sound_files/sound_files/2022-06-09--16-04-23_1__segment5.wav,1,0,5,1,2022-06-09 16:04:23,34.92,23.03,Queenless
../archive/sound_files/sound_files/2022-06-14--03-00-15_1__segment0.wav,3,1,5,1,2022-06-14 3:00:15,20.81,38.58,Queen_Accepted
../archive/sound_files/sound_files/2022-06-10--14-34-28_1__segment1.wav,2,1,5,1,2022-06-10 14:34:28,41.32,17.26,Queen_New
../archive/sound_files/sound_files/2022-06-09--12-07-53_1__segment2.wav,1,0,5,1,2022-06-09 12:07:53,38.69,25.04,Queenless
../archive/sound_files/sound_files/2022-06-10--03-41-45_1__segment3.wav,2,1,5,1,2022-06-10 3:41:45,21.53,51.6,Queen_New
../archive/sound_files/sound_files/2022-06-11--08-33-52_1__segment1.wav,2,1,5,1,2022-06-11 8:33:52,28.71,46.45,Queen_New
../archive/sound_files/sound_files/2022-06-14--14-51-53_1__segment0.wav,3,1,5,1,2022-06-14 14:51:53,36.77,16.35,Queen_Accepted
../archive/sound_files/sound_files/2022-06-08--20-19-13_1__segment1.wav,1,0,5,1,2022-06-08 20:19:13,29.29,36.34,Queenless
../archive/sound_files/sound_files/2022-06-08--20-19-13_1__segment0.wav,1,0,5,1,2022-06-08 20:19:13,29.29,36.34,Queenless
../archive/sound_files/sound_files/2022-06-14--11-55-10_1__segment2.wav,3,1,5,1,2022-06-14 11:55:10,39.09,20.87,Queen_Accepted
../archive/sound_files/sound_files/2022-06-09--17-03-35_1__segment2.wav,1,0,5,1,2022-06-09 17:03:35,33.61,23.65,Queenless
../archive/sound_files/sound_files/2022-06-09--14-06-06_1__segment0.wav,1,0,5,1,2022-06-09 14:06:06,38.99,18.2,Queenless
../archive/sound_files/sound_files/2022-06-14--05-57-50_1__segment0.wav,3,1,5,1,2022-06-14 5:57:50,21.7,39.05,Queen_Accepted
../archive/sound_files/sound_files/2022-06-09--22-45-43_1__segment1.wav,2,1,5,1,2022-06-09 22:45:43,24.96,44.1,Queen_New
../archive/sound_files/sound_files/2022-06-09--12-07-53_1__segment3.wav,1,0,5,1,2022-06-09 12:07:53,38.69,25.04,Queenless
../archive/sound_files/sound_files/2022-06-14--00-02-46_1__segment4.wav,3,1,5,1,2022-06-14 0:02:46,21.41,38.27,Queen_Accepted
../archive/sound_files/sound_files/2022-06-10--19-43-44_1__segment5.wav,2,1,5,1,2022-06-10 19:43:44,30.26,36.54,Queen_New
../archive/sound_files/sound_files/2022-06-09--14-06-06_1__segment2.wav,1,0,5,1,2022-06-09 14:06:06,38.99,18.2,Queenless
../archive/sound_files/sound_files/2022-06-11--04-35-57_1__segment1.wav,2,1,5,1,2022-06-11 4:35:57,20.07,62.35,Queen_New
../archive/sound_files/sound_files/2022-06-09--00-15-56_1__segment0.wav,1,0,5,1,2022-06-09 0:15:56,22.51,49.07,Queenless
../archive/sound_files/sound_files/2022-06-11--05-35-09_1__segment4.wav,2,1,5,1,2022-06-11 5:35:09,19.52,62.04,Queen_New
../archive/sound_files/sound_files/2022-06-10--19-43-44_1__segment0.wav,2,1,5,1,2022-06-10 19:43:44,30.26,36.54,Queen_New
../archive/sound_files/sound_files/2022-06-11--02-37-38_1__segment4.wav,2,1,5,1,2022-06-11 2:37:38,21.45,61.18,Queen_New
../archive/sound_files/sound_files/2022-06-14--00-02-46_1__segment1.wav,3,1,5,1,2022-06-14 0:02:46,21.41,38.27,Queen_Accepted
../archive/sound_files/sound_files/2022-06-09--21-46-36_1__segment1.wav,2,1,5,1,2022-06-09 21:46:36,26.26,40.48,Queen_New
../archive/sound_files/sound_files/2022-06-09--23-44-54_1__segment3.wav,2,1,5,1,2022-06-09 23:44:54,23.84,47.34,Queen_New
../archive/sound_files/sound_files/2022-06-10--07-39-02_1__segment4.wav,2,1,5,1,2022-06-10 7:39:02,25.48,53.33,Queen_New
../archive/sound_files/sound_files/2022-06-13--19-07-11_1__segment4.wav,3,1,5,1,2022-06-13 19:07:11,28.01,22.8,Queen_Accepted
../archive/sound_files/sound_files/2022-06-11--14-30-02_1__segment2.wav,2,1,5,1,2022-06-11 14:30:02,37.97,27.61,Queen_New
../archive/sound_files/sound_files/2022-06-09--08-09-59_1__segment4.wav,1,0,5,1,2022-06-09 8:09:59,26.04,48.01,Queenless
../archive/sound_files/sound_files/2022-06-08--15-51-41_1__segment3.wav,0,1,5,1,2022-06-08 15:51:41,33.56,33.98,Queenright
../archive/sound_files/sound_files/2022-06-14--12-53-59_1__segment1.wav,3,1,5,1,2022-06-14 12:53:59,40.31,17.0,Queen_Accepted
../archive/sound_files/sound_files/2022-06-10--18-44-38_1__segment4.wav,2,1,5,1,2022-06-10 18:44:38,31.73,38.54,Queen_New
../archive/sound_files/sound_files/2022-06-08--23-16-44_1__segment3.wav,1,0,5,1,2022-06-08 23:16:44,22.86,48.23,Queenless
../archive/sound_files/sound_files/2022-06-10--22-41-03_1__segment5.wav,2,1,5,1,2022-06-10 22:41:03,25.58,48.76,Queen_New
../archive/sound_files/sound_files/2022-06-13--20-06-14_1__segment5.wav,3,1,5,1,2022-06-13 20:06:14,26.89,28.1,Queen_Accepted
../archive/sound_files/sound_files/2022-06-10--09-37-53_1__segment3.wav,2,1,5,1,2022-06-10 9:37:53,34.7,33.04,Queen_New
../archive/sound_files/sound_files/2022-06-09--23-44-54_1__segment5.wav,2,1,5,1,2022-06-09 23:44:54,23.84,47.34,Queen_New
../archive/sound_files/sound_files/2022-06-10--11-36-55_1__segment0.wav,2,1,5,1,2022-06-10 11:36:55,41.07,22.68,Queen_New
../archive/sound_files/sound_files/2022-06-14--16-50-02_1__segment2.wav,3,1,5,1,2022-06-14 16:50:02,32.8,20.93,Queen_Accepted
../archive/sound_files/sound_files/2022-06-14--00-02-46_1__segment0.wav,3,1,5,1,2022-06-14 0:02:46,21.41,38.27,Queen_Accepted
../archive/sound_files/sound_files/2022-06-09--20-47-28_1__segment0.wav,2,1,5,1,2022-06-09 20:47:28,28.23,35.42,Queen_New
../archive/sound_files/sound_files/2022-06-09--16-04-23_1__segment3.wav,1,0,5,1,2022-06-09 16:04:23,34.92,23.03,Queenless
../archive/sound_files/sound_files/2022-06-09--23-44-54_1__segment1.wav,2,1,5,1,2022-06-09 23:44:54,23.84,47.34,Queen_New
../archive/sound_files/sound_files/2022-06-09--03-13-35_1__segment4.wav,1,0,5,1,2022-06-09 3:13:35,22.04,47.06,Queenless
../archive/sound_files/sound_files/2022-06-14--15-50-57_1__segment2.wav,3,1,5,1,2022-06-14 15:50:57,35.18,13.76,Queen_Accepted
../archive/sound_files/sound_files/2022-06-10--13-35-20_1__segment2.wav,2,1,5,1,2022-06-10 13:35:20,42.41,19.66,Queen_New
../archive/sound_files/sound_files/2022-06-11--11-33-26_1__segment1.wav,2,1,5,1,2022-06-11 11:33:26,39.7,21.21,Queen_New
../archive/sound_files/sound_files/2022-06-10--06-39-26_1__segment2.wav,2,1,5,1,2022-06-10 6:39:26,21.95,51.43,Queen_New
../archive/sound_files/sound_files/2022-06-09--14-06-06_1__segment1.wav,1,0,5,1,2022-06-09 14:06:06,38.99,18.2,Queenless
../archive/sound_files/sound_files/2022-06-09--15-05-10_1__segment5.wav,1,0,5,1,2022-06-09 15:05:10,36.55,23.44,Queenless
../archive/sound_files/sound_files/2022-06-14--16-50-02_1__segment4.wav,3,1,5,1,2022-06-14 16:50:02,32.8,20.93,Queen_Accepted
../archive/sound_files/sound_files/2022-06-09--19-48-22_1__segment0.wav,2,1,5,1,2022-06-09 19:48:22,30.73,29.67,Queen_New
../archive/sound_files/sound_files/2022-06-09--18-49-09_1__segment4.wav,2,1,5,1,2022-06-09 18:49:09,31.19,39.57,Queen_New
../archive/sound_files/sound_files/2022-06-10--23-40-10_1__segment1.wav,2,1,5,1,2022-06-10 23:40:10,24.41,53.4,Queen_New
../archive/sound_files/sound_files/2022-06-09--15-05-10_1__segment1.wav,1,0,5,1,2022-06-09 15:05:10,36.55,23.44,Queenless
../archive/sound_files/sound_files/2022-06-09--05-12-03_1__segment4.wav,1,0,5,1,2022-06-09 5:12:03,21.32,47.32,Queenless
../archive/sound_files/sound_files/2022-06-08--18-20-59_1__segment3.wav,1,0,5,1,2022-06-08 18:20:59,30.51,36.74,Queenless
../archive/sound_files/sound_files/2022-06-10--01-43-17_1__segment5.wav,2,1,5,1,2022-06-10 1:43:17,22.27,50.36,Queen_New
../archive/sound_files/sound_files/2022-06-09--23-44-54_1__segment4.wav,2,1,5,1,2022-06-09 23:44:54,23.84,47.34,Queen_New
../archive/sound_files/sound_files/2022-06-11--13-31-16_1__segment0.wav,2,1,5,1,2022-06-11 13:31:16,40.09,23.01,Queen_New
../archive/sound_files/sound_files/2022-06-09--09-09-25_1__segment2.wav,1,0,5,1,2022-06-09 9:09:25,28.95,44.52,Queenless
