{
  "mean": [
    -135.62960084784658,
    112.12644909317538,
    -60.313057586734416,
    64.11729386172777,
    -59.80151317773801,
    42.629533840930556,
    -37.78433148614871,
    25.200443175780432,
    -20.73970828655951,
    0.0714633671349734,
    -3.9823642130093564,
    -15.012336999524349,
    7.676653703730114,
    -0.0761392246276441,
    0.06613665158517547,
    -0.050451715013223236,
    0.04463254342089062,
    -0.04318137362867426,
    0.030875803362346497,
    -0.028218002258639074,
    0.01808566324404287,
    -0.014636419851226904,
    0.0019881635936930446,
    -0.0022855822400004726,
    -0.00816727829271909,
    0.005755563546167431,
    0.039057063873366715,
    -0.06852615511036048,
    0.05825477355376888,
    -0.05240705677105315,
    0.04787095002598099,
    -0.03747288820458113,
    0.030588331701583794,
    -0.021880798688960767,
    0.014051781581606866,
    -0.004457048971297342,
    -0.0003103566504989625,
    0.00796795952856283,
    -0.009755190214577466,
    13.165980289040338,
    8.322936367257963,
    7.684127053142896,
    6.6683994146584205,
    6.04564499309173,
    5.235077549177562,
    4.695346032032122,
    4.085761433757917,
    3.6797221091986962,
    3.360048509979382,
    3.239310540376981,
    3.2859509799336832,
    3.292644255553471,
    2.004628371808175,
    1.454777371299733,
    1.359643814544016,
    1.1892013508759574,
    1.0662550409050549,
    0.9339722424913519,
    0.8200299674858296,
    0.7170904594361677,
    0.6292790924423637,
    0.5683532431537982,
    0.547576683067906,
    0.5522094071068869,
    0.5652274172589072,
    1.48881887751866,
    1.077275041282156,
    0.9913986449921455,
    0.883301210932515,
    0.7954483390452787,
    0.6995247530660061,
    0.6216026410833132,
    0.5496847460695286,
    0.48761735512215976,
    0.4451539543768645,
    0.43243786715451327,
    0.4368718315431584,
    0.44415165073500423
  ],
  "scale": [
    121.75030910462218,
    16.478684577815844,
    8.584045072737446,
    7.806816899797024,
    5.475777093296871,
    6.324039931111711,
    4.674656053108615,
    5.5028443688903526,
    3.8382889800303235,
    3.7251799879087053,
    3.752616754274948,
    2.915297067496756,
    2.4903483206958703,
    0.15722886350446935,
    0.03938217360227926,
    0.037059251545245295,
    0.032675841459274074,
    0.027794576531845624,
    0.02661284974635283,
    0.020808382908176017,
    0.018108910071531995,
    0.015133168316013185,
    0.01502677091849434,
    0.013208502283442542,
    0.012838338543616327,
    0.01339645940475418,
    0.055140686497549156,
    0.027536926784736765,
    0.026627172158602438,
    0.022986218757628598,
    0.019992764207523456,
    0.018922733222934647,
    0.014928895997360248,
    0.012953697004936584,
    0.01001032231807346,
    0.009160256054154818,
    0.008391514549612731,
    0.007885898692765389,
    0.008744972581856685,
    10.29803569171102,
    4.225557339949446,
    3.4556731297065677,
    3.05459508524986,
    2.7040859609276904,
    2.1537248174277415,
    1.644350479006899,
    1.0796002774115914,
    0.6567801755523599,
    0.44326903297149,
    0.313702793495714,
    0.35188837574858306,
    0.3821719339374601,
    1.3018367749894362,
    0.8441415691378471,
    0.7520268017717286,
    0.66689037906411,
    0.5932777390167085,
    0.47593194134024314,
    0.36266520993772156,
    0.24850920445331587,
    0.1480964689775039,
    0.09510188889687496,
    0.07044421386628869,
    0.07688777513976383,
    0.09383857469530699,
    1.0320208025548072,
    0.6225834867158867,
    0.544184636747151,
    0.4815447258233534,
    0.4244096414741158,
    0.3355729887245606,
    0.2600685282457053,
    0.17228793586011468,
    0.10425543583230519,
    0.06599112217137038,
    0.049961536819681275,
    0.05468203480253491,
    0.06479746737061848
  ],
  "n_features": 78
}